{"id": "2f8179ad-016b-401c-b107-6b328efc58ce", "code": "# EVOLVE-BLOCK-START\n\"\"\"Function minimization example for OpenEvolve\"\"\"\nimport numpy as np\n\n\ndef search_algorithm(iterations=1000, bounds=(-5, 5)):\n    \"\"\"\n    A simple random search algorithm that often gets stuck in local minima.\n\n    Args:\n        iterations: Number of iterations to run\n        bounds: Bounds for the search space (min, max)\n\n    Returns:\n        Tuple of (best_x, best_y, best_value)\n    \"\"\"\n    # Initialize with a random point\n    best_x = np.random.uniform(bounds[0], bounds[1])\n    best_y = np.random.uniform(bounds[0], bounds[1])\n    best_value = evaluate_function(best_x, best_y)\n\n    # Parameters for the hybrid search strategy\n    initial_global_search_prob = 0.15  # Initial probability of performing a global random jump\n    adaptive_global_increase_factor = 0.0005 # Factor to increase global_search_prob when stuck\n    no_improvement_threshold = 50 # Number of iterations without improvement to trigger increase\n    \n    initial_local_step_factor = 0.8  # Initial relative range for local search (e.g., 0.8 * total_range)\n    final_local_step_factor = 0.005 # Final relative range for local search (e.g., 0.005 * total_range)\n    local_search_attempts = 3 # Number of local candidates to try per iteration\n    \n    search_range = bounds[1] - bounds[0] # Total range of the search space\n    global_search_prob = initial_global_search_prob\n    iterations_since_last_improvement = 0\n\n    for i in range(iterations):\n        # Adapt global search probability if stuck\n        if iterations_since_last_improvement >= no_improvement_threshold:\n            global_search_prob = min(0.5, global_search_prob + adaptive_global_increase_factor * iterations_since_last_improvement)\n            iterations_since_last_improvement = 0 # Reset counter\n\n        # Determine whether to perform a global jump or a local perturbation\n        if np.random.rand() < global_search_prob:\n            # Global random search: explore new, distant areas to escape local minima\n            x = np.random.uniform(bounds[0], bounds[1])\n            y = np.random.uniform(bounds[0], bounds[1])\n            iterations_since_last_improvement += 1 # Count global jumps as not an improvement in local sense\n        else:\n            # Local search: exploit promising regions around the current best point\n            # The step size for local search decreases linearly over iterations (annealing-like behavior)\n            t = i / iterations # Normalized iteration progress (0 to 1)\n            current_local_step_factor = initial_local_step_factor * (1 - t) + final_local_step_factor * t\n            local_range = search_range * current_local_step_factor\n            \n            best_local_x, best_local_y, best_local_value = best_x, best_y, best_value\n            \n            for _ in range(local_search_attempts):\n                # Generate a candidate point by perturbing the current best_x, best_y\n                # Using a normal distribution for perturbations, centered at best_x/y.\n                # The standard deviation scales with local_range, concentrating samples\n                # closer to the current best point for efficient exploitation.\n                sigma = local_range / 3.0  # Standard deviation for normal distribution\n                x_candidate = np.random.normal(best_x, sigma)\n                y_candidate = np.random.normal(best_y, sigma)\n                \n                # Clip candidates to ensure they stay within the overall defined search bounds\n                x_candidate = np.clip(x_candidate, bounds[0], bounds[1])\n                y_candidate = np.clip(y_candidate, bounds[0], bounds[1])\n                \n                value_candidate = evaluate_function(x_candidate, y_candidate)\n\n                if value_candidate < best_local_value:\n                    best_local_value = value_candidate\n                    best_local_x, best_local_y = x_candidate, y_candidate\n            \n            x, y = best_local_x, best_local_y\n            value = best_local_value\n\n            # Update the best found solution if the current candidate is better\n            if value < best_value:\n                best_value = value\n                best_x, best_y = x, y\n                iterations_since_last_improvement = 0 # Reset counter on improvement\n            else:\n                iterations_since_last_improvement += 1\n\n    return best_x, best_y, best_value\n\n\n# EVOLVE-BLOCK-END\n\n\n# This part remains fixed (not evolved)\ndef evaluate_function(x, y):\n    \"\"\"The complex function we're trying to minimize\"\"\"\n    return np.sin(x) * np.cos(y) + np.sin(x * y) + (x**2 + y**2) / 20\n\n\ndef run_search():\n    x, y, value = search_algorithm()\n    return x, y, value\n\n\nif __name__ == \"__main__\":\n    x, y, value = run_search()\n    print(f\"Found minimum at ({x}, {y}) with value {value}\")\n", "language": "python", "parent_id": "cd48c551-8217-4bcc-88a1-25ba5c577df4", "generation": 2, "timestamp": 1759267930.8975239, "iteration_found": 20, "metrics": {"runs_successfully": 1.0, "value_score": 0.999614000146033, "distance_score": 0.9919765278568293, "combined_score": 1.4960999376450979, "reliability_score": 1.0}, "complexity": 0.0, "diversity": 0.0, "metadata": {"changes": "Change 1: Replace 34 lines with 63 lines", "parent_metrics": {"runs_successfully": 1.0, "value_score": 0.9995029824720072, "distance_score": 0.9868259863959938, "combined_score": 1.4936989307322026, "reliability_score": 1.0}, "island": 1}, "prompts": {"diff_user": {"system": "You are an expert programmer specializing in optimization algorithms. Your task is to improve a function minimization algorithm to find the global minimum of a complex function with many local minima. The function is f(x, y) = sin(x) * cos(y) + sin(x*y) + (x^2 + y^2)/20. Focus on improving the search_algorithm function to reliably find the global minimum, escaping local minima that might trap simple algorithms.", "user": "# Current Program Information\n- Fitness: 1.4937\n- Feature coordinates: No feature coordinates\n- Focus areas: - Fitness unchanged at 1.4937\n- Consider simplifying - code length exceeds 500 characters\n\n## Last Execution Output\n\n### stage1_result\n```\nFound solution at x=-1.6990, y=0.6706 with value=-1.5186\n```\n\n### distance_to_global\n```\n0.0089\n```\n\n### solution_quality\n```\nDistance < 0.5: Very close\n```\n\n### convergence_info\n```\nConverged in 10 trials with 10 successes\n```\n\n### best_position\n```\nFinal position: x=-1.6908, y=0.6707\n```\n\n### average_distance_to_global\n```\n0.0133\n```\n\n### search_efficiency\n```\nSuccess rate: 100.00%\n```\n\n# Program Evolution History\n## Previous Attempts\n\n### Attempt 3\n- Changes: Unknown changes\n- Metrics: runs_successfully: 1.0000, value_score: 0.9995, distance_score: 0.9868, combined_score: 1.4937, reliability_score: 1.0000\n- Outcome: Improvement in all metrics\n\n### Attempt 2\n- Changes: Change 1: Replace 36 lines with 61 lines\n- Metrics: runs_successfully: 1.0000, value_score: 0.9995, distance_score: 0.9888, combined_score: 1.4946, reliability_score: 1.0000\n- Outcome: Mixed results\n\n### Attempt 1\n- Changes: Change 1: Replace 29 lines with 38 lines\n- Metrics: runs_successfully: 1.0000, value_score: 0.9995, distance_score: 0.9891, combined_score: 1.4947, reliability_score: 1.0000\n- Outcome: Mixed results\n\n## Top Performing Programs\n\n### Program 1 (Score: 1.4947)\n```python\n# EVOLVE-BLOCK-START\n\"\"\"Function minimization example for OpenEvolve\"\"\"\nimport numpy as np\n\n\ndef search_algorithm(iterations=1000, bounds=(-5, 5)):\n    \"\"\"\n    A simple random search algorithm that often gets stuck in local minima.\n\n    Args:\n        iterations: Number of iterations to run\n        bounds: Bounds for the search space (min, max)\n\n    Returns:\n        Tuple of (best_x, best_y, best_value)\n    \"\"\"\n    # Initialize with a random point\n    best_x = np.random.uniform(bounds[0], bounds[1])\n    best_y = np.random.uniform(bounds[0], bounds[1])\n    best_value = evaluate_function(best_x, best_y)\n\n    # Parameters for the hybrid search strategy\n    initial_global_search_prob = 0.3  # Initial probability of performing a global random jump (exploration)\n    final_global_search_prob = 0.05   # Final probability, decreases over time for more local focus\n    initial_local_step_factor = 0.8   # Initial relative range for local search (e.g., 0.8 * total_range)\n    final_local_step_factor = 0.005   # Final relative range for local search (e.g., 0.005 * total_range)\n    \n    search_range = bounds[1] - bounds[0] # Total range of the search space\n\n    for i in range(iterations):\n        t = i / iterations # Normalized iteration progress (0 to 1)\n\n        # Global search probability decreases linearly over iterations\n        current_global_search_prob = initial_global_search_prob * (1 - t) + final_global_search_prob * t\n\n        # Determine whether to perform a global jump or a local perturbation\n        if np.random.rand() < current_global_search_prob:\n            # Global random search: explore new, distant areas to escape local minima\n            x = np.random.uniform(bounds[0], bounds[1])\n            y = np.random.uniform(bounds[0], bounds[1])\n        else:\n            # Local search: exploit promising regions around the current best point\n            # The step size for local search decreases linearly over iterations (annealing-like behavior)\n            current_local_step_factor = initial_local_step_factor * (1 - t) + final_local_step_factor * t\n            local_range = search_range * current_local_step_factor\n            \n            # Generate a candidate point by perturbing the current best_x, best_y\n            # Using a normal distribution for perturbations, centered at best_x/y.\n            # The standard deviation scales with local_range, concentrating samples\n            # closer to the current best point for efficient exploitation.\n            sigma = local_range / 3.0  # Standard deviation for normal distribution\n            x_candidate = np.random.normal(best_x, sigma)\n            y_candidate = np.random.normal(best_y, sigma)\n            \n            # Clip candidates to ensure they stay within the overall defined search bounds\n            x = np.clip(x_candidate, bounds[0], bounds[1])\n            y = np.clip(y_candidate, bounds[0], bounds[1])\n            \n        value = evaluate_function(x, y)\n\n        # Update the best found solution if the current candidate is better\n        if value < best_value:\n            best_value = value\n            best_x, best_y = x, y\n\n    return best_x, best_y, best_value\n\n\n# EVOLVE-BLOCK-END\n\n\n# This part remains fixed (not evolved)\ndef evaluate_function(x, y):\n    \"\"\"The complex function we're trying to minimize\"\"\"\n    return np.sin(x) * np.cos(y) + np.sin(x * y) + (x**2 + y**2) / 20\n\n\ndef run_search():\n    x, y, value = search_algorithm()\n    return x, y, value\n\n\nif __name__ == \"__main__\":\n    x, y, value = run_search()\n    print(f\"Found minimum at ({x}, {y}) with value {value}\")\n\n```\nKey features: Performs well on runs_successfully (1.0000), Performs well on value_score (0.9995), Performs well on distance_score (0.9891), Performs well on combined_score (1.4947), Performs well on reliability_score (1.0000)\n\n### Program 2 (Score: 1.4946)\n```python\n# EVOLVE-BLOCK-START\n\"\"\"Function minimization example for OpenEvolve\"\"\"\nimport numpy as np\n\n\ndef search_algorithm(iterations=1000, bounds=(-5, 5)):\n    \"\"\"\n    A simple random search algorithm that often gets stuck in local minima.\n\n    Args:\n        iterations: Number of iterations to run\n        bounds: Bounds for the search space (min, max)\n\n    Returns:\n        Tuple of (best_x, best_y, best_value)\n    \"\"\"\n    # Initialize with a random point\n    best_x = np.random.uniform(bounds[0], bounds[1])\n    best_y = np.random.uniform(bounds[0], bounds[1])\n    best_value = evaluate_function(best_x, best_y)\n\n    # Parameters for the hybrid search strategy\n    initial_global_search_prob = 0.15  # Initial probability of performing a global random jump\n    adaptive_global_increase_factor = 0.0005 # Factor to increase global_search_prob when stuck\n    no_improvement_threshold = 50 # Number of iterations without improvement to trigger increase\n    \n    initial_local_step_factor = 0.8  # Initial relative range for local search (e.g., 0.8 * total_range)\n    final_local_step_factor = 0.005 # Final relative range for local search (e.g., 0.005 * total_range)\n    local_search_attempts = 3 # Number of local candidates to try per iteration\n    \n    search_range = bounds[1] - bounds[0] # Total range of the search space\n    global_search_prob = initial_global_search_prob\n    iterations_since_last_improvement = 0\n\n    for i in range(iterations):\n        # Adapt global search probability if stuck\n        if iterations_since_last_improvement >= no_improvement_threshold:\n            global_search_prob = min(0.5, global_search_prob + adaptive_global_increase_factor * iterations_since_last_improvement)\n            iterations_since_last_improvement = 0 # Reset counter\n\n        # Determine whether to perform a global jump or a local perturbation\n        if np.random.rand() < global_search_prob:\n            # Global random search: explore new, distant areas to escape local minima\n            x = np.random.uniform(bounds[0], bounds[1])\n            y = np.random.uniform(bounds[0], bounds[1])\n            iterations_since_last_improvement += 1 # Count global jumps as not an improvement in local sense\n        else:\n            # Local search: exploit promising regions around the current best point\n            # The step size for local search decreases linearly over iterations (annealing-like behavior)\n            t = i / iterations # Normalized iteration progress (0 to 1)\n            current_local_step_factor = initial_local_step_factor * (1 - t) + final_local_step_factor * t\n            local_range = search_range * current_local_step_factor\n            \n            best_local_x, best_local_y, best_local_value = best_x, best_y, best_value\n            \n            for _ in range(local_search_attempts):\n                # Generate a candidate point by perturbing the current best_x, best_y\n                x_candidate = np.random.uniform(best_x - local_range/2, best_x + local_range/2)\n                y_candidate = np.random.uniform(best_y - local_range/2, best_y + local_range/2)\n                \n                # Clip candidates to ensure they stay within the overall defined search bounds\n                x_candidate = np.clip(x_candidate, bounds[0], bounds[1])\n                y_candidate = np.clip(y_candidate, bounds[0], bounds[1])\n                \n                value_candidate = evaluate_function(x_candidate, y_candidate)\n\n                if value_candidate < best_local_value:\n                    best_local_value = value_candidate\n                    best_local_x, best_local_y = x_candidate, y_candidate\n            \n            x, y = best_local_x, best_local_y\n            value = best_local_value\n\n            # Update the best found solution if the current candidate is better\n            if value < best_value:\n                best_value = value\n                best_x, best_y = x, y\n                iterations_since_last_improvement = 0 # Reset counter on improvement\n            else:\n                iterations_since_last_improvement += 1\n\n    return best_x, best_y, best_value\n\n\n# EVOLVE-BLOCK-END\n\n\n# This part remains fixed (not evolved)\ndef evaluate_function(x, y):\n    \"\"\"The complex function we're trying to minimize\"\"\"\n    return np.sin(x) * np.cos(y) + np.sin(x * y) + (x**2 + y**2) / 20\n\n\ndef run_search():\n    x, y, value = search_algorithm()\n    return x, y, value\n\n\nif __name__ == \"__main__\":\n    x, y, value = run_search()\n    print(f\"Found minimum at ({x}, {y}) with value {value}\")\n\n```\nKey features: Performs well on runs_successfully (1.0000), Performs well on value_score (0.9995), Performs well on distance_score (0.9888), Performs well on combined_score (1.4946), Performs well on reliability_score (1.0000)\n\n### Program 3 (Score: 1.4937)\n```python\n# EVOLVE-BLOCK-START\n\"\"\"Function minimization example for OpenEvolve\"\"\"\nimport numpy as np\n\n\ndef search_algorithm(iterations=1000, bounds=(-5, 5)):\n    \"\"\"\n    A simple random search algorithm that often gets stuck in local minima.\n\n    Args:\n        iterations: Number of iterations to run\n        bounds: Bounds for the search space (min, max)\n\n    Returns:\n        Tuple of (best_x, best_y, best_value)\n    \"\"\"\n    # Initialize with a random point\n    best_x = np.random.uniform(bounds[0], bounds[1])\n    best_y = np.random.uniform(bounds[0], bounds[1])\n    best_value = evaluate_function(best_x, best_y)\n\n    # Parameters for the hybrid search strategy\n    global_search_prob = 0.15  # Probability of performing a global random jump (exploration)\n    initial_local_step_factor = 0.8  # Initial relative range for local search (e.g., 0.8 * total_range)\n    final_local_step_factor = 0.005 # Final relative range for local search (e.g., 0.005 * total_range)\n    \n    search_range = bounds[1] - bounds[0] # Total range of the search space\n\n    for i in range(iterations):\n        # Determine whether to perform a global jump or a local perturbation\n        if np.random.rand() < global_search_prob:\n            # Global random search: explore new, distant areas to escape local minima\n            x = np.random.uniform(bounds[0], bounds[1])\n            y = np.random.uniform(bounds[0], bounds[1])\n        else:\n            # Local search: exploit promising regions around the current best point\n            # The step size for local search decreases linearly over iterations (annealing-like behavior)\n            t = i / iterations # Normalized iteration progress (0 to 1)\n            current_local_step_factor = initial_local_step_factor * (1 - t) + final_local_step_factor * t\n            local_range = search_range * current_local_step_factor\n            \n            # Generate a candidate point by perturbing the current best_x, best_y\n            x_candidate = np.random.uniform(best_x - local_range/2, best_x + local_range/2)\n            y_candidate = np.random.uniform(best_y - local_range/2, best_y + local_range/2)\n            \n            # Clip candidates to ensure they stay within the overall defined search bounds\n            x = np.clip(x_candidate, bounds[0], bounds[1])\n            y = np.clip(y_candidate, bounds[0], bounds[1])\n            \n        value = evaluate_function(x, y)\n\n        # Update the best found solution if the current candidate is better\n        if value < best_value:\n            best_value = value\n            best_x, best_y = x, y\n\n    return best_x, best_y, best_value\n\n\n# EVOLVE-BLOCK-END\n\n\n# This part remains fixed (not evolved)\ndef evaluate_function(x, y):\n    \"\"\"The complex function we're trying to minimize\"\"\"\n    return np.sin(x) * np.cos(y) + np.sin(x * y) + (x**2 + y**2) / 20\n\n\ndef run_search():\n    x, y, value = search_algorithm()\n    return x, y, value\n\n\nif __name__ == \"__main__\":\n    x, y, value = run_search()\n    print(f\"Found minimum at ({x}, {y}) with value {value}\")\n\n```\nKey features: Performs well on runs_successfully (1.0000), Performs well on value_score (0.9995), Performs well on distance_score (0.9868), Performs well on combined_score (1.4937), Performs well on reliability_score (1.0000)\n\n\n\n## Diverse Programs\n\n### Program D1 (Score: 1.3615)\n```python\n# EVOLVE-BLOCK-START\n\"\"\"Function minimization example for OpenEvolve\"\"\"\nimport numpy as np\n\n\ndef search_algorithm(iterations=1000, bounds=(-5, 5)):\n    \"\"\"\n    A simple random search algorithm that often gets stuck in local minima.\n\n    Args:\n        iterations: Number of iterations to run\n        bounds: Bounds for the search space (min, max)\n\n    Returns:\n        Tuple of (best_x, best_y, best_value)\n    \"\"\"\n    # Initialize with a random point\n    best_x = np.random.uniform(bounds[0], bounds[1])\n    best_y = np.random.uniform(bounds[0], bounds[1])\n    best_value = evaluate_function(best_x, best_y)\n\n    # Parameters for the hybrid search strategy\n    global_search_prob = 0.20  # Increased probability of performing a global random jump (exploration)\n    initial_local_step_factor = 0.9  # Increased initial relative range for local search to explore more broadly\n    final_local_step_factor = 0.005 # Final relative range for local search (e.g., 0.005 * total_range)\n    \n    search_range = bounds[1] - bounds[0] # Total range of the search space\n\n    for i in range(iterations):\n        # Determine whether to perform a global jump or a local perturbation\n        if np.random.rand() < global_search_prob:\n            # Global random search: explore new, distant areas to escape local minima\n            x = np.random.uniform(bounds[0], bounds[1])\n            y = np.random.uniform(bounds[0], bounds[1])\n        else:\n            # Local search: exploit promising regions around the current best point\n            # The step size for local search decreases linearly over iterations (annealing-like behavior)\n            t = i / iterations # Normalized iteration progress (0 to 1)\n            current_local_step_factor = initial_local_step_factor * (1 - t) + final_local_step_factor * t\n            local_range = search_range * current_local_step_factor\n            \n            # Generate a candidate point by perturbing the current best_x, best_y\n            x_candidate = np.random.uniform(best_x - local_range/2, best_x + local_range/2)\n            y_candidate = np.random.uniform(best_y - local_range/2, best_y + local_range/2)\n            \n            # Clip candidates to ensure they stay within the overall defined search bounds\n            x = np.clip(x_candidate, bounds[0], bounds[1])\n            y = np.clip(y_candidate, bounds[0], bounds[1])\n            \n        value = evaluate_function(x, y)\n\n        # Update the best found solution if the current candidate is better\n        if value < best_value:\n            best_value = value\n            best_x, best_y = x, y\n\n    return best_x, best_y, best_value\n\n\n# EVOLVE-BLOCK-END\n\n\n# This part remains fixed (not evolved)\ndef evaluate_function(x, y):\n    \"\"\"The complex function we're trying to minimize\"\"\"\n    return np.sin(x) * np.cos(y) + np.sin(x * y) + (x**2 + y**2) / 20\n\n\ndef run_search():\n    x, y, value = search_algorithm()\n    return x, y, value\n\n\nif __name__ == \"__main__\":\n    x, y, value = run_search()\n    print(f\"Found minimum at ({x}, {y}) with value {value}\")\n\n```\nKey features: Alternative approach to runs_successfully, Alternative approach to value_score\n\n## Inspiration Programs\n\nThese programs represent diverse approaches and creative solutions that may inspire new ideas:\n\n### Inspiration 1 (Score: 1.4947, Type: High-Performer)\n```python\n# EVOLVE-BLOCK-START\n\"\"\"Function minimization example for OpenEvolve\"\"\"\nimport numpy as np\n\n\ndef search_algorithm(iterations=1000, bounds=(-5, 5)):\n    \"\"\"\n    A simple random search algorithm that often gets stuck in local minima.\n\n    Args:\n        iterations: Number of iterations to run\n        bounds: Bounds for the search space (min, max)\n\n    Returns:\n        Tuple of (best_x, best_y, best_value)\n    \"\"\"\n    # Initialize with a random point\n    best_x = np.random.uniform(bounds[0], bounds[1])\n    best_y = np.random.uniform(bounds[0], bounds[1])\n    best_value = evaluate_function(best_x, best_y)\n\n    # Parameters for the hybrid search strategy\n    initial_global_search_prob = 0.3  # Initial probability of performing a global random jump (exploration)\n    final_global_search_prob = 0.05   # Final probability, decreases over time for more local focus\n    initial_local_step_factor = 0.8   # Initial relative range for local search (e.g., 0.8 * total_range)\n    final_local_step_factor = 0.005   # Final relative range for local search (e.g., 0.005 * total_range)\n    \n    search_range = bounds[1] - bounds[0] # Total range of the search space\n\n    for i in range(iterations):\n        t = i / iterations # Normalized iteration progress (0 to 1)\n\n        # Global search probability decreases linearly over iterations\n        current_global_search_prob = initial_global_search_prob * (1 - t) + final_global_search_prob * t\n\n        # Determine whether to perform a global jump or a local perturbation\n        if np.random.rand() < current_global_search_prob:\n            # Global random search: explore new, distant areas to escape local minima\n            x = np.random.uniform(bounds[0], bounds[1])\n            y = np.random.uniform(bounds[0], bounds[1])\n        else:\n            # Local search: exploit promising regions around the current best point\n            # The step size for local search decreases linearly over iterations (annealing-like behavior)\n            current_local_step_factor = initial_local_step_factor * (1 - t) + final_local_step_factor * t\n            local_range = search_range * current_local_step_factor\n            \n            # Generate a candidate point by perturbing the current best_x, best_y\n            # Using a normal distribution for perturbations, centered at best_x/y.\n            # The standard deviation scales with local_range, concentrating samples\n            # closer to the current best point for efficient exploitation.\n            sigma = local_range / 3.0  # Standard deviation for normal distribution\n            x_candidate = np.random.normal(best_x, sigma)\n            y_candidate = np.random.normal(best_y, sigma)\n            \n            # Clip candidates to ensure they stay within the overall defined search bounds\n            x = np.clip(x_candidate, bounds[0], bounds[1])\n            y = np.clip(y_candidate, bounds[0], bounds[1])\n            \n        value = evaluate_function(x, y)\n\n        # Update the best found solution if the current candidate is better\n        if value < best_value:\n            best_value = value\n            best_x, best_y = x, y\n\n    return best_x, best_y, best_value\n\n\n# EVOLVE-BLOCK-END\n\n\n# This part remains fixed (not evolved)\ndef evaluate_function(x, y):\n    \"\"\"The complex function we're trying to minimize\"\"\"\n    return np.sin(x) * np.cos(y) + np.sin(x * y) + (x**2 + y**2) / 20\n\n\ndef run_search():\n    x, y, value = search_algorithm()\n    return x, y, value\n\n\nif __name__ == \"__main__\":\n    x, y, value = run_search()\n    print(f\"Found minimum at ({x}, {y}) with value {value}\")\n\n```\nUnique approach: Modification: Change 1: Replace 29 lines with 38 lines, Excellent runs_successfully (1.000), Excellent value_score (1.000)\n\n### Inspiration 2 (Score: 1.4946, Type: High-Performer)\n```python\n# EVOLVE-BLOCK-START\n\"\"\"Function minimization example for OpenEvolve\"\"\"\nimport numpy as np\n\n\ndef search_algorithm(iterations=1000, bounds=(-5, 5)):\n    \"\"\"\n    A simple random search algorithm that often gets stuck in local minima.\n\n    Args:\n        iterations: Number of iterations to run\n        bounds: Bounds for the search space (min, max)\n\n    Returns:\n        Tuple of (best_x, best_y, best_value)\n    \"\"\"\n    # Initialize with a random point\n    best_x = np.random.uniform(bounds[0], bounds[1])\n    best_y = np.random.uniform(bounds[0], bounds[1])\n    best_value = evaluate_function(best_x, best_y)\n\n    # Parameters for the hybrid search strategy\n    initial_global_search_prob = 0.15  # Initial probability of performing a global random jump\n    adaptive_global_increase_factor = 0.0005 # Factor to increase global_search_prob when stuck\n    no_improvement_threshold = 50 # Number of iterations without improvement to trigger increase\n    \n    initial_local_step_factor = 0.8  # Initial relative range for local search (e.g., 0.8 * total_range)\n    final_local_step_factor = 0.005 # Final relative range for local search (e.g., 0.005 * total_range)\n    local_search_attempts = 3 # Number of local candidates to try per iteration\n    \n    search_range = bounds[1] - bounds[0] # Total range of the search space\n    global_search_prob = initial_global_search_prob\n    iterations_since_last_improvement = 0\n\n    for i in range(iterations):\n        # Adapt global search probability if stuck\n        if iterations_since_last_improvement >= no_improvement_threshold:\n            global_search_prob = min(0.5, global_search_prob + adaptive_global_increase_factor * iterations_since_last_improvement)\n            iterations_since_last_improvement = 0 # Reset counter\n\n        # Determine whether to perform a global jump or a local perturbation\n        if np.random.rand() < global_search_prob:\n            # Global random search: explore new, distant areas to escape local minima\n            x = np.random.uniform(bounds[0], bounds[1])\n            y = np.random.uniform(bounds[0], bounds[1])\n            iterations_since_last_improvement += 1 # Count global jumps as not an improvement in local sense\n        else:\n            # Local search: exploit promising regions around the current best point\n            # The step size for local search decreases linearly over iterations (annealing-like behavior)\n            t = i / iterations # Normalized iteration progress (0 to 1)\n            current_local_step_factor = initial_local_step_factor * (1 - t) + final_local_step_factor * t\n            local_range = search_range * current_local_step_factor\n            \n            best_local_x, best_local_y, best_local_value = best_x, best_y, best_value\n            \n            for _ in range(local_search_attempts):\n                # Generate a candidate point by perturbing the current best_x, best_y\n                x_candidate = np.random.uniform(best_x - local_range/2, best_x + local_range/2)\n                y_candidate = np.random.uniform(best_y - local_range/2, best_y + local_range/2)\n                \n                # Clip candidates to ensure they stay within the overall defined search bounds\n                x_candidate = np.clip(x_candidate, bounds[0], bounds[1])\n                y_candidate = np.clip(y_candidate, bounds[0], bounds[1])\n                \n                value_candidate = evaluate_function(x_candidate, y_candidate)\n\n                if value_candidate < best_local_value:\n                    best_local_value = value_candidate\n                    best_local_x, best_local_y = x_candidate, y_candidate\n            \n            x, y = best_local_x, best_local_y\n            value = best_local_value\n\n            # Update the best found solution if the current candidate is better\n            if value < best_value:\n                best_value = value\n                best_x, best_y = x, y\n                iterations_since_last_improvement = 0 # Reset counter on improvement\n            else:\n                iterations_since_last_improvement += 1\n\n    return best_x, best_y, best_value\n\n\n# EVOLVE-BLOCK-END\n\n\n# This part remains fixed (not evolved)\ndef evaluate_function(x, y):\n    \"\"\"The complex function we're trying to minimize\"\"\"\n    return np.sin(x) * np.cos(y) + np.sin(x * y) + (x**2 + y**2) / 20\n\n\ndef run_search():\n    x, y, value = search_algorithm()\n    return x, y, value\n\n\nif __name__ == \"__main__\":\n    x, y, value = run_search()\n    print(f\"Found minimum at ({x}, {y}) with value {value}\")\n\n```\nUnique approach: Modification: Change 1: Replace 36 lines with 61 lines, Excellent runs_successfully (1.000), Excellent value_score (1.000)\n\n### Inspiration 3 (Score: 1.3615, Type: High-Performer)\n```python\n# EVOLVE-BLOCK-START\n\"\"\"Function minimization example for OpenEvolve\"\"\"\nimport numpy as np\n\n\ndef search_algorithm(iterations=1000, bounds=(-5, 5)):\n    \"\"\"\n    A simple random search algorithm that often gets stuck in local minima.\n\n    Args:\n        iterations: Number of iterations to run\n        bounds: Bounds for the search space (min, max)\n\n    Returns:\n        Tuple of (best_x, best_y, best_value)\n    \"\"\"\n    # Initialize with a random point\n    best_x = np.random.uniform(bounds[0], bounds[1])\n    best_y = np.random.uniform(bounds[0], bounds[1])\n    best_value = evaluate_function(best_x, best_y)\n\n    # Parameters for the hybrid search strategy\n    global_search_prob = 0.20  # Increased probability of performing a global random jump (exploration)\n    initial_local_step_factor = 0.9  # Increased initial relative range for local search to explore more broadly\n    final_local_step_factor = 0.005 # Final relative range for local search (e.g., 0.005 * total_range)\n    \n    search_range = bounds[1] - bounds[0] # Total range of the search space\n\n    for i in range(iterations):\n        # Determine whether to perform a global jump or a local perturbation\n        if np.random.rand() < global_search_prob:\n            # Global random search: explore new, distant areas to escape local minima\n            x = np.random.uniform(bounds[0], bounds[1])\n            y = np.random.uniform(bounds[0], bounds[1])\n        else:\n            # Local search: exploit promising regions around the current best point\n            # The step size for local search decreases linearly over iterations (annealing-like behavior)\n            t = i / iterations # Normalized iteration progress (0 to 1)\n            current_local_step_factor = initial_local_step_factor * (1 - t) + final_local_step_factor * t\n            local_range = search_range * current_local_step_factor\n            \n            # Generate a candidate point by perturbing the current best_x, best_y\n            x_candidate = np.random.uniform(best_x - local_range/2, best_x + local_range/2)\n            y_candidate = np.random.uniform(best_y - local_range/2, best_y + local_range/2)\n            \n            # Clip candidates to ensure they stay within the overall defined search bounds\n            x = np.clip(x_candidate, bounds[0], bounds[1])\n            y = np.clip(y_candidate, bounds[0], bounds[1])\n            \n        value = evaluate_function(x, y)\n\n        # Update the best found solution if the current candidate is better\n        if value < best_value:\n            best_value = value\n            best_x, best_y = x, y\n\n    return best_x, best_y, best_value\n\n\n# EVOLVE-BLOCK-END\n\n\n# This part remains fixed (not evolved)\ndef evaluate_function(x, y):\n    \"\"\"The complex function we're trying to minimize\"\"\"\n    return np.sin(x) * np.cos(y) + np.sin(x * y) + (x**2 + y**2) / 20\n\n\ndef run_search():\n    x, y, value = search_algorithm()\n    return x, y, value\n\n\nif __name__ == \"__main__\":\n    x, y, value = run_search()\n    print(f\"Found minimum at ({x}, {y}) with value {value}\")\n\n```\nUnique approach: Modification: Change 1: Replace 4 lines with 4 lines, Excellent runs_successfully (1.000), Excellent value_score (0.990)\n\n# Current Program\n```python\n# EVOLVE-BLOCK-START\n\"\"\"Function minimization example for OpenEvolve\"\"\"\nimport numpy as np\n\n\ndef search_algorithm(iterations=1000, bounds=(-5, 5)):\n    \"\"\"\n    A simple random search algorithm that often gets stuck in local minima.\n\n    Args:\n        iterations: Number of iterations to run\n        bounds: Bounds for the search space (min, max)\n\n    Returns:\n        Tuple of (best_x, best_y, best_value)\n    \"\"\"\n    # Initialize with a random point\n    best_x = np.random.uniform(bounds[0], bounds[1])\n    best_y = np.random.uniform(bounds[0], bounds[1])\n    best_value = evaluate_function(best_x, best_y)\n\n    # Parameters for the hybrid search strategy\n    global_search_prob = 0.15  # Probability of performing a global random jump (exploration)\n    initial_local_step_factor = 0.8  # Initial relative range for local search (e.g., 0.8 * total_range)\n    final_local_step_factor = 0.005 # Final relative range for local search (e.g., 0.005 * total_range)\n    \n    search_range = bounds[1] - bounds[0] # Total range of the search space\n\n    for i in range(iterations):\n        # Determine whether to perform a global jump or a local perturbation\n        if np.random.rand() < global_search_prob:\n            # Global random search: explore new, distant areas to escape local minima\n            x = np.random.uniform(bounds[0], bounds[1])\n            y = np.random.uniform(bounds[0], bounds[1])\n        else:\n            # Local search: exploit promising regions around the current best point\n            # The step size for local search decreases linearly over iterations (annealing-like behavior)\n            t = i / iterations # Normalized iteration progress (0 to 1)\n            current_local_step_factor = initial_local_step_factor * (1 - t) + final_local_step_factor * t\n            local_range = search_range * current_local_step_factor\n            \n            # Generate a candidate point by perturbing the current best_x, best_y\n            x_candidate = np.random.uniform(best_x - local_range/2, best_x + local_range/2)\n            y_candidate = np.random.uniform(best_y - local_range/2, best_y + local_range/2)\n            \n            # Clip candidates to ensure they stay within the overall defined search bounds\n            x = np.clip(x_candidate, bounds[0], bounds[1])\n            y = np.clip(y_candidate, bounds[0], bounds[1])\n            \n        value = evaluate_function(x, y)\n\n        # Update the best found solution if the current candidate is better\n        if value < best_value:\n            best_value = value\n            best_x, best_y = x, y\n\n    return best_x, best_y, best_value\n\n\n# EVOLVE-BLOCK-END\n\n\n# This part remains fixed (not evolved)\ndef evaluate_function(x, y):\n    \"\"\"The complex function we're trying to minimize\"\"\"\n    return np.sin(x) * np.cos(y) + np.sin(x * y) + (x**2 + y**2) / 20\n\n\ndef run_search():\n    x, y, value = search_algorithm()\n    return x, y, value\n\n\nif __name__ == \"__main__\":\n    x, y, value = run_search()\n    print(f\"Found minimum at ({x}, {y}) with value {value}\")\n\n```\n\n# Task\nSuggest improvements to the program that will improve its FITNESS SCORE.\nThe system maintains diversity across these dimensions: complexity, diversity\nDifferent solutions with similar fitness but different features are valuable.\n\nYou MUST use the exact SEARCH/REPLACE diff format shown below to indicate changes:\n\n<<<<<<< SEARCH\n# Original code to find and replace (must match exactly)\n=======\n# New replacement code\n>>>>>>> REPLACE\n\nExample of valid diff format:\n<<<<<<< SEARCH\nfor i in range(m):\n    for j in range(p):\n        for k in range(n):\n            C[i, j] += A[i, k] * B[k, j]\n=======\n# Reorder loops for better memory access pattern\nfor i in range(m):\n    for k in range(n):\n        for j in range(p):\n            C[i, j] += A[i, k] * B[k, j]\n>>>>>>> REPLACE\n\nYou can suggest multiple changes. Each SEARCH section must exactly match code in the current program.\nBe thoughtful about your changes and explain your reasoning thoroughly.\n\nIMPORTANT: Do not rewrite the entire program - focus on targeted improvements.", "responses": ["The current program uses a hybrid approach with a fixed probability for global search and a linearly decaying step size for local search. While it performs reasonably well, it can be improved to better escape local minima and converge to the global minimum.\n\nHere are a few suggestions:\n\n1.  **Adaptive Global Search Probability:** Instead of a fixed or linearly decaying `global_search_prob`, make it adaptive. If the algorithm hasn't found a better solution for a certain number of iterations, increase the probability of global search to actively try and escape a potential local minimum. This is inspired by \"Inspiration 2\".\n\n2.  **Varying Local Search Strategy:** The current local search uses `np.random.uniform` for generating candidates. Using a Gaussian (normal) distribution for perturbations around the best point can be more effective for fine-tuning and converging faster in promising areas. The standard deviation of this Gaussian can also be adapted. This is inspired by \"Inspiration 1\".\n\n3.  **Multiple Local Search Attempts:** Instead of taking a single local search candidate, try a few local candidates and pick the best among them. This increases the chances of finding a better point in the local neighborhood. This is also inspired by \"Inspiration 2\".\n\nLet's implement these improvements.\n\n```diff\n<<<<<<< SEARCH\n    # Parameters for the hybrid search strategy\n    global_search_prob = 0.15  # Probability of performing a global random jump (exploration)\n    initial_local_step_factor = 0.8  # Initial relative range for local search (e.g., 0.8 * total_range)\n    final_local_step_factor = 0.005 # Final relative range for local search (e.g., 0.005 * total_range)\n    \n    search_range = bounds[1] - bounds[0] # Total range of the search space\n\n    for i in range(iterations):\n        # Determine whether to perform a global jump or a local perturbation\n        if np.random.rand() < global_search_prob:\n            # Global random search: explore new, distant areas to escape local minima\n            x = np.random.uniform(bounds[0], bounds[1])\n            y = np.random.uniform(bounds[0], bounds[1])\n        else:\n            # Local search: exploit promising regions around the current best point\n            # The step size for local search decreases linearly over iterations (annealing-like behavior)\n            t = i / iterations # Normalized iteration progress (0 to 1)\n            current_local_step_factor = initial_local_step_factor * (1 - t) + final_local_step_factor * t\n            local_range = search_range * current_local_step_factor\n            \n            # Generate a candidate point by perturbing the current best_x, best_y\n            x_candidate = np.random.uniform(best_x - local_range/2, best_x + local_range/2)\n            y_candidate = np.random.uniform(best_y - local_range/2, best_y + local_range/2)\n            \n            # Clip candidates to ensure they stay within the overall defined search bounds\n            x = np.clip(x_candidate, bounds[0], bounds[1])\n            y = np.clip(y_candidate, bounds[0], bounds[1])\n            \n        value = evaluate_function(x, y)\n\n        # Update the best found solution if the current candidate is better\n        if value < best_value:\n            best_value = value\n            best_x, best_y = x, y\n=======\n    # Parameters for the hybrid search strategy\n    initial_global_search_prob = 0.15  # Initial probability of performing a global random jump\n    adaptive_global_increase_factor = 0.0005 # Factor to increase global_search_prob when stuck\n    no_improvement_threshold = 50 # Number of iterations without improvement to trigger increase\n    \n    initial_local_step_factor = 0.8  # Initial relative range for local search (e.g., 0.8 * total_range)\n    final_local_step_factor = 0.005 # Final relative range for local search (e.g., 0.005 * total_range)\n    local_search_attempts = 3 # Number of local candidates to try per iteration\n    \n    search_range = bounds[1] - bounds[0] # Total range of the search space\n    global_search_prob = initial_global_search_prob\n    iterations_since_last_improvement = 0\n\n    for i in range(iterations):\n        # Adapt global search probability if stuck\n        if iterations_since_last_improvement >= no_improvement_threshold:\n            global_search_prob = min(0.5, global_search_prob + adaptive_global_increase_factor * iterations_since_last_improvement)\n            iterations_since_last_improvement = 0 # Reset counter\n\n        # Determine whether to perform a global jump or a local perturbation\n        if np.random.rand() < global_search_prob:\n            # Global random search: explore new, distant areas to escape local minima\n            x = np.random.uniform(bounds[0], bounds[1])\n            y = np.random.uniform(bounds[0], bounds[1])\n            iterations_since_last_improvement += 1 # Count global jumps as not an improvement in local sense\n        else:\n            # Local search: exploit promising regions around the current best point\n            # The step size for local search decreases linearly over iterations (annealing-like behavior)\n            t = i / iterations # Normalized iteration progress (0 to 1)\n            current_local_step_factor = initial_local_step_factor * (1 - t) + final_local_step_factor * t\n            local_range = search_range * current_local_step_factor\n            \n            best_local_x, best_local_y, best_local_value = best_x, best_y, best_value\n            \n            for _ in range(local_search_attempts):\n                # Generate a candidate point by perturbing the current best_x, best_y\n                # Using a normal distribution for perturbations, centered at best_x/y.\n                # The standard deviation scales with local_range, concentrating samples\n                # closer to the current best point for efficient exploitation.\n                sigma = local_range / 3.0  # Standard deviation for normal distribution\n                x_candidate = np.random.normal(best_x, sigma)\n                y_candidate = np.random.normal(best_y, sigma)\n                \n                # Clip candidates to ensure they stay within the overall defined search bounds\n                x_candidate = np.clip(x_candidate, bounds[0], bounds[1])\n                y_candidate = np.clip(y_candidate, bounds[0], bounds[1])\n                \n                value_candidate = evaluate_function(x_candidate, y_candidate)\n\n                if value_candidate < best_local_value:\n                    best_local_value = value_candidate\n                    best_local_x, best_local_y = x_candidate, y_candidate\n            \n            x, y = best_local_x, best_local_y\n            value = best_local_value\n\n            # Update the best found solution if the current candidate is better\n            if value < best_value:\n                best_value = value\n                best_x, best_y = x, y\n                iterations_since_last_improvement = 0 # Reset counter on improvement\n            else:\n                iterations_since_last_improvement += 1\n>>>>>>> REPLACE\n\n### Reasoning for Changes:\n\n1.  **Adaptive Global Search Probability:**\n    *   **`initial_global_search_prob`**: Kept similar to the original, but it's now the starting point for an adaptive strategy.\n    *   **`adaptive_global_increase_factor`**: A new parameter to control how much the `global_search_prob` increases when the algorithm gets stuck.\n    *   **`no_improvement_threshold`**: A new parameter to define how many iterations without improvement trigger the adaptive increase.\n    *   **`global_search_prob`**: This variable is now dynamically updated.\n    *   **`iterations_since_last_improvement`**: A counter to track stagnation.\n    *   **Adaptation Logic**: The `if iterations_since_last_improvement >= no_improvement_threshold:` block implements the adaptive strategy. If the algorithm hasn't improved for `no_improvement_threshold` iterations, `global_search_prob` is increased (up to a maximum of 0.5 to prevent it from dominating entirely) and the counter is reset. Global search steps are now counted towards `iterations_since_last_improvement` to reflect that they are not necessarily local improvements.\n\n    *Why this helps:* This makes the search more robust. If the algorithm enters a region where it finds only minor improvements or plateaus, it will naturally increase its exploration tendency to try and jump out of that local minimum. This is a more intelligent way to balance exploration and exploitation than a fixed or linearly decaying probability.\n\n2.  **Gaussian Perturbations for Local Search:**\n    *   **`sigma = local_range / 3.0`**: Introduced a standard deviation for the normal distribution. Dividing `local_range` by 3 ensures that most of the sampled points fall within a reasonable range around `best_x` and `best_y`.\n    *   **`np.random.normal(best_x, sigma)`**: Replaced `np.random.uniform(best_x - local_range/2, best_x + local_range/2)` with a normal distribution centered at the current best point.\n\n    *Why this helps:* A Gaussian distribution is often more effective for local exploitation. It concentrates search effort around the current best solution, allowing for more precise fine-tuning. This can lead to faster convergence in promising areas and a better chance of finding the exact local optimum within that region.\n\n3.  **Multiple Local Search Attempts:**\n    *   **`local_search_attempts = 3`**: A new parameter to specify how many local candidates to evaluate.\n    *   **Inner `for _ in range(local_search_attempts):` loop**: This loop generates and evaluates multiple local candidates.\n    *   **`best_local_x, best_local_y, best_local_value`**: Variables to keep track of the best candidate found within the local search attempts for the current iteration.\n    *   **`x, y = best_local_x, best_local_y` and `value = best_local_value`**: After trying multiple local candidates, the best one found is chosen as the candidate for this iteration.\n\n    *Why this helps:* By evaluating multiple local candidates, the algorithm has a higher probability of finding a better point within the local search neighborhood, especially if the landscape is not smooth or has small bumps. This increases the effectiveness of the local search phase.\n\nThese changes aim to create a more dynamic and robust search strategy that can adapt to the function's landscape, escape local minima more effectively, and refine solutions more precisely. This should lead to a better fitness score by finding a solution closer to the global minimum."]}}, "artifacts_json": "{\"stage1_result\": \"Found solution at x=-1.7043, y=0.6739 with value=-1.5187\", \"distance_to_global\": \"0.0041\", \"solution_quality\": \"Distance < 0.5: Very close\", \"convergence_info\": \"Converged in 10 trials with 10 successes\", \"best_position\": \"Final position: x=-1.6972, y=0.6848\", \"average_distance_to_global\": \"0.0081\", \"search_efficiency\": \"Success rate: 100.00%\"}", "artifact_dir": null}