{"id": "d67f1a3d-025d-4a57-8681-f2dee7651af4", "code": "# EVOLVE-BLOCK-START\n\"\"\"Function minimization example for OpenEvolve\"\"\"\nimport numpy as np\n\n\ndef search_algorithm(iterations=1000, bounds=(-5, 5)):\n    \"\"\"\n    A simple random search algorithm that often gets stuck in local minima.\n\n    Args:\n        iterations: Number of iterations to run\n        bounds: Bounds for the search space (min, max)\n\n    Returns:\n        Tuple of (best_x, best_y, best_value)\n    \"\"\"\n    # Initialize with a random point\n    best_x = np.random.uniform(bounds[0], bounds[1])\n    best_y = np.random.uniform(bounds[0], bounds[1])\n    best_value = evaluate_function(best_x, best_y)\n\n    # Parameters for the hybrid search strategy\n    global_search_prob = 0.15  # Probability of performing a global random jump (exploration)\n    initial_local_step_factor = 0.8  # Initial relative range for local search (e.g., 0.8 * total_range)\n    final_local_step_factor = 0.005 # Final relative range for local search (e.g., 0.005 * total_range)\n    \n    search_range = bounds[1] - bounds[0] # Total range of the search space\n\n    for i in range(iterations):\n        # Determine whether to perform a global jump or a local perturbation\n        if np.random.rand() < global_search_prob:\n            # Global random search: explore new, distant areas to escape local minima\n            x = np.random.uniform(bounds[0], bounds[1])\n            y = np.random.uniform(bounds[0], bounds[1])\n        else:\n            # Local search: exploit promising regions around the current best point\n            # The step size for local search decreases linearly over iterations (annealing-like behavior)\n            t = i / iterations # Normalized iteration progress (0 to 1)\n            current_local_step_factor = initial_local_step_factor * (1 - t) + final_local_step_factor * t\n            local_range = search_range * current_local_step_factor\n            \n            # Generate a candidate point by perturbing the current best_x, best_y\n            x_candidate = np.random.uniform(best_x - local_range/2, best_x + local_range/2)\n            y_candidate = np.random.uniform(best_y - local_range/2, best_y + local_range/2)\n            \n            # Clip candidates to ensure they stay within the overall defined search bounds\n            x = np.clip(x_candidate, bounds[0], bounds[1])\n            y = np.clip(y_candidate, bounds[0], bounds[1])\n            \n        value = evaluate_function(x, y)\n\n        # Update the best found solution if the current candidate is better\n        if value < best_value:\n            best_value = value\n            best_x, best_y = x, y\n\n    return best_x, best_y, best_value\n\n\n# EVOLVE-BLOCK-END\n\n\n# This part remains fixed (not evolved)\ndef evaluate_function(x, y):\n    \"\"\"The complex function we're trying to minimize\"\"\"\n    return np.sin(x) * np.cos(y) + np.sin(x * y) + (x**2 + y**2) / 20\n\n\ndef run_search():\n    x, y, value = search_algorithm()\n    return x, y, value\n\n\nif __name__ == \"__main__\":\n    x, y, value = run_search()\n    print(f\"Found minimum at ({x}, {y}) with value {value}\")\n", "language": "python", "parent_id": "fe0879ec-0bc9-4fb2-81a4-918ac44168de", "generation": 2, "timestamp": 1759267924.8651059, "iteration_found": 18, "metrics": {"runs_successfully": 1.0, "value_score": 0.9897621064401878, "distance_score": 0.7080569797674771, "combined_score": 1.3609472207255053, "reliability_score": 1.0}, "complexity": 0.0, "diversity": 0.0, "metadata": {"changes": "Change 1: Replace 34 lines with 50 lines", "parent_metrics": {"runs_successfully": 1.0, "value_score": 0.9995029824720072, "distance_score": 0.9868259863959938, "combined_score": 1.4936989307322026, "reliability_score": 1.0}, "island": 0}, "prompts": {"diff_user": {"system": "You are an expert programmer specializing in optimization algorithms. Your task is to improve a function minimization algorithm to find the global minimum of a complex function with many local minima. The function is f(x, y) = sin(x) * cos(y) + sin(x*y) + (x^2 + y^2)/20. Focus on improving the search_algorithm function to reliably find the global minimum, escaping local minima that might trap simple algorithms.", "user": "# Current Program Information\n- Fitness: 1.4937\n- Feature coordinates: No feature coordinates\n- Focus areas: - Fitness declined: 1.4950 \u00e2\u2020\u2019 1.4937. Consider revising recent changes.\n- Consider simplifying - code length exceeds 500 characters\n\n## Last Execution Output\n\n### stage1_result\n```\nFound solution at x=-1.6990, y=0.6706 with value=-1.5186\n```\n\n### distance_to_global\n```\n0.0089\n```\n\n### solution_quality\n```\nDistance < 0.5: Very close\n```\n\n### convergence_info\n```\nConverged in 10 trials with 10 successes\n```\n\n### best_position\n```\nFinal position: x=-1.6908, y=0.6707\n```\n\n### average_distance_to_global\n```\n0.0133\n```\n\n### search_efficiency\n```\nSuccess rate: 100.00%\n```\n\n# Program Evolution History\n## Previous Attempts\n\n### Attempt 3\n- Changes: Change 1: Replace 9 lines with 22 lines\n- Metrics: runs_successfully: 1.0000, value_score: 0.9996, distance_score: 0.9896, combined_score: 1.4950, reliability_score: 1.0000\n- Outcome: Mixed results\n\n### Attempt 2\n- Changes: Change 1: Replace 10 lines with 4 lines\nChange 2: Replace 16 lines with 37 lines\n- Metrics: runs_successfully: 1.0000, value_score: 0.9997, distance_score: 0.9980, combined_score: 1.4989, reliability_score: 1.0000\n- Outcome: Mixed results\n\n### Attempt 1\n- Changes: Change 1: Replace 22 lines with 32 lines\n- Metrics: runs_successfully: 1.0000, value_score: 0.9997, distance_score: 0.9985, combined_score: 1.4991, reliability_score: 1.0000\n- Outcome: Mixed results\n\n## Top Performing Programs\n\n### Program 1 (Score: 1.4991)\n```python\n# EVOLVE-BLOCK-START\n\"\"\"Function minimization example for OpenEvolve\"\"\"\nimport numpy as np\n\n\ndef search_algorithm(iterations=1000, bounds=(-5, 5)):\n    \"\"\"\n    A simple random search algorithm that often gets stuck in local minima.\n\n    Args:\n        iterations: Number of iterations to run\n        bounds: Bounds for the search space (min, max)\n\n    Returns:\n        Tuple of (best_x, best_y, best_value)\n    \"\"\"\n    # Initialize with a random point\n    best_x = np.random.uniform(bounds[0], bounds[1])\n    best_y = np.random.uniform(bounds[0], bounds[1])\n    best_value = evaluate_function(best_x, best_y)\n\n    search_range = bounds[1] - bounds[0]\n    \n    for i in range(iterations):\n        # Local search parameters: radius shrinks over iterations\n        # Start with a larger radius and decrease it to focus the search.\n        local_radius_factor = 0.1 # Max local search radius is 10% of total search_range\n        min_local_radius = 1e-6 # Ensure radius never becomes zero\n        current_local_radius = search_range * local_radius_factor * (1 - i / iterations)\n        current_local_radius = max(current_local_radius, min_local_radius)\n        \n        # Global jump probability: decreases over iterations to favor local search later.\n        # Starts higher (e.g., 0.6) and goes down (e.g., to 0.1).\n        global_jump_prob = 0.5 * (1 - i / iterations) + 0.1 \n\n        if np.random.rand() < global_jump_prob:\n            # Global random search (exploration): jump to a new random location\n            x = np.random.uniform(bounds[0], bounds[1])\n            y = np.random.uniform(bounds[0], bounds[1])\n        else:\n            # Local perturbation around current best (exploitation): refine the solution\n            x = best_x + np.random.uniform(-current_local_radius, current_local_radius)\n            y = best_y + np.random.uniform(-current_local_radius, current_local_radius)\n            \n            # Ensure points stay within bounds\n            x = np.clip(x, bounds[0], bounds[1])\n            y = np.clip(y, bounds[0], bounds[1])\n\n        value = evaluate_function(x, y)\n\n        if value < best_value:\n            best_value = value\n            best_x, best_y = x, y\n\n    return best_x, best_y, best_value\n\n\n# EVOLVE-BLOCK-END\n\n\n# This part remains fixed (not evolved)\ndef evaluate_function(x, y):\n    \"\"\"The complex function we're trying to minimize\"\"\"\n    return np.sin(x) * np.cos(y) + np.sin(x * y) + (x**2 + y**2) / 20\n\n\ndef run_search():\n    x, y, value = search_algorithm()\n    return x, y, value\n\n\nif __name__ == \"__main__\":\n    x, y, value = run_search()\n    print(f\"Found minimum at ({x}, {y}) with value {value}\")\n\n```\nKey features: Performs well on runs_successfully (1.0000), Performs well on value_score (0.9997), Performs well on distance_score (0.9985), Performs well on combined_score (1.4991), Performs well on reliability_score (1.0000)\n\n### Program 2 (Score: 1.4989)\n```python\n# EVOLVE-BLOCK-START\n\"\"\"Function minimization example for OpenEvolve\"\"\"\nimport numpy as np\n\n\ndef search_algorithm(iterations=1000, bounds=(-5, 5)):\n    \"\"\"\n    Hybrid search combining global random exploration with local exploitation,\n    adapting search radius and global jump probability over iterations to escape local minima.\n    \"\"\"\n    # Initialize with a random point\n    best_x = np.random.uniform(bounds[0], bounds[1])\n    best_y = np.random.uniform(bounds[0], bounds[1])\n    best_value = evaluate_function(best_x, best_y)\n\n    search_range = bounds[1] - bounds[0]\n    \n    for i in range(iterations):\n        # Local search parameters: radius shrinks over iterations\n        local_radius_factor = 0.1 # Max local search radius is 10% of total search_range\n        min_local_radius = 1e-6 # Ensure radius never becomes zero\n        current_local_radius = search_range * local_radius_factor * (1 - i / iterations)\n        current_local_radius = max(current_local_radius, min_local_radius)\n        \n        # Global jump probability: decreases from 60% to 10% over iterations\n        global_jump_prob = 0.5 * (1 - i / iterations) + 0.1 \n\n        if np.random.rand() < global_jump_prob:\n            # Global random search (exploration)\n            x = np.random.uniform(bounds[0], bounds[1])\n            y = np.random.uniform(bounds[0], bounds[1])\n        else:\n            # Local perturbation around current best (exploitation)\n            x = best_x + np.random.uniform(-current_local_radius, current_local_radius)\n            y = best_y + np.random.uniform(-current_local_radius, current_local_radius)\n            \n            # Ensure points stay within bounds\n            x = np.clip(x, bounds[0], bounds[1])\n            y = np.clip(y, bounds[0], bounds[1])\n\n        value = evaluate_function(x, y)\n\n        if value < best_value:\n            best_value = value\n            best_x, best_y = x, y\n\n    return best_x, best_y, best_value\n\n\n# EVOLVE-BLOCK-END\n\n\n# This part remains fixed (not evolved)\ndef evaluate_function(x, y):\n    \"\"\"The complex function we're trying to minimize\"\"\"\n    return np.sin(x) * np.cos(y) + np.sin(x * y) + (x**2 + y**2) / 20\n\n\ndef run_search():\n    x, y, value = search_algorithm()\n    return x, y, value\n\n\nif __name__ == \"__main__\":\n    x, y, value = run_search()\n    print(f\"Found minimum at ({x}, {y}) with value {value}\")\n\n```\nKey features: Performs well on runs_successfully (1.0000), Performs well on value_score (0.9997), Performs well on distance_score (0.9980), Performs well on combined_score (1.4989), Performs well on reliability_score (1.0000)\n\n### Program 3 (Score: 1.4950)\n```python\n# EVOLVE-BLOCK-START\n\"\"\"Function minimization example for OpenEvolve\"\"\"\nimport numpy as np\n\n\ndef search_algorithm(iterations=1000, bounds=(-5, 5)):\n    \"\"\"\n    A simple random search algorithm that often gets stuck in local minima.\n\n    Args:\n        iterations: Number of iterations to run\n        bounds: Bounds for the search space (min, max)\n\n    Returns:\n        Tuple of (best_x, best_y, best_value)\n    \"\"\"\n    # Initialize with a random point\n    best_x = np.random.uniform(bounds[0], bounds[1])\n    best_y = np.random.uniform(bounds[0], bounds[1])\n    best_value = evaluate_function(best_x, best_y)\n\n    for i in range(iterations):\n        # Adaptive search: blend global exploration with local exploitation\n        # alpha starts at 1.0 (pure global) and goes to 0.0 (pure local around best_x, best_y)\n        alpha = (1.0 - i / iterations)\n\n        # Global random component\n        global_coords = np.random.uniform(bounds[0], bounds[1], 2)\n        \n        # Current best coordinates\n        best_coords = np.array([best_x, best_y])\n\n        # Blend global and local search components\n        candidate_coords = alpha * global_coords + (1 - alpha) * best_coords\n        \n        # Ensure candidate coordinates stay within bounds\n        x, y = np.clip(candidate_coords, bounds[0], bounds[1])\n\n        value = evaluate_function(x, y)\n\n        if value < best_value:\n            best_value = value\n            best_x, best_y = x, y\n\n    return best_x, best_y, best_value\n\n\n# EVOLVE-BLOCK-END\n\n\n# This part remains fixed (not evolved)\ndef evaluate_function(x, y):\n    \"\"\"The complex function we're trying to minimize\"\"\"\n    return np.sin(x) * np.cos(y) + np.sin(x * y) + (x**2 + y**2) / 20\n\n\ndef run_search():\n    x, y, value = search_algorithm()\n    return x, y, value\n\n\nif __name__ == \"__main__\":\n    x, y, value = run_search()\n    print(f\"Found minimum at ({x}, {y}) with value {value}\")\n\n```\nKey features: Performs well on runs_successfully (1.0000), Performs well on value_score (0.9996), Performs well on distance_score (0.9896), Performs well on combined_score (1.4950), Performs well on reliability_score (1.0000)\n\n\n\n## Diverse Programs\n\n### Program D1 (Score: 1.4863)\n```python\n# EVOLVE-BLOCK-START\n\"\"\"Function minimization example for OpenEvolve\"\"\"\nimport numpy as np\n\n\ndef search_algorithm(iterations=1000, bounds=(-5, 5)):\n    \"\"\"\n    A simple random search algorithm that often gets stuck in local minima.\n\n    Args:\n        iterations: Number of iterations to run\n        bounds: Bounds for the search space (min, max)\n\n    Returns:\n        Tuple of (best_x, best_y, best_value)\n    \"\"\"\n    # Initialize with a random point\n    best_x = np.random.uniform(bounds[0], bounds[1])\n    best_y = np.random.uniform(bounds[0], bounds[1])\n    best_value = evaluate_function(best_x, best_y)\n\n    # Define a fixed step size for local perturbations\n    # This enables local exploitation around the current best solution.\n    local_search_step = (bounds[1] - bounds[0]) / 20.0 \n\n    for _ in range(iterations):\n        x, y = best_x, best_y # Start candidate from current best for potential local search\n\n        # With a certain probability (e.g., 70%), perform a global random search for exploration.\n        # Otherwise (30%), perform a local search around the current best for exploitation.\n        if np.random.rand() < 0.7: \n            x = np.random.uniform(bounds[0], bounds[1])\n            y = np.random.uniform(bounds[0], bounds[1])\n        else: \n            # Perturb the current best solution\n            x_candidate = best_x + np.random.uniform(-local_search_step, local_search_step)\n            y_candidate = best_y + np.random.uniform(-local_search_step, local_search_step)\n            # Clip candidates to stay within the defined bounds\n            x = np.clip(x_candidate, bounds[0], bounds[1])\n            y = np.clip(y_candidate, bounds[0], bounds[1])\n        \n        value = evaluate_function(x, y)\n\n        if value < best_value:\n            best_value = value\n            best_x, best_y = x, y\n\n    return best_x, best_y, best_value\n\n\n# EVOLVE-BLOCK-END\n\n\n# This part remains fixed (not evolved)\ndef evaluate_function(x, y):\n    \"\"\"The complex function we're trying to minimize\"\"\"\n    return np.sin(x) * np.cos(y) + np.sin(x * y) + (x**2 + y**2) / 20\n\n\ndef run_search():\n    x, y, value = search_algorithm()\n    return x, y, value\n\n\nif __name__ == \"__main__\":\n    x, y, value = run_search()\n    print(f\"Found minimum at ({x}, {y}) with value {value}\")\n\n```\nKey features: Alternative approach to runs_successfully, Alternative approach to value_score\n\n### Program D2 (Score: 1.4937)\n```python\n# EVOLVE-BLOCK-START\n\"\"\"Function minimization example for OpenEvolve\"\"\"\nimport numpy as np\n\n\ndef search_algorithm(iterations=1000, bounds=(-5, 5)):\n    \"\"\"\n    A simple random search algorithm that often gets stuck in local minima.\n\n    Args:\n        iterations: Number of iterations to run\n        bounds: Bounds for the search space (min, max)\n\n    Returns:\n        Tuple of (best_x, best_y, best_value)\n    \"\"\"\n    # Initialize with a random point\n    best_x = np.random.uniform(bounds[0], bounds[1])\n    best_y = np.random.uniform(bounds[0], bounds[1])\n    best_value = evaluate_function(best_x, best_y)\n\n    # Parameters for the hybrid search strategy\n    global_search_prob = 0.15  # Probability of performing a global random jump (exploration)\n    initial_local_step_factor = 0.8  # Initial relative range for local search (e.g., 0.8 * total_range)\n    final_local_step_factor = 0.005 # Final relative range for local search (e.g., 0.005 * total_range)\n    \n    search_range = bounds[1] - bounds[0] # Total range of the search space\n\n    for i in range(iterations):\n        # Determine whether to perform a global jump or a local perturbation\n        if np.random.rand() < global_search_prob:\n            # Global random search: explore new, distant areas to escape local minima\n            x = np.random.uniform(bounds[0], bounds[1])\n            y = np.random.uniform(bounds[0], bounds[1])\n        else:\n            # Local search: exploit promising regions around the current best point\n            # The step size for local search decreases linearly over iterations (annealing-like behavior)\n            t = i / iterations # Normalized iteration progress (0 to 1)\n            current_local_step_factor = initial_local_step_factor * (1 - t) + final_local_step_factor * t\n            local_range = search_range * current_local_step_factor\n            \n            # Generate a candidate point by perturbing the current best_x, best_y\n            x_candidate = np.random.uniform(best_x - local_range/2, best_x + local_range/2)\n            y_candidate = np.random.uniform(best_y - local_range/2, best_y + local_range/2)\n            \n            # Clip candidates to ensure they stay within the overall defined search bounds\n            x = np.clip(x_candidate, bounds[0], bounds[1])\n            y = np.clip(y_candidate, bounds[0], bounds[1])\n            \n        value = evaluate_function(x, y)\n\n        # Update the best found solution if the current candidate is better\n        if value < best_value:\n            best_value = value\n            best_x, best_y = x, y\n\n    return best_x, best_y, best_value\n\n\n# EVOLVE-BLOCK-END\n\n\n# This part remains fixed (not evolved)\ndef evaluate_function(x, y):\n    \"\"\"The complex function we're trying to minimize\"\"\"\n    return np.sin(x) * np.cos(y) + np.sin(x * y) + (x**2 + y**2) / 20\n\n\ndef run_search():\n    x, y, value = search_algorithm()\n    return x, y, value\n\n\nif __name__ == \"__main__\":\n    x, y, value = run_search()\n    print(f\"Found minimum at ({x}, {y}) with value {value}\")\n\n```\nKey features: Alternative approach to runs_successfully, Alternative approach to value_score\n\n## Inspiration Programs\n\nThese programs represent diverse approaches and creative solutions that may inspire new ideas:\n\n### Inspiration 1 (Score: 1.1744, Type: High-Performer)\n```python\n# EVOLVE-BLOCK-START\n\"\"\"Function minimization example for OpenEvolve\"\"\"\nimport numpy as np\n\n\ndef search_algorithm(iterations=1000, bounds=(-5, 5)):\n    \"\"\"\n    A simple random search algorithm that often gets stuck in local minima.\n\n    Args:\n        iterations: Number of iterations to run\n        bounds: Bounds for the search space (min, max)\n\n    Returns:\n        Tuple of (best_x, best_y, best_value)\n    \"\"\"\n    # Initialize with a random point\n    best_x = np.random.uniform(bounds[0], bounds[1])\n    best_y = np.random.uniform(bounds[0], bounds[1])\n    best_value = evaluate_function(best_x, best_y)\n\n    for _ in range(iterations):\n        # Simple random search\n        x = np.random.uniform(bounds[0], bounds[1])\n        y = np.random.uniform(bounds[0], bounds[1])\n        value = evaluate_function(x, y)\n\n        if value < best_value:\n            best_value = value\n            best_x, best_y = x, y\n\n    return best_x, best_y, best_value\n\n\n# EVOLVE-BLOCK-END\n\n\n# This part remains fixed (not evolved)\ndef evaluate_function(x, y):\n    \"\"\"The complex function we're trying to minimize\"\"\"\n    return np.sin(x) * np.cos(y) + np.sin(x * y) + (x**2 + y**2) / 20\n\n\ndef run_search():\n    x, y, value = search_algorithm()\n    return x, y, value\n\n\nif __name__ == \"__main__\":\n    x, y, value = run_search()\n    print(f\"Found minimum at ({x}, {y}) with value {value}\")\n\n```\nUnique approach: Modification: Change 1: Replace 44 lines with 60 lines, Excellent runs_successfully (1.000), Excellent value_score (0.915)\n\n### Inspiration 2 (Score: 0.0000, Type: Exploratory)\n```python\n# EVOLVE-BLOCK-START\n\"\"\"Function minimization example for OpenEvolve\"\"\"\nimport numpy as np\n\n\ndef search_algorithm(iterations=1000, bounds=(-5, 5)):\n    \"\"\"\n    A simple random search algorithm that often gets stuck in local minima.\n\n    Args:\n        iterations: Number of iterations to run\n        bounds: Bounds for the search space (min, max)\n\n    Returns:\n        Tuple of (best_x, best_y, best_value)\n    \"\"\"\n    # Initialize with a random point\n    best_x = np.random.uniform(bounds[0], bounds[1])\n    best_y = np.random.uniform(bounds[0], bounds[1])\n    best_value = evaluate_function(best_x, best_y)\n\n    search_range = bounds[1] - bounds[0]\n    \n    # Adaptive parameters for exploration-exploitation balance\n    # Local search radius starts as a fraction of the total search range and shrinks over time.\n    initial_local_radius_factor = 0.1  # Max local search radius is 10% of total search_range\n    min_local_radius = 1e-6          # Ensure radius never becomes zero\n    \n    # Global jump probability decreases over iterations, starting higher for exploration.\n    # It transitions from a higher value (e.g., 0.6) to a lower value (e.g., 0.1).\n    global_jump_start_prob = 0.6\n    global_jump_end_prob = 0.1\n\n    for i in range(iterations):\n        # Calculate current local radius: shrinks linearly from initial_local_radius_factor to near zero.\n        t = i / iterations # Normalized iteration progress (0 to 1)\n        current_local_radius = search_range * initial_local_radius_factor * (1 - t)\n        current_local_radius = max(current_local_radius, min_local_radius)\n        \n        # Calculate current global jump probability: decays linearly from start to end.\n        current_global_jump_prob = global_jump_start_prob * (1 - t) + global_jump_end_prob * t\n\n        if np.random.rand() < current_global_jump_prob:\n            # Global exploration: Sample a completely new random point.\n            x = np.random.uniform(bounds[0], bounds[1])\n            y = np.random.uniform(bounds[0], bounds[1])\n        else:\n            # Local exploitation: Perturb around the current best solution.\n            # The perturbation range is determined by current_local_radius.\n            x_candidate = best_x + np.random.uniform(-current_local_radius, current_local_radius)\n            y_candidate = best_y + np.random.uniform(-current_local_radius, current_local_radius)\n            \n            # Ensure candidate points stay within the defined bounds.\n            x = np.clip(x_candidate, bounds[0], bounds[1])\n            y = np.clip(y_candidate, bounds[0], bounds[1])\n\n        value = evaluate_function(x, y)\n\n        # Update the best found solution if the current candidate is better.\n        if value < best_value:\n            best_value = value\n            best_x, best_y = x, y\n            no_improvement_count = 0  # Reset stagnation counter on improvement\n        else:\n            no_improvement_count += 1\n\n        # If the search has stagnated for too long, restart from a new random point.\n        # This helps to escape deep local minima.\n        if no_improvement_count >= stagnation_threshold:\n            print(f\"Restarting search at iteration {i} due to stagnation.\")\n            # Re-initialize with a new random point\n            best_x = np.random.uniform(bounds[0], bounds[1])\n            best_y = np.random.uniform(bounds[0], bounds[1])\n            best_value = evaluate_function(best_x, best_y)\n            no_improvement_count = 0  # Reset counter after restart\n\n    return best_x, best_y, best_value\n=======\n        if value < best_value:\n            best_value = value\n            best_x, best_y = x, y\n            no_improvement_count = 0  # Reset stagnation counter on improvement\n        else:\n            no_improvement_count += 1\n\n        # If the search has stagnated for too long, restart from a new random point.\n        # This helps to escape deep local minima.\n        if no_improvement_count >= stagnation_threshold:\n            print(f\"Restarting search at iteration {i} due to stagnation.\")\n            # Re-initialize with a new random point\n            best_x = np.random.uniform(bounds[0], bounds[1])\n            best_y = np.random.uniform(bounds[0], bounds[1])\n            best_value = evaluate_function(best_x, best_y)\n            no_improvement_count = 0  # Reset counter after restart\n\n    return best_x, best_y, best_value\n\n    return best_x, best_y, best_value\n\n\n# EVOLVE-BLOCK-END\n\n\n# This part remains fixed (not evolved)\ndef evaluate_function(x, y):\n    \"\"\"The complex function we're trying to minimize\"\"\"\n    return np.sin(x) * np.cos(y) + np.sin(x * y) + (x**2 + y**2) / 20\n\n\ndef run_search():\n    x, y, value = search_algorithm()\n    return x, y, value\n\n\nif __name__ == \"__main__\":\n    x, y, value = run_search()\n    print(f\"Found minimum at ({x}, {y}) with value {value}\")\n\n```\nUnique approach: Modification: Change 1: Replace 25 lines with 41 lines\nChange 2: Replace 3 lines with 37 lines, Alternative runs_successfully approach, Alternative combined_score approach\n\n### Inspiration 3 (Score: 0.9899, Type: High-Performer)\n```python\n# EVOLVE-BLOCK-START\n\"\"\"Function minimization example for OpenEvolve\"\"\"\nimport numpy as np\n\n\ndef search_algorithm(iterations=1000, bounds=(-5, 5)):\n    \"\"\"\n    A simple random search algorithm that often gets stuck in local minima.\n\n    Args:\n        iterations: Number of iterations to run\n        bounds: Bounds for the search space (min, max)\n\n    Returns:\n        Tuple of (best_x, best_y, best_value)\n    \"\"\"\n    lower_bound, upper_bound = bounds\n    \n    # Initialize current and best solution with a random point\n    current_x = np.random.uniform(lower_bound, upper_bound)\n    current_y = np.random.uniform(lower_bound, upper_bound)\n    current_value = evaluate_function(current_x, current_y)\n\n    # The overall best solution found\n    best_x, best_y, best_value = current_x, current_y, current_value\n\n    # Simulated Annealing parameters\n    initial_temperature = 1.0\n    cooling_rate = 0.995  # Slower cooling to allow more exploration for longer\n    \n    # Initial step scale for perturbations, proportional to search space range\n    initial_step_scale = (upper_bound - lower_bound) / 10.0 \n    \n    for i in range(iterations):\n        # Decrease temperature over iterations\n        temperature = initial_temperature * (cooling_rate ** i)\n        # Prevent division by very small numbers in exp() if temperature drops too low\n        if temperature < 1e-10:\n            temperature = 1e-10\n\n        # Adaptive step size for perturbations, scales with temperature\n        step_size = initial_step_scale * (temperature / initial_temperature) \n        \n        # Propose a new point: mostly local perturbation, sometimes a global jump\n        if np.random.rand() < 0.05:  # 5% chance of a global jump for better exploration\n            next_x = np.random.uniform(lower_bound, upper_bound)\n            next_y = np.random.uniform(lower_bound, upper_bound)\n        else:  # 95% chance of a local perturbation around the current point\n            next_x = current_x + np.random.normal(0, step_size)\n            next_y = current_y + np.random.normal(0, step_size)\n            \n            # Ensure new point stays within bounds\n            next_x = np.clip(next_x, lower_bound, upper_bound)\n            next_y = np.clip(next_y, lower_bound, upper_bound)\n\n        next_value = evaluate_function(next_x, next_y)\n\n        # Acceptance criterion (Metropolis-Hastings)\n        if next_value < current_value:\n            # Always accept better solutions\n            current_x, current_y, current_value = next_x, next_y, next_value\n            # Update overall best if current solution is the best found so far\n            if current_value < best_value:\n                best_x, best_y, best_value = current_x, current_y, current_value\n        elif temperature > 0 and np.random.rand() < np.exp(-(next_value - current_value) / temperature):\n            # Accept worse solutions with a probability that decreases with temperature\n            current_x, current_y, current_value = next_x, next_y, current_value\n            # Note: best_value is NOT updated here, as current_value is worse than previous current_value.\n\n    return best_x, best_y, best_value\n\n\n# EVOLVE-BLOCK-END\n\n\n# This part remains fixed (not evolved)\ndef evaluate_function(x, y):\n    \"\"\"The complex function we're trying to minimize\"\"\"\n    return np.sin(x) * np.cos(y) + np.sin(x * y) + (x**2 + y**2) / 20\n\n\ndef run_search():\n    x, y, value = search_algorithm()\n    return x, y, value\n\n\nif __name__ == \"__main__\":\n    x, y, value = run_search()\n    print(f\"Found minimum at ({x}, {y}) with value {value}\")\n\n```\nUnique approach: Modification: Change 1: Replace 16 lines with 54 lines, Excellent runs_successfully (1.000), Excellent value_score (0.927)\n\n# Current Program\n```python\n# EVOLVE-BLOCK-START\n\"\"\"Function minimization example for OpenEvolve\"\"\"\nimport numpy as np\n\n\ndef search_algorithm(iterations=1000, bounds=(-5, 5)):\n    \"\"\"\n    A simple random search algorithm that often gets stuck in local minima.\n\n    Args:\n        iterations: Number of iterations to run\n        bounds: Bounds for the search space (min, max)\n\n    Returns:\n        Tuple of (best_x, best_y, best_value)\n    \"\"\"\n    # Initialize with a random point\n    best_x = np.random.uniform(bounds[0], bounds[1])\n    best_y = np.random.uniform(bounds[0], bounds[1])\n    best_value = evaluate_function(best_x, best_y)\n\n    # Parameters for the hybrid search strategy\n    global_search_prob = 0.15  # Probability of performing a global random jump (exploration)\n    initial_local_step_factor = 0.8  # Initial relative range for local search (e.g., 0.8 * total_range)\n    final_local_step_factor = 0.005 # Final relative range for local search (e.g., 0.005 * total_range)\n    \n    search_range = bounds[1] - bounds[0] # Total range of the search space\n\n    for i in range(iterations):\n        # Determine whether to perform a global jump or a local perturbation\n        if np.random.rand() < global_search_prob:\n            # Global random search: explore new, distant areas to escape local minima\n            x = np.random.uniform(bounds[0], bounds[1])\n            y = np.random.uniform(bounds[0], bounds[1])\n        else:\n            # Local search: exploit promising regions around the current best point\n            # The step size for local search decreases linearly over iterations (annealing-like behavior)\n            t = i / iterations # Normalized iteration progress (0 to 1)\n            current_local_step_factor = initial_local_step_factor * (1 - t) + final_local_step_factor * t\n            local_range = search_range * current_local_step_factor\n            \n            # Generate a candidate point by perturbing the current best_x, best_y\n            x_candidate = np.random.uniform(best_x - local_range/2, best_x + local_range/2)\n            y_candidate = np.random.uniform(best_y - local_range/2, best_y + local_range/2)\n            \n            # Clip candidates to ensure they stay within the overall defined search bounds\n            x = np.clip(x_candidate, bounds[0], bounds[1])\n            y = np.clip(y_candidate, bounds[0], bounds[1])\n            \n        value = evaluate_function(x, y)\n\n        # Update the best found solution if the current candidate is better\n        if value < best_value:\n            best_value = value\n            best_x, best_y = x, y\n\n    return best_x, best_y, best_value\n\n\n# EVOLVE-BLOCK-END\n\n\n# This part remains fixed (not evolved)\ndef evaluate_function(x, y):\n    \"\"\"The complex function we're trying to minimize\"\"\"\n    return np.sin(x) * np.cos(y) + np.sin(x * y) + (x**2 + y**2) / 20\n\n\ndef run_search():\n    x, y, value = search_algorithm()\n    return x, y, value\n\n\nif __name__ == \"__main__\":\n    x, y, value = run_search()\n    print(f\"Found minimum at ({x}, {y}) with value {value}\")\n\n```\n\n# Task\nSuggest improvements to the program that will improve its FITNESS SCORE.\nThe system maintains diversity across these dimensions: complexity, diversity\nDifferent solutions with similar fitness but different features are valuable.\n\nYou MUST use the exact SEARCH/REPLACE diff format shown below to indicate changes:\n\n<<<<<<< SEARCH\n# Original code to find and replace (must match exactly)\n=======\n# New replacement code\n>>>>>>> REPLACE\n\nExample of valid diff format:\n<<<<<<< SEARCH\nfor i in range(m):\n    for j in range(p):\n        for k in range(n):\n            C[i, j] += A[i, k] * B[k, j]\n=======\n# Reorder loops for better memory access pattern\nfor i in range(m):\n    for k in range(n):\n        for j in range(p):\n            C[i, j] += A[i, k] * B[k, j]\n>>>>>>> REPLACE\n\nYou can suggest multiple changes. Each SEARCH section must exactly match code in the current program.\nBe thoughtful about your changes and explain your reasoning thoroughly.\n\nIMPORTANT: Do not rewrite the entire program - focus on targeted improvements.", "responses": ["The current program (Program D2, score 1.4937) is a hybrid search that attempts to balance global exploration with local exploitation. It uses a linearly decreasing step size for local search and a fixed probability for global jumps. While it performs reasonably well, its fitness score is not as high as the top-performing programs (Program 1 and 2, score 1.4991 and 1.4989 respectively). The goal is to improve the `search_algorithm` function to more reliably find the global minimum.\n\nThe problem statement highlights the challenge of escaping local minima in a complex function. The current approach has a fixed `global_search_prob` which might not be optimal. It also uses a linear decay for the local search range, which might be too aggressive or too slow depending on the function's landscape.\n\nHere are a few suggestions to improve the `search_algorithm` function:\n\n1.  **Adaptive Global Jump Probability:** Instead of a fixed probability, make the global jump probability adaptive. It could be higher when the search seems to be stagnating or when the current best solution is far from the global optimum (if such information were available, but we can infer stagnation). A more sophisticated approach might involve a probability that decreases, but with occasional \"resets\" or higher probabilities if no improvement is seen for a certain number of iterations.\n\n2.  **Non-linear Local Step Decay:** A linear decay for the local search range might not be ideal. Consider an annealing-like schedule (e.g., exponential decay) for the local search step size. This would allow for more fine-tuning in later stages of the search.\n\n3.  **Stagnation Detection and Restart/Jump:** Implement a mechanism to detect if the search has been stuck in a local minimum for too long. If stagnation is detected, either perform a larger, more aggressive global jump or restart the search from a new random point. This is a common and effective strategy for escaping local optima.\n\nLet's focus on implementing a stagnation detection mechanism combined with a more dynamic global jump.\n\nThe current program has a fixed `global_search_prob = 0.15`. This means that 15% of the time, it performs a global random search. The local search range decreases linearly.\n\nWe can modify the `search_algorithm` to:\n*   Introduce a `stagnation_threshold`.\n*   If the `best_value` hasn't improved for `stagnation_threshold` iterations, we can either:\n    *   Increase `global_search_prob` temporarily.\n    *   Perform a more significant jump (e.g., a larger random perturbation or a full random reset).\n\nLet's try to implement a stagnation detection mechanism that increases the `global_search_prob` when stagnation occurs. This will increase the chances of escaping a local minimum.\n\n```python\n# Current Program Information:\n# Fitness: 1.4937\n# ...\n\n# Proposed changes to improve the search algorithm:\n\n# 1. Introduce stagnation detection:\n#    - Keep track of the number of iterations without improvement.\n#    - If stagnation occurs, increase the probability of a global jump.\n#    - Reset the stagnation counter when a new best value is found.\n\n# 2. Make global_search_prob adaptive based on stagnation:\n#    - Define a base global_search_prob and a stagnation_boost.\n#    - When stagnated, increase the probability of global search.\n\n# 3. Consider a slightly more aggressive initial local search range,\n#    and a more pronounced final local search range to encourage finer tuning later.\n#    (This is a secondary consideration if the stagnation mechanism isn't enough).\n\n# Let's focus on the stagnation mechanism first.\n\n# We'll need to add a counter for iterations without improvement.\n# We'll also need a threshold for this counter.\n# And we'll need to adjust the global_search_prob dynamically.\n\n# The current code has:\n# global_search_prob = 0.15\n# initial_local_step_factor = 0.8\n# final_local_step_factor = 0.005\n\n# Let's refine the `search_algorithm` function.\n\n# We'll modify the loop to include the stagnation logic.\n# We'll also introduce a `stagnation_threshold` and a `stagnation_boost` for the global jump probability.\n\n```\n\nHere are the suggested changes:\n\n1.  **Stagnation Detection:** Introduce a counter `no_improvement_count` and a `stagnation_threshold`. If `best_value` doesn't improve for `stagnation_threshold` iterations, we'll trigger a change.\n2.  **Adaptive Global Jump Probability:** When stagnation is detected, we'll increase the probability of a global jump. This can be done by adding a `stagnation_boost` to the base `global_search_prob`.\n3.  **Refined Local Search Decay:** The linear decay for local search is kept, but we can fine-tune the `initial_local_step_factor` and `final_local_step_factor` if needed, though the primary focus is on the stagnation mechanism.\n\nLet's implement these changes.\n\nThe current `search_algorithm` initializes `best_value` and then iterates. We need to track if `best_value` has been updated in each iteration.\n\n```python\n# Original loop structure:\n# for i in range(iterations):\n#     if np.random.rand() < global_search_prob:\n#         # Global search\n#     else:\n#         # Local search\n#     value = evaluate_function(x, y)\n#     if value < best_value:\n#         best_value = value\n#         best_x, best_y = x, y\n```\n\nWe need to add logic to check `if value < best_value:` and reset a counter if it is.\n\n```python\n# New logic within the loop:\n# Initialize no_improvement_count = 0 before the loop.\n# Inside the loop:\n# ... (generate x, y)\n# value = evaluate_function(x, y)\n#\n# if value < best_value:\n#     best_value = value\n#     best_x, best_y = x, y\n#     no_improvement_count = 0  # Reset counter on improvement\n# else:\n#     no_improvement_count += 1\n#\n# # Check for stagnation\n# if no_improvement_count >= stagnation_threshold:\n#     # Increase global_search_prob or perform a large jump\n#     print(f\"Stagnation detected at iteration {i}. Increasing global jump probability.\")\n#     # Option 1: Temporarily boost global_search_prob\n#     current_global_jump_prob = global_search_prob + stagnation_boost\n#     # Option 2: Force a global jump\n#     # x = np.random.uniform(bounds[0], bounds[1])\n#     # y = np.random.uniform(bounds[0], bounds[1])\n#     # no_improvement_count = 0 # Reset after forced jump to prevent immediate re-triggering\n#\n# # ... rest of the loop\n```\n\nLet's incorporate the stagnation detection and a dynamic `global_search_prob`. We'll use a `stagnation_threshold` and a `stagnation_boost`. When stagnation is detected, we'll temporarily increase the `global_search_prob` for that iteration.\n\nA `stagnation_threshold` of, say, 50-100 iterations seems reasonable for a total of 1000 iterations. A `stagnation_boost` of 0.2 to 0.3 could be effective.\n\nLet's refine the local search step too. Instead of a fixed linear decay, we can use an exponential decay for the `current_local_step_factor`, similar to simulated annealing, which can provide more nuanced exploration. However, to keep the changes focused and within the spirit of improving the existing hybrid approach, we'll stick to refining the stagnation and global jump mechanism.\n\nFor the local search, the current linear interpolation `initial_local_step_factor * (1 - t) + final_local_step_factor * t` is a form of annealing. We can keep this.\n\nLet's define the new parameters:\n*   `stagnation_threshold = 100`\n*   `stagnation_boost = 0.3`\n\nAnd we'll need a variable `no_improvement_count`.\n\n```python\n# Inside search_algorithm:\n# Initialize:\n# no_improvement_count = 0\n# stagnation_threshold = 100\n# stagnation_boost = 0.3\n# base_global_search_prob = 0.15 # Rename for clarity\n\n# Inside the loop:\n# Determine current_global_jump_prob:\n# current_global_jump_prob = global_search_prob # Use the base probability\n# if no_improvement_count >= stagnation_threshold:\n#     current_global_jump_prob = min(1.0, global_search_prob + stagnation_boost) # Cap at 1.0\n#     # Optionally print a message\n#     # print(f\"Stagnation detected. Increasing global jump prob to {current_global_jump_prob:.2f}\")\n\n# if np.random.rand() < current_global_jump_prob:\n#    # Global search\n# else:\n#    # Local search\n\n# After evaluating value and potentially updating best_value:\n# if value < best_value:\n#     best_value = value\n#     best_x, best_y = x, y\n#     no_improvement_count = 0  # Reset counter\n# else:\n#     no_improvement_count += 1\n\n# We also need to ensure that when we force a global jump due to stagnation,\n# we reset the stagnation counter immediately to avoid repeated triggers.\n# However, if we're just *increasing* the probability, the counter should still increment.\n# Let's stick to increasing the probability. If stagnation persists, the probability will remain high.\n\n# The current code directly uses `global_search_prob`. We need to introduce `current_global_jump_prob`.\n```\n\nLet's make the changes.\n\nFirst, rename `global_search_prob` to `base_global_search_prob` for clarity.\nThen, introduce `stagnation_threshold`, `stagnation_boost`, and `no_improvement_count`.\nFinally, use `current_global_jump_prob` in the `if np.random.rand() < ...` condition.\n\n```python\n# Original code snippet for search_algorithm:\n# ...\n#     # Parameters for the hybrid search strategy\n#     global_search_prob = 0.15  # Probability of performing a global random jump (exploration)\n#     initial_local_step_factor = 0.8  # Initial relative range for local search (e.g., 0.8 * total_range)\n#     final_local_step_factor = 0.005 # Final relative range for local search (e.g., 0.005 * total_range)\n#\n#     search_range = bounds[1] - bounds[0] # Total range of the search space\n#\n#     for i in range(iterations):\n#         # Determine whether to perform a global jump or a local perturbation\n#         if np.random.rand() < global_search_prob:\n#             # Global random search: explore new, distant areas to escape local minima\n#             x = np.random.uniform(bounds[0], bounds[1])\n#             y = np.random.uniform(bounds[0], bounds[1])\n#         else:\n#             # Local search: exploit promising regions around the current best point\n#             # The step size for local search decreases linearly over iterations (annealing-like behavior)\n#             t = i / iterations # Normalized iteration progress (0 to 1)\n#             current_local_step_factor = initial_local_step_factor * (1 - t) + final_local_step_factor * t\n#             local_range = search_range * current_local_step_factor\n#\n#             # Generate a candidate point by perturbing the current best_x, best_y\n#             x_candidate = np.random.uniform(best_x - local_range/2, best_x + local_range/2)\n#             y_candidate = np.random.uniform(best_y - local_range/2, best_y + local_range/2)\n#\n#             # Clip candidates to ensure they stay within the overall defined search bounds\n#             x = np.clip(x_candidate, bounds[0], bounds[1])\n#             y = np.clip(y_candidate, bounds[0], bounds[1])\n#\n#         value = evaluate_function(x, y)\n#\n#         # Update the best found solution if the current candidate is better\n#         if value < best_value:\n#             best_value = value\n#             best_x, best_y = x, y\n#\n#     return best_x, best_y, best_value\n```\n\nNow, let's apply the changes.\n\n**Change 1:** Introduce stagnation parameters and dynamic probability.\n\n<<<<<<< SEARCH\n# Parameters for the hybrid search strategy\nglobal_search_prob = 0.15  # Probability of performing a global random jump (exploration)\ninitial_local_step_factor = 0.8  # Initial relative range for local search (e.g., 0.8 * total_range)\nfinal_local_step_factor = 0.005 # Final relative range for local search (e.g., 0.005 * total_range)\n\nsearch_range = bounds[1] - bounds[0] # Total range of the search space\n\nfor i in range(iterations):\n    # Determine whether to perform a global jump or a local perturbation\n    if np.random.rand() < global_search_prob:\n        # Global random search: explore new, distant areas to escape local minima\n        x = np.random.uniform(bounds[0], bounds[1])\n        y = np.random.uniform(bounds[0], bounds[1])\n    else:\n        # Local search: exploit promising regions around the current best point\n        # The step size for local search decreases linearly over iterations (annealing-like behavior)\n        t = i / iterations # Normalized iteration progress (0 to 1)\n        current_local_step_factor = initial_local_step_factor * (1 - t) + final_local_step_factor * t\n        local_range = search_range * current_local_step_factor\n\n        # Generate a candidate point by perturbing the current best_x, best_y\n        x_candidate = np.random.uniform(best_x - local_range/2, best_x + local_range/2)\n        y_candidate = np.random.uniform(best_y - local_range/2, best_y + local_range/2)\n\n        # Clip candidates to ensure they stay within the overall defined search bounds\n        x = np.clip(x_candidate, bounds[0], bounds[1])\n        y = np.clip(y_candidate, bounds[0], bounds[1])\n\n    value = evaluate_function(x, y)\n\n    # Update the best found solution if the current candidate is better\n    if value < best_value:\n        best_value = value\n        best_x, best_y = x, y\n=======\n# Parameters for the hybrid search strategy\nbase_global_search_prob = 0.15  # Base probability of performing a global random jump (exploration)\ninitial_local_step_factor = 0.8  # Initial relative range for local search (e.g., 0.8 * total_range)\nfinal_local_step_factor = 0.005 # Final relative range for local search (e.g., 0.005 * total_range)\n\n# Stagnation detection parameters\nstagnation_threshold = 100  # Number of iterations without improvement before triggering action\nstagnation_boost = 0.3      # Additional probability for global jump when stagnated\nno_improvement_count = 0    # Counter for iterations without improvement\n\nsearch_range = bounds[1] - bounds[0] # Total range of the search space\n\nfor i in range(iterations):\n    # Determine the current probability for a global jump\n    current_global_jump_prob = base_global_search_prob\n    if no_improvement_count >= stagnation_threshold:\n        # Increase the probability of a global jump if stagnated, capped at 1.0\n        current_global_jump_prob = min(1.0, base_global_search_prob + stagnation_boost)\n        # Optional: print a message indicating stagnation and increased jump probability\n        # print(f\"Iteration {i}: Stagnation detected. Global jump probability increased to {current_global_jump_prob:.2f}\")\n\n    # Determine whether to perform a global jump or a local perturbation\n    if np.random.rand() < current_global_jump_prob:\n        # Global random search: explore new, distant areas to escape local minima\n        x = np.random.uniform(bounds[0], bounds[1])\n        y = np.random.uniform(bounds[0], bounds[1])\n    else:\n        # Local search: exploit promising regions around the current best point\n        # The step size for local search decreases linearly over iterations (annealing-like behavior)\n        t = i / iterations # Normalized iteration progress (0 to 1)\n        current_local_step_factor = initial_local_step_factor * (1 - t) + final_local_step_factor * t\n        local_range = search_range * current_local_step_factor\n\n        # Generate a candidate point by perturbing the current best_x, best_y\n        x_candidate = np.random.uniform(best_x - local_range/2, best_x + local_range/2)\n        y_candidate = np.random.uniform(best_y - local_range/2, best_y + local_range/2)\n\n        # Clip candidates to ensure they stay within the overall defined search bounds\n        x = np.clip(x_candidate, bounds[0], bounds[1])\n        y = np.clip(y_candidate, bounds[0], bounds[1])\n\n    value = evaluate_function(x, y)\n\n    # Update the best found solution if the current candidate is better\n    if value < best_value:\n        best_value = value\n        best_x, best_y = x, y\n        no_improvement_count = 0  # Reset counter on improvement\n    else:\n        no_improvement_count += 1 # Increment counter if no improvement\n>>>>>>> REPLACE\n\n**Reasoning:**\n\nThe primary challenge in optimizing functions with many local minima is escaping these traps. The current algorithm uses a fixed probability for global exploration, which might not be sufficient when the search gets stuck.\n\nThe proposed changes introduce a **stagnation detection mechanism**:\n1.  **`no_improvement_count`**: This variable keeps track of how many consecutive iterations have passed without finding a better `best_value`.\n2.  **`stagnation_threshold`**: This defines how many iterations without improvement are considered \"stagnation.\" A value of 100 out of 1000 iterations is a reasonable starting point, meaning 10% of the search time without progress.\n3.  **`stagnation_boost`**: When stagnation is detected, the `base_global_search_prob` is temporarily increased by this `stagnation_boost` value. This significantly increases the chance of performing a global jump, which is more likely to move the search out of a local minimum. The probability is capped at 1.0 to prevent invalid probabilities.\n4.  **`current_global_jump_prob`**: This variable is used in the conditional check, ensuring that the probability of a global jump adapts based on the stagnation status.\n5.  **Resetting `no_improvement_count`**: Crucially, `no_improvement_count` is reset to 0 whenever a new `best_value` is found. This ensures that the stagnation mechanism only triggers when the search is truly stuck.\n\nThis adaptive strategy makes the search more robust. It behaves like a standard hybrid search when making progress but becomes more exploratory (higher chance of global jumps) when it detects it's no longer improving, which is key to escaping local minima.\n\nThis change is expected to improve the fitness score by increasing the likelihood of finding the global minimum and reducing the chances of getting permanently trapped in suboptimal regions.\n\nThe code length has increased, but the logic is more sophisticated for escaping local minima, which is the core problem. The existing code also had comments that were part of the \"simple random search\" description, which is now a hybrid search. The new code's comments better reflect the hybrid nature and the stagnation mechanism."]}}, "artifacts_json": "{\"stage1_result\": \"Found solution at x=-1.7239, y=0.6830 with value=-1.5183\", \"distance_to_global\": \"0.0205\", \"solution_quality\": \"Distance < 0.5: Very close\", \"convergence_info\": \"Converged in 10 trials with 10 successes\", \"best_position\": \"Final position: x=1.5954, y=2.9248\", \"average_distance_to_global\": \"0.4123\", \"search_efficiency\": \"Success rate: 100.00%\"}", "artifact_dir": null}