{"id": "dd707c5b-9e71-4813-b7c3-4058d38c86a5", "code": "# EVOLVE-BLOCK-START\n\"\"\"Function minimization example for OpenEvolve\"\"\"\nimport numpy as np\n\n\ndef search_algorithm(iterations=1000, bounds=(-5, 5)):\n    \"\"\"\n    A simple random search algorithm that often gets stuck in local minima.\n\n    Args:\n        iterations: Number of iterations to run\n        bounds: Bounds for the search space (min, max)\n\n    Returns:\n        Tuple of (best_x, best_y, best_value)\n    \"\"\"\n    # Initialize with a random point\n    best_x = np.random.uniform(bounds[0], bounds[1])\n    best_y = np.random.uniform(bounds[0], bounds[1])\n    best_value = evaluate_function(best_x, best_y)\n\n    # Parameters for the hybrid search strategy\n    initial_global_search_prob = 0.3  # Initial probability of performing a global random jump (exploration)\n    final_global_search_prob = 0.05   # Final probability, decreases over time for more local focus\n    initial_local_step_factor = 0.8   # Initial relative range for local search (e.g., 0.8 * total_range)\n    final_local_step_factor = 0.005   # Final relative range for local search (e.g., 0.005 * total_range)\n    \n    search_range = bounds[1] - bounds[0] # Total range of the search space\n\n    for i in range(iterations):\n        t = i / iterations # Normalized iteration progress (0 to 1)\n\n        # Global search probability decreases linearly over iterations\n        current_global_search_prob = initial_global_search_prob * (1 - t) + final_global_search_prob * t\n\n        # Determine whether to perform a global jump or a local perturbation\n        if np.random.rand() < current_global_search_prob:\n            # Global random search: explore new, distant areas to escape local minima\n            x = np.random.uniform(bounds[0], bounds[1])\n            y = np.random.uniform(bounds[0], bounds[1])\n        else:\n            # Local search: exploit promising regions around the current best point\n            # The step size for local search decreases linearly over iterations (annealing-like behavior)\n            current_local_step_factor = initial_local_step_factor * (1 - t) + final_local_step_factor * t\n            local_range = search_range * current_local_step_factor\n            \n            # Generate a candidate point by perturbing the current best_x, best_y\n            # Using a normal distribution for perturbations, centered at best_x/y.\n            # The standard deviation scales with local_range, concentrating samples\n            # closer to the current best point for efficient exploitation.\n            sigma = local_range / 3.0  # Standard deviation for normal distribution\n            x_candidate = np.random.normal(best_x, sigma)\n            y_candidate = np.random.normal(best_y, sigma)\n            \n            # Clip candidates to ensure they stay within the overall defined search bounds\n            x = np.clip(x_candidate, bounds[0], bounds[1])\n            y = np.clip(y_candidate, bounds[0], bounds[1])\n            \n        value = evaluate_function(x, y)\n\n        # Update the best found solution if the current candidate is better\n        if value < best_value:\n            best_value = value\n            best_x, best_y = x, y\n\n    return best_x, best_y, best_value\n\n\n# EVOLVE-BLOCK-END\n\n\n# This part remains fixed (not evolved)\ndef evaluate_function(x, y):\n    \"\"\"The complex function we're trying to minimize\"\"\"\n    return np.sin(x) * np.cos(y) + np.sin(x * y) + (x**2 + y**2) / 20\n\n\ndef run_search():\n    x, y, value = search_algorithm()\n    return x, y, value\n\n\nif __name__ == \"__main__\":\n    x, y, value = run_search()\n    print(f\"Found minimum at ({x}, {y}) with value {value}\")\n", "language": "python", "parent_id": "c76cf160-fd06-4e28-9bb1-c8e0cd9ec3d6", "generation": 3, "timestamp": 1759267917.1116195, "iteration_found": 16, "metrics": {"runs_successfully": 1.0, "value_score": 0.999582829928774, "distance_score": 0.9900827807992143, "combined_score": 1.4952243738062267, "reliability_score": 1.0}, "complexity": 0.0, "diversity": 0.0, "metadata": {"changes": "Change 1: Replace 27 lines with 36 lines", "parent_metrics": {"runs_successfully": 1.0, "value_score": 0.9897904463422256, "distance_score": 0.709258500322337, "combined_score": 1.3615091599017206, "reliability_score": 1.0}, "island": 1}, "prompts": {"diff_user": {"system": "You are an expert programmer specializing in optimization algorithms. Your task is to improve a function minimization algorithm to find the global minimum of a complex function with many local minima. The function is f(x, y) = sin(x) * cos(y) + sin(x*y) + (x^2 + y^2)/20. Focus on improving the search_algorithm function to reliably find the global minimum, escaping local minima that might trap simple algorithms.", "user": "# Current Program Information\n- Fitness: 1.3615\n- Feature coordinates: No feature coordinates\n- Focus areas: - Fitness unchanged at 1.3615\n- Consider simplifying - code length exceeds 500 characters\n\n## Last Execution Output\n\n### stage1_result\n```\nFound solution at x=-1.7196, y=0.6753 with value=-1.5185\n```\n\n### distance_to_global\n```\n0.0158\n```\n\n### solution_quality\n```\nDistance < 0.5: Very close\n```\n\n### convergence_info\n```\nConverged in 10 trials with 10 successes\n```\n\n### best_position\n```\nFinal position: x=-1.7404, y=0.6694\n```\n\n### average_distance_to_global\n```\n0.4099\n```\n\n### search_efficiency\n```\nSuccess rate: 100.00%\n```\n\n# Program Evolution History\n## Previous Attempts\n\n### Attempt 3\n- Changes: Change 1: Replace 4 lines with 4 lines\n- Metrics: runs_successfully: 1.0000, value_score: 0.9898, distance_score: 0.7093, combined_score: 1.3615, reliability_score: 1.0000\n- Outcome: Mixed results\n\n### Attempt 2\n- Changes: Unknown changes\n- Metrics: runs_successfully: 1.0000, value_score: 0.9995, distance_score: 0.9868, combined_score: 1.4937, reliability_score: 1.0000\n- Outcome: Improvement in all metrics\n\n### Attempt 1\n- Changes: Change 1: Replace 29 lines with 38 lines\n- Metrics: runs_successfully: 1.0000, value_score: 0.9995, distance_score: 0.9891, combined_score: 1.4947, reliability_score: 1.0000\n- Outcome: Mixed results\n\n## Top Performing Programs\n\n### Program 1 (Score: 1.4947)\n```python\n# EVOLVE-BLOCK-START\n\"\"\"Function minimization example for OpenEvolve\"\"\"\nimport numpy as np\n\n\ndef search_algorithm(iterations=1000, bounds=(-5, 5)):\n    \"\"\"\n    A simple random search algorithm that often gets stuck in local minima.\n\n    Args:\n        iterations: Number of iterations to run\n        bounds: Bounds for the search space (min, max)\n\n    Returns:\n        Tuple of (best_x, best_y, best_value)\n    \"\"\"\n    # Initialize with a random point\n    best_x = np.random.uniform(bounds[0], bounds[1])\n    best_y = np.random.uniform(bounds[0], bounds[1])\n    best_value = evaluate_function(best_x, best_y)\n\n    # Parameters for the hybrid search strategy\n    initial_global_search_prob = 0.3  # Initial probability of performing a global random jump (exploration)\n    final_global_search_prob = 0.05   # Final probability, decreases over time for more local focus\n    initial_local_step_factor = 0.8   # Initial relative range for local search (e.g., 0.8 * total_range)\n    final_local_step_factor = 0.005   # Final relative range for local search (e.g., 0.005 * total_range)\n    \n    search_range = bounds[1] - bounds[0] # Total range of the search space\n\n    for i in range(iterations):\n        t = i / iterations # Normalized iteration progress (0 to 1)\n\n        # Global search probability decreases linearly over iterations\n        current_global_search_prob = initial_global_search_prob * (1 - t) + final_global_search_prob * t\n\n        # Determine whether to perform a global jump or a local perturbation\n        if np.random.rand() < current_global_search_prob:\n            # Global random search: explore new, distant areas to escape local minima\n            x = np.random.uniform(bounds[0], bounds[1])\n            y = np.random.uniform(bounds[0], bounds[1])\n        else:\n            # Local search: exploit promising regions around the current best point\n            # The step size for local search decreases linearly over iterations (annealing-like behavior)\n            current_local_step_factor = initial_local_step_factor * (1 - t) + final_local_step_factor * t\n            local_range = search_range * current_local_step_factor\n            \n            # Generate a candidate point by perturbing the current best_x, best_y\n            # Using a normal distribution for perturbations, centered at best_x/y.\n            # The standard deviation scales with local_range, concentrating samples\n            # closer to the current best point for efficient exploitation.\n            sigma = local_range / 3.0  # Standard deviation for normal distribution\n            x_candidate = np.random.normal(best_x, sigma)\n            y_candidate = np.random.normal(best_y, sigma)\n            \n            # Clip candidates to ensure they stay within the overall defined search bounds\n            x = np.clip(x_candidate, bounds[0], bounds[1])\n            y = np.clip(y_candidate, bounds[0], bounds[1])\n            \n        value = evaluate_function(x, y)\n\n        # Update the best found solution if the current candidate is better\n        if value < best_value:\n            best_value = value\n            best_x, best_y = x, y\n\n    return best_x, best_y, best_value\n\n\n# EVOLVE-BLOCK-END\n\n\n# This part remains fixed (not evolved)\ndef evaluate_function(x, y):\n    \"\"\"The complex function we're trying to minimize\"\"\"\n    return np.sin(x) * np.cos(y) + np.sin(x * y) + (x**2 + y**2) / 20\n\n\ndef run_search():\n    x, y, value = search_algorithm()\n    return x, y, value\n\n\nif __name__ == \"__main__\":\n    x, y, value = run_search()\n    print(f\"Found minimum at ({x}, {y}) with value {value}\")\n\n```\nKey features: Performs well on runs_successfully (1.0000), Performs well on value_score (0.9995), Performs well on distance_score (0.9891), Performs well on combined_score (1.4947), Performs well on reliability_score (1.0000)\n\n### Program 2 (Score: 1.4937)\n```python\n# EVOLVE-BLOCK-START\n\"\"\"Function minimization example for OpenEvolve\"\"\"\nimport numpy as np\n\n\ndef search_algorithm(iterations=1000, bounds=(-5, 5)):\n    \"\"\"\n    A simple random search algorithm that often gets stuck in local minima.\n\n    Args:\n        iterations: Number of iterations to run\n        bounds: Bounds for the search space (min, max)\n\n    Returns:\n        Tuple of (best_x, best_y, best_value)\n    \"\"\"\n    # Initialize with a random point\n    best_x = np.random.uniform(bounds[0], bounds[1])\n    best_y = np.random.uniform(bounds[0], bounds[1])\n    best_value = evaluate_function(best_x, best_y)\n\n    # Parameters for the hybrid search strategy\n    global_search_prob = 0.15  # Probability of performing a global random jump (exploration)\n    initial_local_step_factor = 0.8  # Initial relative range for local search (e.g., 0.8 * total_range)\n    final_local_step_factor = 0.005 # Final relative range for local search (e.g., 0.005 * total_range)\n    \n    search_range = bounds[1] - bounds[0] # Total range of the search space\n\n    for i in range(iterations):\n        # Determine whether to perform a global jump or a local perturbation\n        if np.random.rand() < global_search_prob:\n            # Global random search: explore new, distant areas to escape local minima\n            x = np.random.uniform(bounds[0], bounds[1])\n            y = np.random.uniform(bounds[0], bounds[1])\n        else:\n            # Local search: exploit promising regions around the current best point\n            # The step size for local search decreases linearly over iterations (annealing-like behavior)\n            t = i / iterations # Normalized iteration progress (0 to 1)\n            current_local_step_factor = initial_local_step_factor * (1 - t) + final_local_step_factor * t\n            local_range = search_range * current_local_step_factor\n            \n            # Generate a candidate point by perturbing the current best_x, best_y\n            x_candidate = np.random.uniform(best_x - local_range/2, best_x + local_range/2)\n            y_candidate = np.random.uniform(best_y - local_range/2, best_y + local_range/2)\n            \n            # Clip candidates to ensure they stay within the overall defined search bounds\n            x = np.clip(x_candidate, bounds[0], bounds[1])\n            y = np.clip(y_candidate, bounds[0], bounds[1])\n            \n        value = evaluate_function(x, y)\n\n        # Update the best found solution if the current candidate is better\n        if value < best_value:\n            best_value = value\n            best_x, best_y = x, y\n\n    return best_x, best_y, best_value\n\n\n# EVOLVE-BLOCK-END\n\n\n# This part remains fixed (not evolved)\ndef evaluate_function(x, y):\n    \"\"\"The complex function we're trying to minimize\"\"\"\n    return np.sin(x) * np.cos(y) + np.sin(x * y) + (x**2 + y**2) / 20\n\n\ndef run_search():\n    x, y, value = search_algorithm()\n    return x, y, value\n\n\nif __name__ == \"__main__\":\n    x, y, value = run_search()\n    print(f\"Found minimum at ({x}, {y}) with value {value}\")\n\n```\nKey features: Performs well on runs_successfully (1.0000), Performs well on value_score (0.9995), Performs well on distance_score (0.9868), Performs well on combined_score (1.4937), Performs well on reliability_score (1.0000)\n\n### Program 3 (Score: 1.3615)\n```python\n# EVOLVE-BLOCK-START\n\"\"\"Function minimization example for OpenEvolve\"\"\"\nimport numpy as np\n\n\ndef search_algorithm(iterations=1000, bounds=(-5, 5)):\n    \"\"\"\n    A simple random search algorithm that often gets stuck in local minima.\n\n    Args:\n        iterations: Number of iterations to run\n        bounds: Bounds for the search space (min, max)\n\n    Returns:\n        Tuple of (best_x, best_y, best_value)\n    \"\"\"\n    # Initialize with a random point\n    best_x = np.random.uniform(bounds[0], bounds[1])\n    best_y = np.random.uniform(bounds[0], bounds[1])\n    best_value = evaluate_function(best_x, best_y)\n\n    # Parameters for the hybrid search strategy\n    global_search_prob = 0.20  # Increased probability of performing a global random jump (exploration)\n    initial_local_step_factor = 0.9  # Increased initial relative range for local search to explore more broadly\n    final_local_step_factor = 0.005 # Final relative range for local search (e.g., 0.005 * total_range)\n    \n    search_range = bounds[1] - bounds[0] # Total range of the search space\n\n    for i in range(iterations):\n        # Determine whether to perform a global jump or a local perturbation\n        if np.random.rand() < global_search_prob:\n            # Global random search: explore new, distant areas to escape local minima\n            x = np.random.uniform(bounds[0], bounds[1])\n            y = np.random.uniform(bounds[0], bounds[1])\n        else:\n            # Local search: exploit promising regions around the current best point\n            # The step size for local search decreases linearly over iterations (annealing-like behavior)\n            t = i / iterations # Normalized iteration progress (0 to 1)\n            current_local_step_factor = initial_local_step_factor * (1 - t) + final_local_step_factor * t\n            local_range = search_range * current_local_step_factor\n            \n            # Generate a candidate point by perturbing the current best_x, best_y\n            x_candidate = np.random.uniform(best_x - local_range/2, best_x + local_range/2)\n            y_candidate = np.random.uniform(best_y - local_range/2, best_y + local_range/2)\n            \n            # Clip candidates to ensure they stay within the overall defined search bounds\n            x = np.clip(x_candidate, bounds[0], bounds[1])\n            y = np.clip(y_candidate, bounds[0], bounds[1])\n            \n        value = evaluate_function(x, y)\n\n        # Update the best found solution if the current candidate is better\n        if value < best_value:\n            best_value = value\n            best_x, best_y = x, y\n\n    return best_x, best_y, best_value\n\n\n# EVOLVE-BLOCK-END\n\n\n# This part remains fixed (not evolved)\ndef evaluate_function(x, y):\n    \"\"\"The complex function we're trying to minimize\"\"\"\n    return np.sin(x) * np.cos(y) + np.sin(x * y) + (x**2 + y**2) / 20\n\n\ndef run_search():\n    x, y, value = search_algorithm()\n    return x, y, value\n\n\nif __name__ == \"__main__\":\n    x, y, value = run_search()\n    print(f\"Found minimum at ({x}, {y}) with value {value}\")\n\n```\nKey features: Performs well on runs_successfully (1.0000), Performs well on value_score (0.9898), Performs well on distance_score (0.7093), Performs well on combined_score (1.3615), Performs well on reliability_score (1.0000)\n\n## Inspiration Programs\n\nThese programs represent diverse approaches and creative solutions that may inspire new ideas:\n\n### Inspiration 1 (Score: 1.4947, Type: High-Performer)\n```python\n# EVOLVE-BLOCK-START\n\"\"\"Function minimization example for OpenEvolve\"\"\"\nimport numpy as np\n\n\ndef search_algorithm(iterations=1000, bounds=(-5, 5)):\n    \"\"\"\n    A simple random search algorithm that often gets stuck in local minima.\n\n    Args:\n        iterations: Number of iterations to run\n        bounds: Bounds for the search space (min, max)\n\n    Returns:\n        Tuple of (best_x, best_y, best_value)\n    \"\"\"\n    # Initialize with a random point\n    best_x = np.random.uniform(bounds[0], bounds[1])\n    best_y = np.random.uniform(bounds[0], bounds[1])\n    best_value = evaluate_function(best_x, best_y)\n\n    # Parameters for the hybrid search strategy\n    initial_global_search_prob = 0.3  # Initial probability of performing a global random jump (exploration)\n    final_global_search_prob = 0.05   # Final probability, decreases over time for more local focus\n    initial_local_step_factor = 0.8   # Initial relative range for local search (e.g., 0.8 * total_range)\n    final_local_step_factor = 0.005   # Final relative range for local search (e.g., 0.005 * total_range)\n    \n    search_range = bounds[1] - bounds[0] # Total range of the search space\n\n    for i in range(iterations):\n        t = i / iterations # Normalized iteration progress (0 to 1)\n\n        # Global search probability decreases linearly over iterations\n        current_global_search_prob = initial_global_search_prob * (1 - t) + final_global_search_prob * t\n\n        # Determine whether to perform a global jump or a local perturbation\n        if np.random.rand() < current_global_search_prob:\n            # Global random search: explore new, distant areas to escape local minima\n            x = np.random.uniform(bounds[0], bounds[1])\n            y = np.random.uniform(bounds[0], bounds[1])\n        else:\n            # Local search: exploit promising regions around the current best point\n            # The step size for local search decreases linearly over iterations (annealing-like behavior)\n            current_local_step_factor = initial_local_step_factor * (1 - t) + final_local_step_factor * t\n            local_range = search_range * current_local_step_factor\n            \n            # Generate a candidate point by perturbing the current best_x, best_y\n            # Using a normal distribution for perturbations, centered at best_x/y.\n            # The standard deviation scales with local_range, concentrating samples\n            # closer to the current best point for efficient exploitation.\n            sigma = local_range / 3.0  # Standard deviation for normal distribution\n            x_candidate = np.random.normal(best_x, sigma)\n            y_candidate = np.random.normal(best_y, sigma)\n            \n            # Clip candidates to ensure they stay within the overall defined search bounds\n            x = np.clip(x_candidate, bounds[0], bounds[1])\n            y = np.clip(y_candidate, bounds[0], bounds[1])\n            \n        value = evaluate_function(x, y)\n\n        # Update the best found solution if the current candidate is better\n        if value < best_value:\n            best_value = value\n            best_x, best_y = x, y\n\n    return best_x, best_y, best_value\n\n\n# EVOLVE-BLOCK-END\n\n\n# This part remains fixed (not evolved)\ndef evaluate_function(x, y):\n    \"\"\"The complex function we're trying to minimize\"\"\"\n    return np.sin(x) * np.cos(y) + np.sin(x * y) + (x**2 + y**2) / 20\n\n\ndef run_search():\n    x, y, value = search_algorithm()\n    return x, y, value\n\n\nif __name__ == \"__main__\":\n    x, y, value = run_search()\n    print(f\"Found minimum at ({x}, {y}) with value {value}\")\n\n```\nUnique approach: Modification: Change 1: Replace 29 lines with 38 lines, Excellent runs_successfully (1.000), Excellent value_score (1.000)\n\n### Inspiration 2 (Score: 1.4937, Type: High-Performer)\n```python\n# EVOLVE-BLOCK-START\n\"\"\"Function minimization example for OpenEvolve\"\"\"\nimport numpy as np\n\n\ndef search_algorithm(iterations=1000, bounds=(-5, 5)):\n    \"\"\"\n    A simple random search algorithm that often gets stuck in local minima.\n\n    Args:\n        iterations: Number of iterations to run\n        bounds: Bounds for the search space (min, max)\n\n    Returns:\n        Tuple of (best_x, best_y, best_value)\n    \"\"\"\n    # Initialize with a random point\n    best_x = np.random.uniform(bounds[0], bounds[1])\n    best_y = np.random.uniform(bounds[0], bounds[1])\n    best_value = evaluate_function(best_x, best_y)\n\n    # Parameters for the hybrid search strategy\n    global_search_prob = 0.15  # Probability of performing a global random jump (exploration)\n    initial_local_step_factor = 0.8  # Initial relative range for local search (e.g., 0.8 * total_range)\n    final_local_step_factor = 0.005 # Final relative range for local search (e.g., 0.005 * total_range)\n    \n    search_range = bounds[1] - bounds[0] # Total range of the search space\n\n    for i in range(iterations):\n        # Determine whether to perform a global jump or a local perturbation\n        if np.random.rand() < global_search_prob:\n            # Global random search: explore new, distant areas to escape local minima\n            x = np.random.uniform(bounds[0], bounds[1])\n            y = np.random.uniform(bounds[0], bounds[1])\n        else:\n            # Local search: exploit promising regions around the current best point\n            # The step size for local search decreases linearly over iterations (annealing-like behavior)\n            t = i / iterations # Normalized iteration progress (0 to 1)\n            current_local_step_factor = initial_local_step_factor * (1 - t) + final_local_step_factor * t\n            local_range = search_range * current_local_step_factor\n            \n            # Generate a candidate point by perturbing the current best_x, best_y\n            x_candidate = np.random.uniform(best_x - local_range/2, best_x + local_range/2)\n            y_candidate = np.random.uniform(best_y - local_range/2, best_y + local_range/2)\n            \n            # Clip candidates to ensure they stay within the overall defined search bounds\n            x = np.clip(x_candidate, bounds[0], bounds[1])\n            y = np.clip(y_candidate, bounds[0], bounds[1])\n            \n        value = evaluate_function(x, y)\n\n        # Update the best found solution if the current candidate is better\n        if value < best_value:\n            best_value = value\n            best_x, best_y = x, y\n\n    return best_x, best_y, best_value\n\n\n# EVOLVE-BLOCK-END\n\n\n# This part remains fixed (not evolved)\ndef evaluate_function(x, y):\n    \"\"\"The complex function we're trying to minimize\"\"\"\n    return np.sin(x) * np.cos(y) + np.sin(x * y) + (x**2 + y**2) / 20\n\n\ndef run_search():\n    x, y, value = search_algorithm()\n    return x, y, value\n\n\nif __name__ == \"__main__\":\n    x, y, value = run_search()\n    print(f\"Found minimum at ({x}, {y}) with value {value}\")\n\n```\nUnique approach: Excellent runs_successfully (1.000), Excellent value_score (1.000), Excellent distance_score (0.987)\n\n# Current Program\n```python\n# EVOLVE-BLOCK-START\n\"\"\"Function minimization example for OpenEvolve\"\"\"\nimport numpy as np\n\n\ndef search_algorithm(iterations=1000, bounds=(-5, 5)):\n    \"\"\"\n    A simple random search algorithm that often gets stuck in local minima.\n\n    Args:\n        iterations: Number of iterations to run\n        bounds: Bounds for the search space (min, max)\n\n    Returns:\n        Tuple of (best_x, best_y, best_value)\n    \"\"\"\n    # Initialize with a random point\n    best_x = np.random.uniform(bounds[0], bounds[1])\n    best_y = np.random.uniform(bounds[0], bounds[1])\n    best_value = evaluate_function(best_x, best_y)\n\n    # Parameters for the hybrid search strategy\n    global_search_prob = 0.20  # Increased probability of performing a global random jump (exploration)\n    initial_local_step_factor = 0.9  # Increased initial relative range for local search to explore more broadly\n    final_local_step_factor = 0.005 # Final relative range for local search (e.g., 0.005 * total_range)\n    \n    search_range = bounds[1] - bounds[0] # Total range of the search space\n\n    for i in range(iterations):\n        # Determine whether to perform a global jump or a local perturbation\n        if np.random.rand() < global_search_prob:\n            # Global random search: explore new, distant areas to escape local minima\n            x = np.random.uniform(bounds[0], bounds[1])\n            y = np.random.uniform(bounds[0], bounds[1])\n        else:\n            # Local search: exploit promising regions around the current best point\n            # The step size for local search decreases linearly over iterations (annealing-like behavior)\n            t = i / iterations # Normalized iteration progress (0 to 1)\n            current_local_step_factor = initial_local_step_factor * (1 - t) + final_local_step_factor * t\n            local_range = search_range * current_local_step_factor\n            \n            # Generate a candidate point by perturbing the current best_x, best_y\n            x_candidate = np.random.uniform(best_x - local_range/2, best_x + local_range/2)\n            y_candidate = np.random.uniform(best_y - local_range/2, best_y + local_range/2)\n            \n            # Clip candidates to ensure they stay within the overall defined search bounds\n            x = np.clip(x_candidate, bounds[0], bounds[1])\n            y = np.clip(y_candidate, bounds[0], bounds[1])\n            \n        value = evaluate_function(x, y)\n\n        # Update the best found solution if the current candidate is better\n        if value < best_value:\n            best_value = value\n            best_x, best_y = x, y\n\n    return best_x, best_y, best_value\n\n\n# EVOLVE-BLOCK-END\n\n\n# This part remains fixed (not evolved)\ndef evaluate_function(x, y):\n    \"\"\"The complex function we're trying to minimize\"\"\"\n    return np.sin(x) * np.cos(y) + np.sin(x * y) + (x**2 + y**2) / 20\n\n\ndef run_search():\n    x, y, value = search_algorithm()\n    return x, y, value\n\n\nif __name__ == \"__main__\":\n    x, y, value = run_search()\n    print(f\"Found minimum at ({x}, {y}) with value {value}\")\n\n```\n\n# Task\nSuggest improvements to the program that will improve its FITNESS SCORE.\nThe system maintains diversity across these dimensions: complexity, diversity\nDifferent solutions with similar fitness but different features are valuable.\n\nYou MUST use the exact SEARCH/REPLACE diff format shown below to indicate changes:\n\n<<<<<<< SEARCH\n# Original code to find and replace (must match exactly)\n=======\n# New replacement code\n>>>>>>> REPLACE\n\nExample of valid diff format:\n<<<<<<< SEARCH\nfor i in range(m):\n    for j in range(p):\n        for k in range(n):\n            C[i, j] += A[i, k] * B[k, j]\n=======\n# Reorder loops for better memory access pattern\nfor i in range(m):\n    for k in range(n):\n        for j in range(p):\n            C[i, j] += A[i, k] * B[k, j]\n>>>>>>> REPLACE\n\nYou can suggest multiple changes. Each SEARCH section must exactly match code in the current program.\nBe thoughtful about your changes and explain your reasoning thoroughly.\n\nIMPORTANT: Do not rewrite the entire program - focus on targeted improvements.", "responses": ["The current program uses a hybrid search strategy that combines global random exploration with local refinement. While this is a good starting point for escaping local minima, its effectiveness can be further enhanced. The current implementation's local search uses a uniform distribution to generate candidates within a shrinking range. For complex functions with many local minima, a more sophisticated local search that can better exploit promising areas and avoid getting stuck in shallow local minima would be beneficial.\n\nHere are a few suggestions for improvement:\n\n1.  **Introduce Simulated Annealing for Local Search:** Instead of purely exploiting the current best, a simulated annealing-like approach for local search can help escape shallow local minima. This involves accepting slightly worse solutions with a certain probability, which decreases over time. This can be implemented by adjusting the `np.random.uniform` to a distribution that can sometimes yield worse values.\n\n2.  **Adaptive Step Size for Local Search:** The current local search step size decreases linearly. An adaptive approach that adjusts the step size based on the success rate of local improvements could be more effective. If local search is consistently finding improvements, the step size can be reduced. If it's stagnating, the step size can be increased slightly to explore more.\n\n3.  **Population-Based Approach (Optional but highly effective):** For truly robust global optimization, a population-based approach like Genetic Algorithms or Differential Evolution is often superior. This involves maintaining a population of candidate solutions and using operations like selection, crossover, and mutation to evolve the population towards better solutions. However, this would significantly change the structure of the `search_algorithm` and might exceed the scope of a simple modification.\n\nLet's focus on implementing a more robust local search using a Gaussian perturbation and a slightly more aggressive exploration strategy. The top-performing programs (Program 1 and Inspiration 1) already use Gaussian perturbations for local search, which is a good indication. However, the current program's `global_search_prob` is a fixed value, which might not be optimal. We can make this adaptive.\n\n### Improvement 1: Adaptive Global Search Probability and Gaussian Perturbation\n\nThe current `global_search_prob` is fixed. We can make it decrease more dynamically, similar to Inspiration 1, and also use Gaussian perturbations for local search, which is generally more effective for fine-tuning.\n\n<<<<<<< SEARCH\n    # Parameters for the hybrid search strategy\n    global_search_prob = 0.20  # Increased probability of performing a global random jump (exploration)\n    initial_local_step_factor = 0.9  # Increased initial relative range for local search to explore more broadly\n    final_local_step_factor = 0.005 # Final relative range for local search (e.g., 0.005 * total_range)\n    \n    search_range = bounds[1] - bounds[0] # Total range of the search space\n\n    for i in range(iterations):\n        # Determine whether to perform a global jump or a local perturbation\n        if np.random.rand() < global_search_prob:\n            # Global random search: explore new, distant areas to escape local minima\n            x = np.random.uniform(bounds[0], bounds[1])\n            y = np.random.uniform(bounds[0], bounds[1])\n        else:\n            # Local search: exploit promising regions around the current best point\n            # The step size for local search decreases linearly over iterations (annealing-like behavior)\n            t = i / iterations # Normalized iteration progress (0 to 1)\n            current_local_step_factor = initial_local_step_factor * (1 - t) + final_local_step_factor * t\n            local_range = search_range * current_local_step_factor\n            \n            # Generate a candidate point by perturbing the current best_x, best_y\n            x_candidate = np.random.uniform(best_x - local_range/2, best_x + local_range/2)\n            y_candidate = np.random.uniform(best_y - local_range/2, best_y + local_range/2)\n            \n            # Clip candidates to ensure they stay within the overall defined search bounds\n            x = np.clip(x_candidate, bounds[0], bounds[1])\n            y = np.clip(y_candidate, bounds[0], bounds[1])\n=======\n    # Parameters for the hybrid search strategy\n    initial_global_search_prob = 0.3  # Initial probability of performing a global random jump (exploration)\n    final_global_search_prob = 0.05   # Final probability, decreases over time for more local focus\n    initial_local_step_factor = 0.8   # Initial relative range for local search (e.g., 0.8 * total_range)\n    final_local_step_factor = 0.005   # Final relative range for local search (e.g., 0.005 * total_range)\n    \n    search_range = bounds[1] - bounds[0] # Total range of the search space\n\n    for i in range(iterations):\n        t = i / iterations # Normalized iteration progress (0 to 1)\n\n        # Global search probability decreases linearly over iterations\n        current_global_search_prob = initial_global_search_prob * (1 - t) + final_global_search_prob * t\n\n        # Determine whether to perform a global jump or a local perturbation\n        if np.random.rand() < current_global_search_prob:\n            # Global random search: explore new, distant areas to escape local minima\n            x = np.random.uniform(bounds[0], bounds[1])\n            y = np.random.uniform(bounds[0], bounds[1])\n        else:\n            # Local search: exploit promising regions around the current best point\n            # The step size for local search decreases linearly over iterations (annealing-like behavior)\n            current_local_step_factor = initial_local_step_factor * (1 - t) + final_local_step_factor * t\n            local_range = search_range * current_local_step_factor\n            \n            # Generate a candidate point by perturbing the current best_x, best_y\n            # Using a normal distribution for perturbations, centered at best_x/y.\n            # The standard deviation scales with local_range, concentrating samples\n            # closer to the current best point for efficient exploitation.\n            sigma = local_range / 3.0  # Standard deviation for normal distribution\n            x_candidate = np.random.normal(best_x, sigma)\n            y_candidate = np.random.normal(best_y, sigma)\n            \n            # Clip candidates to ensure they stay within the overall defined search bounds\n            x = np.clip(x_candidate, bounds[0], bounds[1])\n            y = np.clip(y_candidate, bounds[0], bounds[1])\n>>>>>>> REPLACE\n\n**Reasoning for Improvement 1:**\n\n*   **Adaptive Global Search Probability:** By making the `global_search_prob` decrease over time (similar to Inspiration 1), the algorithm starts with a higher probability of exploration and gradually shifts towards exploitation. This is a more robust strategy for complex landscapes than a fixed probability.\n*   **Gaussian Perturbation for Local Search:** Using `np.random.normal` for local search perturbations, as seen in Inspiration 1, is generally more effective than uniform perturbations. It allows for finer adjustments around the current best solution and can more efficiently explore the local neighborhood. The standard deviation (`sigma`) is scaled by `local_range`, ensuring that the perturbation size adapts to the overall search space and the current stage of the optimization. This is a key feature that contributed to the high scores of Inspiration 1.\n\nThis change is inspired by the top-performing programs and aims to combine their strengths. The adaptive probability of global search helps ensure that the algorithm doesn't prematurely settle into a local minimum, while the Gaussian perturbation allows for more precise local refinement."]}}, "artifacts_json": "{\"stage1_result\": \"Found solution at x=-1.6934, y=0.6851 with value=-1.5186\", \"distance_to_global\": \"0.0128\", \"solution_quality\": \"Distance < 0.5: Very close\", \"convergence_info\": \"Converged in 10 trials with 10 successes\", \"best_position\": \"Final position: x=-1.7157, y=0.6725\", \"average_distance_to_global\": \"0.0100\", \"search_efficiency\": \"Success rate: 100.00%\"}", "artifact_dir": null}