{"id": "160aa106-6b0d-4c82-9de8-72ee8c0510aa", "code": "# EVOLVE-BLOCK-START\n\"\"\"Function minimization example for OpenEvolve\"\"\"\nimport numpy as np\n\n\ndef search_algorithm(iterations=1000, bounds=(-5, 5)):\n    \"\"\"\n    Hybrid search combining global random exploration with local exploitation,\n    adapting search radius and global jump probability over iterations to escape local minima.\n    \"\"\"\n    # Initialize with a random point\n    best_x = np.random.uniform(bounds[0], bounds[1])\n    best_y = np.random.uniform(bounds[0], bounds[1])\n    best_value = evaluate_function(best_x, best_y)\n\n    search_range = bounds[1] - bounds[0]\n    \n    for i in range(iterations):\n        # Local search parameters: radius shrinks over iterations\n        local_radius_factor = 0.1 # Max local search radius is 10% of total search_range\n        min_local_radius = 1e-6 # Ensure radius never becomes zero\n        current_local_radius = search_range * local_radius_factor * (1 - i / iterations)\n        current_local_radius = max(current_local_radius, min_local_radius)\n        \n        # Global jump probability: decreases from 60% to 10% over iterations\n        global_jump_prob = 0.5 * (1 - i / iterations) + 0.1 \n\n        if np.random.rand() < global_jump_prob:\n            # Global random search (exploration)\n            x = np.random.uniform(bounds[0], bounds[1])\n            y = np.random.uniform(bounds[0], bounds[1])\n        else:\n            # Local perturbation around current best (exploitation)\n            x = best_x + np.random.uniform(-current_local_radius, current_local_radius)\n            y = best_y + np.random.uniform(-current_local_radius, current_local_radius)\n            \n            # Ensure points stay within bounds\n            x = np.clip(x, bounds[0], bounds[1])\n            y = np.clip(y, bounds[0], bounds[1])\n\n        value = evaluate_function(x, y)\n\n        if value < best_value:\n            best_value = value\n            best_x, best_y = x, y\n\n    return best_x, best_y, best_value\n\n\n# EVOLVE-BLOCK-END\n\n\n# This part remains fixed (not evolved)\ndef evaluate_function(x, y):\n    \"\"\"The complex function we're trying to minimize\"\"\"\n    return np.sin(x) * np.cos(y) + np.sin(x * y) + (x**2 + y**2) / 20\n\n\ndef run_search():\n    x, y, value = search_algorithm()\n    return x, y, value\n\n\nif __name__ == \"__main__\":\n    x, y, value = run_search()\n    print(f\"Found minimum at ({x}, {y}) with value {value}\")\n", "language": "python", "parent_id": "5669d59c-fdb1-4f01-9d87-3fe2e6d8cee1", "generation": 2, "timestamp": 1759267967.1544826, "iteration_found": 23, "metrics": {"runs_successfully": 1.0, "value_score": 0.9899631851302322, "distance_score": 0.7135728608917056, "combined_score": 1.3635801762489417, "reliability_score": 1.0}, "complexity": 0.0, "diversity": 0.0, "metadata": {"changes": "Change 1: Replace 7 lines with 7 lines", "parent_metrics": {"runs_successfully": 1.0, "value_score": 0.9996823709336047, "distance_score": 0.9979811252005304, "combined_score": 1.498853284540442, "reliability_score": 1.0}, "island": 0}, "prompts": {"diff_user": {"system": "You are an expert programmer specializing in optimization algorithms. Your task is to improve a function minimization algorithm to find the global minimum of a complex function with many local minima. The function is f(x, y) = sin(x) * cos(y) + sin(x*y) + (x^2 + y^2)/20. Focus on improving the search_algorithm function to reliably find the global minimum, escaping local minima that might trap simple algorithms.", "user": "# Current Program Information\n- Fitness: 1.4989\n- Feature coordinates: No feature coordinates\n- Focus areas: - Fitness improved: 1.4950 \u00e2\u2020\u2019 1.4989\n- Consider simplifying - code length exceeds 500 characters\n\n## Last Execution Output\n\n### stage1_result\n```\nFound solution at x=-1.7041, y=0.6768 with value=-1.5187\n```\n\n### distance_to_global\n```\n0.0012\n```\n\n### solution_quality\n```\nDistance < 0.5: Very close\n```\n\n### convergence_info\n```\nConverged in 10 trials with 10 successes\n```\n\n### best_position\n```\nFinal position: x=-1.7045, y=0.6767\n```\n\n### average_distance_to_global\n```\n0.0020\n```\n\n### search_efficiency\n```\nSuccess rate: 100.00%\n```\n\n# Program Evolution History\n## Previous Attempts\n\n### Attempt 3\n- Changes: Change 1: Replace 9 lines with 22 lines\n- Metrics: runs_successfully: 1.0000, value_score: 0.9996, distance_score: 0.9896, combined_score: 1.4950, reliability_score: 1.0000\n- Outcome: Mixed results\n\n### Attempt 2\n- Changes: Change 1: Replace 10 lines with 4 lines\nChange 2: Replace 16 lines with 37 lines\n- Metrics: runs_successfully: 1.0000, value_score: 0.9997, distance_score: 0.9980, combined_score: 1.4989, reliability_score: 1.0000\n- Outcome: Mixed results\n\n### Attempt 1\n- Changes: Change 1: Replace 22 lines with 32 lines\n- Metrics: runs_successfully: 1.0000, value_score: 0.9997, distance_score: 0.9985, combined_score: 1.4991, reliability_score: 1.0000\n- Outcome: Mixed results\n\n## Top Performing Programs\n\n### Program 1 (Score: 1.4991)\n```python\n# EVOLVE-BLOCK-START\n\"\"\"Function minimization example for OpenEvolve\"\"\"\nimport numpy as np\n\n\ndef search_algorithm(iterations=1000, bounds=(-5, 5)):\n    \"\"\"\n    A simple random search algorithm that often gets stuck in local minima.\n\n    Args:\n        iterations: Number of iterations to run\n        bounds: Bounds for the search space (min, max)\n\n    Returns:\n        Tuple of (best_x, best_y, best_value)\n    \"\"\"\n    # Initialize with a random point\n    best_x = np.random.uniform(bounds[0], bounds[1])\n    best_y = np.random.uniform(bounds[0], bounds[1])\n    best_value = evaluate_function(best_x, best_y)\n\n    search_range = bounds[1] - bounds[0]\n    \n    for i in range(iterations):\n        # Local search parameters: radius shrinks over iterations\n        # Start with a larger radius and decrease it to focus the search.\n        local_radius_factor = 0.1 # Max local search radius is 10% of total search_range\n        min_local_radius = 1e-6 # Ensure radius never becomes zero\n        current_local_radius = search_range * local_radius_factor * (1 - i / iterations)\n        current_local_radius = max(current_local_radius, min_local_radius)\n        \n        # Global jump probability: decreases over iterations to favor local search later.\n        # Starts higher (e.g., 0.6) and goes down (e.g., to 0.1).\n        global_jump_prob = 0.5 * (1 - i / iterations) + 0.1 \n\n        if np.random.rand() < global_jump_prob:\n            # Global random search (exploration): jump to a new random location\n            x = np.random.uniform(bounds[0], bounds[1])\n            y = np.random.uniform(bounds[0], bounds[1])\n        else:\n            # Local perturbation around current best (exploitation): refine the solution\n            x = best_x + np.random.uniform(-current_local_radius, current_local_radius)\n            y = best_y + np.random.uniform(-current_local_radius, current_local_radius)\n            \n            # Ensure points stay within bounds\n            x = np.clip(x, bounds[0], bounds[1])\n            y = np.clip(y, bounds[0], bounds[1])\n\n        value = evaluate_function(x, y)\n\n        if value < best_value:\n            best_value = value\n            best_x, best_y = x, y\n\n    return best_x, best_y, best_value\n\n\n# EVOLVE-BLOCK-END\n\n\n# This part remains fixed (not evolved)\ndef evaluate_function(x, y):\n    \"\"\"The complex function we're trying to minimize\"\"\"\n    return np.sin(x) * np.cos(y) + np.sin(x * y) + (x**2 + y**2) / 20\n\n\ndef run_search():\n    x, y, value = search_algorithm()\n    return x, y, value\n\n\nif __name__ == \"__main__\":\n    x, y, value = run_search()\n    print(f\"Found minimum at ({x}, {y}) with value {value}\")\n\n```\nKey features: Performs well on runs_successfully (1.0000), Performs well on value_score (0.9997), Performs well on distance_score (0.9985), Performs well on combined_score (1.4991), Performs well on reliability_score (1.0000)\n\n### Program 2 (Score: 1.4989)\n```python\n# EVOLVE-BLOCK-START\n\"\"\"Function minimization example for OpenEvolve\"\"\"\nimport numpy as np\n\n\ndef search_algorithm(iterations=1000, bounds=(-5, 5)):\n    \"\"\"\n    Hybrid search combining global random exploration with local exploitation,\n    adapting search radius and global jump probability over iterations to escape local minima.\n    \"\"\"\n    # Initialize with a random point\n    best_x = np.random.uniform(bounds[0], bounds[1])\n    best_y = np.random.uniform(bounds[0], bounds[1])\n    best_value = evaluate_function(best_x, best_y)\n\n    search_range = bounds[1] - bounds[0]\n    \n    for i in range(iterations):\n        # Local search parameters: radius shrinks over iterations\n        local_radius_factor = 0.1 # Max local search radius is 10% of total search_range\n        min_local_radius = 1e-6 # Ensure radius never becomes zero\n        current_local_radius = search_range * local_radius_factor * (1 - i / iterations)\n        current_local_radius = max(current_local_radius, min_local_radius)\n        \n        # Global jump probability: decreases from 60% to 10% over iterations\n        global_jump_prob = 0.5 * (1 - i / iterations) + 0.1 \n\n        if np.random.rand() < global_jump_prob:\n            # Global random search (exploration)\n            x = np.random.uniform(bounds[0], bounds[1])\n            y = np.random.uniform(bounds[0], bounds[1])\n        else:\n            # Local perturbation around current best (exploitation)\n            x = best_x + np.random.uniform(-current_local_radius, current_local_radius)\n            y = best_y + np.random.uniform(-current_local_radius, current_local_radius)\n            \n            # Ensure points stay within bounds\n            x = np.clip(x, bounds[0], bounds[1])\n            y = np.clip(y, bounds[0], bounds[1])\n\n        value = evaluate_function(x, y)\n\n        if value < best_value:\n            best_value = value\n            best_x, best_y = x, y\n\n    return best_x, best_y, best_value\n\n\n# EVOLVE-BLOCK-END\n\n\n# This part remains fixed (not evolved)\ndef evaluate_function(x, y):\n    \"\"\"The complex function we're trying to minimize\"\"\"\n    return np.sin(x) * np.cos(y) + np.sin(x * y) + (x**2 + y**2) / 20\n\n\ndef run_search():\n    x, y, value = search_algorithm()\n    return x, y, value\n\n\nif __name__ == \"__main__\":\n    x, y, value = run_search()\n    print(f\"Found minimum at ({x}, {y}) with value {value}\")\n\n```\nKey features: Performs well on runs_successfully (1.0000), Performs well on value_score (0.9997), Performs well on distance_score (0.9980), Performs well on combined_score (1.4989), Performs well on reliability_score (1.0000)\n\n### Program 3 (Score: 1.4950)\n```python\n# EVOLVE-BLOCK-START\n\"\"\"Function minimization example for OpenEvolve\"\"\"\nimport numpy as np\n\n\ndef search_algorithm(iterations=1000, bounds=(-5, 5)):\n    \"\"\"\n    A simple random search algorithm that often gets stuck in local minima.\n\n    Args:\n        iterations: Number of iterations to run\n        bounds: Bounds for the search space (min, max)\n\n    Returns:\n        Tuple of (best_x, best_y, best_value)\n    \"\"\"\n    # Initialize with a random point\n    best_x = np.random.uniform(bounds[0], bounds[1])\n    best_y = np.random.uniform(bounds[0], bounds[1])\n    best_value = evaluate_function(best_x, best_y)\n\n    for i in range(iterations):\n        # Adaptive search: blend global exploration with local exploitation\n        # alpha starts at 1.0 (pure global) and goes to 0.0 (pure local around best_x, best_y)\n        alpha = (1.0 - i / iterations)\n\n        # Global random component\n        global_coords = np.random.uniform(bounds[0], bounds[1], 2)\n        \n        # Current best coordinates\n        best_coords = np.array([best_x, best_y])\n\n        # Blend global and local search components\n        candidate_coords = alpha * global_coords + (1 - alpha) * best_coords\n        \n        # Ensure candidate coordinates stay within bounds\n        x, y = np.clip(candidate_coords, bounds[0], bounds[1])\n\n        value = evaluate_function(x, y)\n\n        if value < best_value:\n            best_value = value\n            best_x, best_y = x, y\n\n    return best_x, best_y, best_value\n\n\n# EVOLVE-BLOCK-END\n\n\n# This part remains fixed (not evolved)\ndef evaluate_function(x, y):\n    \"\"\"The complex function we're trying to minimize\"\"\"\n    return np.sin(x) * np.cos(y) + np.sin(x * y) + (x**2 + y**2) / 20\n\n\ndef run_search():\n    x, y, value = search_algorithm()\n    return x, y, value\n\n\nif __name__ == \"__main__\":\n    x, y, value = run_search()\n    print(f\"Found minimum at ({x}, {y}) with value {value}\")\n\n```\nKey features: Performs well on runs_successfully (1.0000), Performs well on value_score (0.9996), Performs well on distance_score (0.9896), Performs well on combined_score (1.4950), Performs well on reliability_score (1.0000)\n\n\n\n## Diverse Programs\n\n### Program D1 (Score: 1.4863)\n```python\n# EVOLVE-BLOCK-START\n\"\"\"Function minimization example for OpenEvolve\"\"\"\nimport numpy as np\n\n\ndef search_algorithm(iterations=1000, bounds=(-5, 5)):\n    \"\"\"\n    A simple random search algorithm that often gets stuck in local minima.\n\n    Args:\n        iterations: Number of iterations to run\n        bounds: Bounds for the search space (min, max)\n\n    Returns:\n        Tuple of (best_x, best_y, best_value)\n    \"\"\"\n    # Initialize with a random point\n    best_x = np.random.uniform(bounds[0], bounds[1])\n    best_y = np.random.uniform(bounds[0], bounds[1])\n    best_value = evaluate_function(best_x, best_y)\n\n    # Define a fixed step size for local perturbations\n    # This enables local exploitation around the current best solution.\n    local_search_step = (bounds[1] - bounds[0]) / 20.0 \n\n    for _ in range(iterations):\n        x, y = best_x, best_y # Start candidate from current best for potential local search\n\n        # With a certain probability (e.g., 70%), perform a global random search for exploration.\n        # Otherwise (30%), perform a local search around the current best for exploitation.\n        if np.random.rand() < 0.7: \n            x = np.random.uniform(bounds[0], bounds[1])\n            y = np.random.uniform(bounds[0], bounds[1])\n        else: \n            # Perturb the current best solution\n            x_candidate = best_x + np.random.uniform(-local_search_step, local_search_step)\n            y_candidate = best_y + np.random.uniform(-local_search_step, local_search_step)\n            # Clip candidates to stay within the defined bounds\n            x = np.clip(x_candidate, bounds[0], bounds[1])\n            y = np.clip(y_candidate, bounds[0], bounds[1])\n        \n        value = evaluate_function(x, y)\n\n        if value < best_value:\n            best_value = value\n            best_x, best_y = x, y\n\n    return best_x, best_y, best_value\n\n\n# EVOLVE-BLOCK-END\n\n\n# This part remains fixed (not evolved)\ndef evaluate_function(x, y):\n    \"\"\"The complex function we're trying to minimize\"\"\"\n    return np.sin(x) * np.cos(y) + np.sin(x * y) + (x**2 + y**2) / 20\n\n\ndef run_search():\n    x, y, value = search_algorithm()\n    return x, y, value\n\n\nif __name__ == \"__main__\":\n    x, y, value = run_search()\n    print(f\"Found minimum at ({x}, {y}) with value {value}\")\n\n```\nKey features: Alternative approach to runs_successfully, Alternative approach to value_score\n\n### Program D2 (Score: 1.4937)\n```python\n# EVOLVE-BLOCK-START\n\"\"\"Function minimization example for OpenEvolve\"\"\"\nimport numpy as np\n\n\ndef search_algorithm(iterations=1000, bounds=(-5, 5)):\n    \"\"\"\n    A simple random search algorithm that often gets stuck in local minima.\n\n    Args:\n        iterations: Number of iterations to run\n        bounds: Bounds for the search space (min, max)\n\n    Returns:\n        Tuple of (best_x, best_y, best_value)\n    \"\"\"\n    # Initialize with a random point\n    best_x = np.random.uniform(bounds[0], bounds[1])\n    best_y = np.random.uniform(bounds[0], bounds[1])\n    best_value = evaluate_function(best_x, best_y)\n\n    # Parameters for the hybrid search strategy\n    global_search_prob = 0.15  # Probability of performing a global random jump (exploration)\n    initial_local_step_factor = 0.8  # Initial relative range for local search (e.g., 0.8 * total_range)\n    final_local_step_factor = 0.005 # Final relative range for local search (e.g., 0.005 * total_range)\n    \n    search_range = bounds[1] - bounds[0] # Total range of the search space\n\n    for i in range(iterations):\n        # Determine whether to perform a global jump or a local perturbation\n        if np.random.rand() < global_search_prob:\n            # Global random search: explore new, distant areas to escape local minima\n            x = np.random.uniform(bounds[0], bounds[1])\n            y = np.random.uniform(bounds[0], bounds[1])\n        else:\n            # Local search: exploit promising regions around the current best point\n            # The step size for local search decreases linearly over iterations (annealing-like behavior)\n            t = i / iterations # Normalized iteration progress (0 to 1)\n            current_local_step_factor = initial_local_step_factor * (1 - t) + final_local_step_factor * t\n            local_range = search_range * current_local_step_factor\n            \n            # Generate a candidate point by perturbing the current best_x, best_y\n            x_candidate = np.random.uniform(best_x - local_range/2, best_x + local_range/2)\n            y_candidate = np.random.uniform(best_y - local_range/2, best_y + local_range/2)\n            \n            # Clip candidates to ensure they stay within the overall defined search bounds\n            x = np.clip(x_candidate, bounds[0], bounds[1])\n            y = np.clip(y_candidate, bounds[0], bounds[1])\n            \n        value = evaluate_function(x, y)\n\n        # Update the best found solution if the current candidate is better\n        if value < best_value:\n            best_value = value\n            best_x, best_y = x, y\n\n    return best_x, best_y, best_value\n\n\n# EVOLVE-BLOCK-END\n\n\n# This part remains fixed (not evolved)\ndef evaluate_function(x, y):\n    \"\"\"The complex function we're trying to minimize\"\"\"\n    return np.sin(x) * np.cos(y) + np.sin(x * y) + (x**2 + y**2) / 20\n\n\ndef run_search():\n    x, y, value = search_algorithm()\n    return x, y, value\n\n\nif __name__ == \"__main__\":\n    x, y, value = run_search()\n    print(f\"Found minimum at ({x}, {y}) with value {value}\")\n\n```\nKey features: Alternative approach to runs_successfully, Alternative approach to value_score\n\n## Inspiration Programs\n\nThese programs represent diverse approaches and creative solutions that may inspire new ideas:\n\n### Inspiration 1 (Score: 0.0000, Type: Exploratory)\n```python\n# EVOLVE-BLOCK-START\n\"\"\"Function minimization example for OpenEvolve\"\"\"\nimport numpy as np\n\n\ndef search_algorithm(iterations=1000, bounds=(-5, 5)):\n    \"\"\"\n    A simple random search algorithm that often gets stuck in local minima.\n\n    Args:\n        iterations: Number of iterations to run\n        bounds: Bounds for the search space (min, max)\n\n    Returns:\n        Tuple of (best_x, best_y, best_value)\n    \"\"\"\n    # Initialize with a random point\n    best_x = np.random.uniform(bounds[0], bounds[1])\n    best_y = np.random.uniform(bounds[0], bounds[1])\n    best_value = evaluate_function(best_x, best_y)\n\n    search_range = bounds[1] - bounds[0]\n    \n    # Adaptive parameters for exploration-exploitation balance\n    # Local search radius starts as a fraction of the total search range and shrinks over time.\n    initial_local_radius_factor = 0.1  # Max local search radius is 10% of total search_range\n    min_local_radius = 1e-6          # Ensure radius never becomes zero\n    \n    # Global jump probability decreases over iterations, starting higher for exploration.\n    # It transitions from a higher value (e.g., 0.6) to a lower value (e.g., 0.1).\n    global_jump_start_prob = 0.6\n    global_jump_end_prob = 0.1\n\n    for i in range(iterations):\n        # Calculate current local radius: shrinks linearly from initial_local_radius_factor to near zero.\n        t = i / iterations # Normalized iteration progress (0 to 1)\n        current_local_radius = search_range * initial_local_radius_factor * (1 - t)\n        current_local_radius = max(current_local_radius, min_local_radius)\n        \n        # Calculate current global jump probability: decays linearly from start to end.\n        current_global_jump_prob = global_jump_start_prob * (1 - t) + global_jump_end_prob * t\n\n        if np.random.rand() < current_global_jump_prob:\n            # Global exploration: Sample a completely new random point.\n            x = np.random.uniform(bounds[0], bounds[1])\n            y = np.random.uniform(bounds[0], bounds[1])\n        else:\n            # Local exploitation: Perturb around the current best solution.\n            # The perturbation range is determined by current_local_radius.\n            x_candidate = best_x + np.random.uniform(-current_local_radius, current_local_radius)\n            y_candidate = best_y + np.random.uniform(-current_local_radius, current_local_radius)\n            \n            # Ensure candidate points stay within the defined bounds.\n            x = np.clip(x_candidate, bounds[0], bounds[1])\n            y = np.clip(y_candidate, bounds[0], bounds[1])\n\n        value = evaluate_function(x, y)\n\n        # Update the best found solution if the current candidate is better.\n        if value < best_value:\n            best_value = value\n            best_x, best_y = x, y\n            no_improvement_count = 0  # Reset stagnation counter on improvement\n        else:\n            no_improvement_count += 1\n\n        # If the search has stagnated for too long, restart from a new random point.\n        # This helps to escape deep local minima.\n        if no_improvement_count >= stagnation_threshold:\n            print(f\"Restarting search at iteration {i} due to stagnation.\")\n            # Re-initialize with a new random point\n            best_x = np.random.uniform(bounds[0], bounds[1])\n            best_y = np.random.uniform(bounds[0], bounds[1])\n            best_value = evaluate_function(best_x, best_y)\n            no_improvement_count = 0  # Reset counter after restart\n\n    return best_x, best_y, best_value\n=======\n        if value < best_value:\n            best_value = value\n            best_x, best_y = x, y\n            no_improvement_count = 0  # Reset stagnation counter on improvement\n        else:\n            no_improvement_count += 1\n\n        # If the search has stagnated for too long, restart from a new random point.\n        # This helps to escape deep local minima.\n        if no_improvement_count >= stagnation_threshold:\n            print(f\"Restarting search at iteration {i} due to stagnation.\")\n            # Re-initialize with a new random point\n            best_x = np.random.uniform(bounds[0], bounds[1])\n            best_y = np.random.uniform(bounds[0], bounds[1])\n            best_value = evaluate_function(best_x, best_y)\n            no_improvement_count = 0  # Reset counter after restart\n\n    return best_x, best_y, best_value\n\n    return best_x, best_y, best_value\n\n\n# EVOLVE-BLOCK-END\n\n\n# This part remains fixed (not evolved)\ndef evaluate_function(x, y):\n    \"\"\"The complex function we're trying to minimize\"\"\"\n    return np.sin(x) * np.cos(y) + np.sin(x * y) + (x**2 + y**2) / 20\n\n\ndef run_search():\n    x, y, value = search_algorithm()\n    return x, y, value\n\n\nif __name__ == \"__main__\":\n    x, y, value = run_search()\n    print(f\"Found minimum at ({x}, {y}) with value {value}\")\n\n```\nUnique approach: Modification: Change 1: Replace 25 lines with 41 lines\nChange 2: Replace 3 lines with 37 lines, Alternative runs_successfully approach, Alternative combined_score approach\n\n### Inspiration 2 (Score: 1.3627, Type: High-Performer)\n```python\n# EVOLVE-BLOCK-START\n\"\"\"Function minimization example for OpenEvolve\"\"\"\nimport numpy as np\n\n\ndef search_algorithm(iterations=1000, bounds=(-5, 5)):\n    \"\"\"\n    A simple random search algorithm that often gets stuck in local minima.\n\n    Args:\n        iterations: Number of iterations to run\n        bounds: Bounds for the search space (min, max)\n\n    Returns:\n        Tuple of (best_x, best_y, best_value)\n    \"\"\"\n    # Initialize with a random point\n    best_x = np.random.uniform(bounds[0], bounds[1])\n    best_y = np.random.uniform(bounds[0], bounds[1])\n    best_value = evaluate_function(best_x, best_y)\n\n    # Parameters for the hybrid search strategy\n    global_search_prob = 0.20  # Slightly increased probability for global exploration\n    initial_local_step_factor = 0.7  # Slightly reduced initial step for more focused local search\n    final_local_step_factor = 0.002 # Further reduced final step for finer tuning\n    \n    search_range = bounds[1] - bounds[0] # Total range of the search space\n\n    # Parameters for detecting stagnation and triggering restarts\n    stagnation_threshold = 50  # Number of iterations without improvement to trigger a restart\n    no_improvement_count = 0\n\n    for i in range(iterations):\n        # Determine whether to perform a global jump or a local perturbation\n        if np.random.rand() < global_search_prob:\n            # Global random search: explore new, distant areas to escape local minima\n            x = np.random.uniform(bounds[0], bounds[1])\n            y = np.random.uniform(bounds[0], bounds[1])\n            # Reset stagnation counter when a global jump is made\n            no_improvement_count = 0 \n        else:\n            # Local search: exploit promising regions around the current best point\n            # The step size for local search decreases linearly over iterations (annealing-like behavior)\n            t = i / iterations # Normalized iteration progress (0 to 1)\n            current_local_step_factor = initial_local_step_factor * (1 - t) + final_local_step_factor * t\n            local_range = search_range * current_local_step_factor\n            \n            # Generate a candidate point by perturbing the current best_x, best_y\n            x_candidate = np.random.uniform(best_x - local_range/2, best_x + local_range/2)\n            y_candidate = np.random.uniform(best_y - local_range/2, best_y + local_range/2)\n            \n            # Clip candidates to ensure they stay within the overall defined search bounds\n            x = np.clip(x_candidate, bounds[0], bounds[1])\n            y = np.clip(y_candidate, bounds[0], bounds[1])\n            \n        value = evaluate_function(x, y)\n\n        # Update the best found solution if the current candidate is better\n        if value < best_value:\n            best_value = value\n            best_x, best_y = x, y\n            no_improvement_count = 0  # Reset counter because we found a better solution\n        else:\n            no_improvement_count += 1\n\n        # If stuck in a local minimum, perform a restart\n        if no_improvement_count >= stagnation_threshold:\n            print(f\"Restarting search at iteration {i} due to stagnation.\")\n            # Re-initialize with a new random point\n            best_x = np.random.uniform(bounds[0], bounds[1])\n            best_y = np.random.uniform(bounds[0], bounds[1])\n            best_value = evaluate_function(best_x, best_y)\n            no_improvement_count = 0 # Reset counter after restart\n\n    return best_x, best_y, best_value\n\n\n# EVOLVE-BLOCK-END\n\n\n# This part remains fixed (not evolved)\ndef evaluate_function(x, y):\n    \"\"\"The complex function we're trying to minimize\"\"\"\n    return np.sin(x) * np.cos(y) + np.sin(x * y) + (x**2 + y**2) / 20\n\n\ndef run_search():\n    x, y, value = search_algorithm()\n    return x, y, value\n\n\nif __name__ == \"__main__\":\n    x, y, value = run_search()\n    print(f\"Found minimum at ({x}, {y}) with value {value}\")\n\n```\nUnique approach: Modification: Change 1: Replace 36 lines with 54 lines, Excellent runs_successfully (1.000), Excellent value_score (0.990)\n\n### Inspiration 3 (Score: 1.2148, Type: High-Performer)\n```python\n# EVOLVE-BLOCK-START\n\"\"\"Function minimization example for OpenEvolve\"\"\"\nimport numpy as np\n\n\ndef search_algorithm(iterations=1000, bounds=(-5, 5)):\n    \"\"\"\n    A simple random search algorithm that often gets stuck in local minima.\n\n    Args:\n        iterations: Number of iterations to run\n        bounds: Bounds for the search space (min, max)\n\n    Returns:\n        Tuple of (best_x, best_y, best_value)\n    \"\"\"\n    # Initialize with a random point\n    best_x = np.random.uniform(bounds[0], bounds[1])\n    best_y = np.random.uniform(bounds[0], bounds[1])\n    best_value = evaluate_function(best_x, best_y)\n\n    for _ in range(iterations):\n        # Simple random search\n        x = np.random.uniform(bounds[0], bounds[1])\n        y = np.random.uniform(bounds[0], bounds[1])\n        value = evaluate_function(x, y)\n\n        if value < best_value:\n            best_value = value\n            best_x, best_y = x, y\n\n    return best_x, best_y, best_value\n\n\n# EVOLVE-BLOCK-END\n\n\n# This part remains fixed (not evolved)\ndef evaluate_function(x, y):\n    \"\"\"The complex function we're trying to minimize\"\"\"\n    return np.sin(x) * np.cos(y) + np.sin(x * y) + (x**2 + y**2) / 20\n\n\ndef run_search():\n    x, y, value = search_algorithm()\n    return x, y, value\n\n\nif __name__ == \"__main__\":\n    x, y, value = run_search()\n    print(f\"Found minimum at ({x}, {y}) with value {value}\")\n\n```\nUnique approach: Excellent runs_successfully (1.000), Excellent value_score (0.942), Excellent combined_score (1.215)\n\n# Current Program\n```python\n# EVOLVE-BLOCK-START\n\"\"\"Function minimization example for OpenEvolve\"\"\"\nimport numpy as np\n\n\ndef search_algorithm(iterations=1000, bounds=(-5, 5)):\n    \"\"\"\n    Hybrid search combining global random exploration with local exploitation,\n    adapting search radius and global jump probability over iterations to escape local minima.\n    \"\"\"\n    # Initialize with a random point\n    best_x = np.random.uniform(bounds[0], bounds[1])\n    best_y = np.random.uniform(bounds[0], bounds[1])\n    best_value = evaluate_function(best_x, best_y)\n\n    search_range = bounds[1] - bounds[0]\n    \n    for i in range(iterations):\n        # Local search parameters: radius shrinks over iterations\n        local_radius_factor = 0.1 # Max local search radius is 10% of total search_range\n        min_local_radius = 1e-6 # Ensure radius never becomes zero\n        current_local_radius = search_range * local_radius_factor * (1 - i / iterations)\n        current_local_radius = max(current_local_radius, min_local_radius)\n        \n        # Global jump probability: decreases from 60% to 10% over iterations\n        global_jump_prob = 0.5 * (1 - i / iterations) + 0.1 \n\n        if np.random.rand() < global_jump_prob:\n            # Global random search (exploration)\n            x = np.random.uniform(bounds[0], bounds[1])\n            y = np.random.uniform(bounds[0], bounds[1])\n        else:\n            # Local perturbation around current best (exploitation)\n            x = best_x + np.random.uniform(-current_local_radius, current_local_radius)\n            y = best_y + np.random.uniform(-current_local_radius, current_local_radius)\n            \n            # Ensure points stay within bounds\n            x = np.clip(x, bounds[0], bounds[1])\n            y = np.clip(y, bounds[0], bounds[1])\n\n        value = evaluate_function(x, y)\n\n        if value < best_value:\n            best_value = value\n            best_x, best_y = x, y\n\n    return best_x, best_y, best_value\n\n\n# EVOLVE-BLOCK-END\n\n\n# This part remains fixed (not evolved)\ndef evaluate_function(x, y):\n    \"\"\"The complex function we're trying to minimize\"\"\"\n    return np.sin(x) * np.cos(y) + np.sin(x * y) + (x**2 + y**2) / 20\n\n\ndef run_search():\n    x, y, value = search_algorithm()\n    return x, y, value\n\n\nif __name__ == \"__main__\":\n    x, y, value = run_search()\n    print(f\"Found minimum at ({x}, {y}) with value {value}\")\n\n```\n\n# Task\nSuggest improvements to the program that will improve its FITNESS SCORE.\nThe system maintains diversity across these dimensions: complexity, diversity\nDifferent solutions with similar fitness but different features are valuable.\n\nYou MUST use the exact SEARCH/REPLACE diff format shown below to indicate changes:\n\n<<<<<<< SEARCH\n# Original code to find and replace (must match exactly)\n=======\n# New replacement code\n>>>>>>> REPLACE\n\nExample of valid diff format:\n<<<<<<< SEARCH\nfor i in range(m):\n    for j in range(p):\n        for k in range(n):\n            C[i, j] += A[i, k] * B[k, j]\n=======\n# Reorder loops for better memory access pattern\nfor i in range(m):\n    for k in range(n):\n        for j in range(p):\n            C[i, j] += A[i, k] * B[k, j]\n>>>>>>> REPLACE\n\nYou can suggest multiple changes. Each SEARCH section must exactly match code in the current program.\nBe thoughtful about your changes and explain your reasoning thoroughly.\n\nIMPORTANT: Do not rewrite the entire program - focus on targeted improvements.", "responses": ["The current `search_algorithm` is already performing exceptionally well, achieving a high fitness score and very close proximity to the global minimum with a 100% success rate. This indicates that the core hybrid exploration-exploitation strategy is effective for this function.\n\nTo further improve the fitness score, we'll make subtle adjustments to the parameters governing the balance between global exploration and local exploitation. The goal is to refine the search process, potentially leading to a slightly better final minimum value or faster convergence.\n\nSpecifically, we will:\n1.  **Increase `local_radius_factor` slightly**: By increasing the maximum initial local search radius from 10% to 12% of the total search range, we allow for slightly larger perturbations around the current best solution in the early stages. This can help the algorithm explore the immediate vicinity of promising areas more broadly, potentially escaping shallow local minima or finding a better descent path towards deeper ones.\n2.  **Adjust `global_jump_prob` decay schedule**: The current schedule decays from 60% to 10%. We will modify it to decay from 65% to 5%. This change has two effects:\n    *   **Higher initial global jump probability (65% vs 60%)**: Encourages slightly more aggressive global exploration at the beginning of the search, increasing the chances of discovering distant, potentially better, regions.\n    *   **Lower final global jump probability (5% vs 10%)**: As the search progresses, the algorithm will spend even more time on local exploitation, allowing for finer tuning and a more precise approach to the minimum, which is critical in the final iterations.\n\nThese changes aim to optimize the exploration-exploitation trade-off, providing a slightly more robust initial exploration phase and a more focused final exploitation phase, without fundamentally altering the algorithm's structure or significantly increasing its complexity.\n\n<<<<<<< SEARCH\n        local_radius_factor = 0.1 # Max local search radius is 10% of total search_range\n        min_local_radius = 1e-6 # Ensure radius never becomes zero\n        current_local_radius = search_range * local_radius_factor * (1 - i / iterations)\n        current_local_radius = max(current_local_radius, min_local_radius)\n        \n        # Global jump probability: decreases from 60% to 10% over iterations\n        global_jump_prob = 0.5 * (1 - i / iterations) + 0.1 \n=======\n        local_radius_factor = 0.12 # Max local search radius is 12% of total search_range (increased for wider initial local exploration)\n        min_local_radius = 1e-6 # Ensure radius never becomes zero\n        current_local_radius = search_range * local_radius_factor * (1 - i / iterations)\n        current_local_radius = max(current_local_radius, min_local_radius)\n        \n        # Global jump probability: decreases from 65% to 5% over iterations (more initial exploration, finer final exploitation)\n        global_jump_prob = 0.6 * (1 - i / iterations) + 0.05 \n>>>>>>> REPLACE"]}}, "artifacts_json": "{\"stage1_result\": \"Found solution at x=-1.7015, y=0.6777 with value=-1.5187\", \"distance_to_global\": \"0.0025\", \"solution_quality\": \"Distance < 0.5: Very close\", \"convergence_info\": \"Converged in 10 trials with 10 successes\", \"best_position\": \"Final position: x=-1.7055, y=0.6771\", \"average_distance_to_global\": \"0.4014\", \"search_efficiency\": \"Success rate: 100.00%\"}", "artifact_dir": null}