{"id": "e3d1f68a-b4e1-4d88-a6c2-4f7c69b29dca", "code": "# EVOLVE-BLOCK-START\n\"\"\"Function minimization example for OpenEvolve\"\"\"\nimport numpy as np\n\n\ndef search_algorithm(iterations=1000, bounds=(-5, 5)):\n    \"\"\"\n    A simple random search algorithm that often gets stuck in local minima.\n\n    Args:\n        iterations: Number of iterations to run\n        bounds: Bounds for the search space (min, max)\n\n    Returns:\n        Tuple of (best_x, best_y, best_value)\n    \"\"\"\n    lower_bound, upper_bound = bounds\n    \n    # Initialize current and best solution with a random point\n    current_x = np.random.uniform(lower_bound, upper_bound)\n    current_y = np.random.uniform(lower_bound, upper_bound)\n    current_value = evaluate_function(current_x, current_y)\n\n    # The overall best solution found\n    best_x, best_y, best_value = current_x, current_y, current_value\n\n    # Simulated Annealing parameters\n    initial_temperature = 1.0\n    # Slightly faster cooling to focus local search after exploration, but not too fast to miss global minima\n    cooling_rate = 0.98  \n    \n    # Initial step scale for perturbations, proportional to search space range\n    initial_step_scale = (upper_bound - lower_bound) / 8.0 # Increased initial step scale for broader exploration\n    \n    # Global jump probability: starts higher and decreases over iterations\n    # This encourages more exploration at the beginning and exploitation later.\n    global_jump_prob_start = 0.2 # 20% chance of global jump initially\n    global_jump_prob_end = 0.02  # 2% chance of global jump at the end\n    \n    for i in range(iterations):\n        # Decrease temperature over iterations\n        temperature = initial_temperature * (cooling_rate ** i)\n        # Prevent division by very small numbers in exp() if temperature drops too low\n        if temperature < 1e-10:\n            temperature = 1e-10\n\n        # Adaptive step size for perturbations, scales with temperature and initial step scale\n        step_size = initial_step_scale * (temperature / initial_temperature) \n        \n        # Calculate current global jump probability based on iteration progress\n        # Linear interpolation between start and end probabilities\n        current_global_jump_prob = global_jump_prob_start * (1 - i / iterations) + global_jump_prob_end * (i / iterations)\n        \n        # Propose a new point: mostly local perturbation, sometimes a global jump\n        if np.random.rand() < current_global_jump_prob:  # Dynamic global jump probability\n            next_x = np.random.uniform(lower_bound, upper_bound)\n            next_y = np.random.uniform(lower_bound, upper_bound)\n        else:  # Local perturbation around the current point\n            # Use normal distribution for perturbations, scaled by step_size\n            next_x = current_x + np.random.normal(0, step_size)\n            next_y = current_y + np.random.normal(0, step_size)\n            \n            # Ensure new point stays within bounds\n            next_x = np.clip(next_x, lower_bound, upper_bound)\n            next_y = np.clip(next_y, lower_bound, upper_bound)\n\n        next_value = evaluate_function(next_x, next_y)\n\n        # Acceptance criterion (Metropolis-Hastings)\n        if next_value < current_value:\n            # Always accept better solutions\n            current_x, current_y, current_value = next_x, next_y, next_value\n            # Update overall best if current solution is the best found so far\n            if current_value < best_value:\n                best_x, best_y, best_value = current_x, current_y, current_value\n        elif temperature > 0 and np.random.rand() < np.exp(-(next_value - current_value) / temperature):\n            # Accept worse solutions with a probability that decreases with temperature\n            current_x, current_y, current_value = next_x, next_y, current_value\n            # Note: best_value is NOT updated here, as current_value is worse than previous current_value.\n\n    return best_x, best_y, best_value\n\n\n# EVOLVE-BLOCK-END\n\n\n# This part remains fixed (not evolved)\ndef evaluate_function(x, y):\n    \"\"\"The complex function we're trying to minimize\"\"\"\n    return np.sin(x) * np.cos(y) + np.sin(x * y) + (x**2 + y**2) / 20\n\n\ndef run_search():\n    x, y, value = search_algorithm()\n    return x, y, value\n\n\nif __name__ == \"__main__\":\n    x, y, value = run_search()\n    print(f\"Found minimum at ({x}, {y}) with value {value}\")\n", "language": "python", "parent_id": "8a82d166-fa67-4ca8-bccc-e72eb79aa9d5", "generation": 3, "timestamp": 1759267965.8523135, "iteration_found": 28, "metrics": {"runs_successfully": 1.0, "value_score": 0.7132632370645146, "distance_score": 0.6463806723628001, "combined_score": 0.789486742861403}, "complexity": 0.0, "diversity": 0.0, "metadata": {"changes": "Change 1: Replace 44 lines with 55 lines", "parent_metrics": {"runs_successfully": 1.0, "value_score": 0.8699717535014879, "distance_score": 0.37532009873235195, "combined_score": 0.7475819063704496, "reliability_score": 1.0}, "island": 0}, "prompts": {"diff_user": {"system": "You are an expert programmer specializing in optimization algorithms. Your task is to improve a function minimization algorithm to find the global minimum of a complex function with many local minima. The function is f(x, y) = sin(x) * cos(y) + sin(x*y) + (x^2 + y^2)/20. Focus on improving the search_algorithm function to reliably find the global minimum, escaping local minima that might trap simple algorithms.", "user": "# Current Program Information\n- Fitness: 0.7476\n- Feature coordinates: No feature coordinates\n- Focus areas: - Fitness declined: 1.4950 \u00e2\u2020\u2019 0.7476. Consider revising recent changes.\n- Consider simplifying - code length exceeds 500 characters\n\n## Last Execution Output\n\n### stage1_result\n```\nFound solution at x=-1.6580, y=0.6966 with value=-1.5172\n```\n\n### distance_to_global\n```\n0.0497\n```\n\n### solution_quality\n```\nDistance < 0.5: Very close\n```\n\n### convergence_info\n```\nConverged in 10 trials with 10 successes\n```\n\n### best_position\n```\nFinal position: x=-1.5976, y=0.6780\n```\n\n### average_distance_to_global\n```\n1.6644\n```\n\n### search_efficiency\n```\nSuccess rate: 100.00%\n```\n\n# Program Evolution History\n## Previous Attempts\n\n### Attempt 3\n- Changes: Change 1: Replace 9 lines with 22 lines\n- Metrics: runs_successfully: 1.0000, value_score: 0.9996, distance_score: 0.9896, combined_score: 1.4950, reliability_score: 1.0000\n- Outcome: Mixed results\n\n### Attempt 2\n- Changes: Change 1: Replace 10 lines with 4 lines\nChange 2: Replace 16 lines with 37 lines\n- Metrics: runs_successfully: 1.0000, value_score: 0.9997, distance_score: 0.9980, combined_score: 1.4989, reliability_score: 1.0000\n- Outcome: Mixed results\n\n### Attempt 1\n- Changes: Change 1: Replace 22 lines with 32 lines\n- Metrics: runs_successfully: 1.0000, value_score: 0.9997, distance_score: 0.9985, combined_score: 1.4991, reliability_score: 1.0000\n- Outcome: Mixed results\n\n## Top Performing Programs\n\n### Program 1 (Score: 1.4991)\n```python\n# EVOLVE-BLOCK-START\n\"\"\"Function minimization example for OpenEvolve\"\"\"\nimport numpy as np\n\n\ndef search_algorithm(iterations=1000, bounds=(-5, 5)):\n    \"\"\"\n    A simple random search algorithm that often gets stuck in local minima.\n\n    Args:\n        iterations: Number of iterations to run\n        bounds: Bounds for the search space (min, max)\n\n    Returns:\n        Tuple of (best_x, best_y, best_value)\n    \"\"\"\n    # Initialize with a random point\n    best_x = np.random.uniform(bounds[0], bounds[1])\n    best_y = np.random.uniform(bounds[0], bounds[1])\n    best_value = evaluate_function(best_x, best_y)\n\n    search_range = bounds[1] - bounds[0]\n    \n    for i in range(iterations):\n        # Local search parameters: radius shrinks over iterations\n        # Start with a larger radius and decrease it to focus the search.\n        local_radius_factor = 0.1 # Max local search radius is 10% of total search_range\n        min_local_radius = 1e-6 # Ensure radius never becomes zero\n        current_local_radius = search_range * local_radius_factor * (1 - i / iterations)\n        current_local_radius = max(current_local_radius, min_local_radius)\n        \n        # Global jump probability: decreases over iterations to favor local search later.\n        # Starts higher (e.g., 0.6) and goes down (e.g., to 0.1).\n        global_jump_prob = 0.5 * (1 - i / iterations) + 0.1 \n\n        if np.random.rand() < global_jump_prob:\n            # Global random search (exploration): jump to a new random location\n            x = np.random.uniform(bounds[0], bounds[1])\n            y = np.random.uniform(bounds[0], bounds[1])\n        else:\n            # Local perturbation around current best (exploitation): refine the solution\n            x = best_x + np.random.uniform(-current_local_radius, current_local_radius)\n            y = best_y + np.random.uniform(-current_local_radius, current_local_radius)\n            \n            # Ensure points stay within bounds\n            x = np.clip(x, bounds[0], bounds[1])\n            y = np.clip(y, bounds[0], bounds[1])\n\n        value = evaluate_function(x, y)\n\n        if value < best_value:\n            best_value = value\n            best_x, best_y = x, y\n\n    return best_x, best_y, best_value\n\n\n# EVOLVE-BLOCK-END\n\n\n# This part remains fixed (not evolved)\ndef evaluate_function(x, y):\n    \"\"\"The complex function we're trying to minimize\"\"\"\n    return np.sin(x) * np.cos(y) + np.sin(x * y) + (x**2 + y**2) / 20\n\n\ndef run_search():\n    x, y, value = search_algorithm()\n    return x, y, value\n\n\nif __name__ == \"__main__\":\n    x, y, value = run_search()\n    print(f\"Found minimum at ({x}, {y}) with value {value}\")\n\n```\nKey features: Performs well on runs_successfully (1.0000), Performs well on value_score (0.9997), Performs well on distance_score (0.9985), Performs well on combined_score (1.4991), Performs well on reliability_score (1.0000)\n\n### Program 2 (Score: 1.4989)\n```python\n# EVOLVE-BLOCK-START\n\"\"\"Function minimization example for OpenEvolve\"\"\"\nimport numpy as np\n\n\ndef search_algorithm(iterations=1000, bounds=(-5, 5)):\n    \"\"\"\n    Hybrid search combining global random exploration with local exploitation,\n    adapting search radius and global jump probability over iterations to escape local minima.\n    \"\"\"\n    # Initialize with a random point\n    best_x = np.random.uniform(bounds[0], bounds[1])\n    best_y = np.random.uniform(bounds[0], bounds[1])\n    best_value = evaluate_function(best_x, best_y)\n\n    search_range = bounds[1] - bounds[0]\n    \n    for i in range(iterations):\n        # Local search parameters: radius shrinks over iterations\n        local_radius_factor = 0.1 # Max local search radius is 10% of total search_range\n        min_local_radius = 1e-6 # Ensure radius never becomes zero\n        current_local_radius = search_range * local_radius_factor * (1 - i / iterations)\n        current_local_radius = max(current_local_radius, min_local_radius)\n        \n        # Global jump probability: decreases from 60% to 10% over iterations\n        global_jump_prob = 0.5 * (1 - i / iterations) + 0.1 \n\n        if np.random.rand() < global_jump_prob:\n            # Global random search (exploration)\n            x = np.random.uniform(bounds[0], bounds[1])\n            y = np.random.uniform(bounds[0], bounds[1])\n        else:\n            # Local perturbation around current best (exploitation)\n            x = best_x + np.random.uniform(-current_local_radius, current_local_radius)\n            y = best_y + np.random.uniform(-current_local_radius, current_local_radius)\n            \n            # Ensure points stay within bounds\n            x = np.clip(x, bounds[0], bounds[1])\n            y = np.clip(y, bounds[0], bounds[1])\n\n        value = evaluate_function(x, y)\n\n        if value < best_value:\n            best_value = value\n            best_x, best_y = x, y\n\n    return best_x, best_y, best_value\n\n\n# EVOLVE-BLOCK-END\n\n\n# This part remains fixed (not evolved)\ndef evaluate_function(x, y):\n    \"\"\"The complex function we're trying to minimize\"\"\"\n    return np.sin(x) * np.cos(y) + np.sin(x * y) + (x**2 + y**2) / 20\n\n\ndef run_search():\n    x, y, value = search_algorithm()\n    return x, y, value\n\n\nif __name__ == \"__main__\":\n    x, y, value = run_search()\n    print(f\"Found minimum at ({x}, {y}) with value {value}\")\n\n```\nKey features: Performs well on runs_successfully (1.0000), Performs well on value_score (0.9997), Performs well on distance_score (0.9980), Performs well on combined_score (1.4989), Performs well on reliability_score (1.0000)\n\n### Program 3 (Score: 1.4950)\n```python\n# EVOLVE-BLOCK-START\n\"\"\"Function minimization example for OpenEvolve\"\"\"\nimport numpy as np\n\n\ndef search_algorithm(iterations=1000, bounds=(-5, 5)):\n    \"\"\"\n    A simple random search algorithm that often gets stuck in local minima.\n\n    Args:\n        iterations: Number of iterations to run\n        bounds: Bounds for the search space (min, max)\n\n    Returns:\n        Tuple of (best_x, best_y, best_value)\n    \"\"\"\n    # Initialize with a random point\n    best_x = np.random.uniform(bounds[0], bounds[1])\n    best_y = np.random.uniform(bounds[0], bounds[1])\n    best_value = evaluate_function(best_x, best_y)\n\n    for i in range(iterations):\n        # Adaptive search: blend global exploration with local exploitation\n        # alpha starts at 1.0 (pure global) and goes to 0.0 (pure local around best_x, best_y)\n        alpha = (1.0 - i / iterations)\n\n        # Global random component\n        global_coords = np.random.uniform(bounds[0], bounds[1], 2)\n        \n        # Current best coordinates\n        best_coords = np.array([best_x, best_y])\n\n        # Blend global and local search components\n        candidate_coords = alpha * global_coords + (1 - alpha) * best_coords\n        \n        # Ensure candidate coordinates stay within bounds\n        x, y = np.clip(candidate_coords, bounds[0], bounds[1])\n\n        value = evaluate_function(x, y)\n\n        if value < best_value:\n            best_value = value\n            best_x, best_y = x, y\n\n    return best_x, best_y, best_value\n\n\n# EVOLVE-BLOCK-END\n\n\n# This part remains fixed (not evolved)\ndef evaluate_function(x, y):\n    \"\"\"The complex function we're trying to minimize\"\"\"\n    return np.sin(x) * np.cos(y) + np.sin(x * y) + (x**2 + y**2) / 20\n\n\ndef run_search():\n    x, y, value = search_algorithm()\n    return x, y, value\n\n\nif __name__ == \"__main__\":\n    x, y, value = run_search()\n    print(f\"Found minimum at ({x}, {y}) with value {value}\")\n\n```\nKey features: Performs well on runs_successfully (1.0000), Performs well on value_score (0.9996), Performs well on distance_score (0.9896), Performs well on combined_score (1.4950), Performs well on reliability_score (1.0000)\n\n\n\n## Diverse Programs\n\n### Program D1 (Score: 1.4863)\n```python\n# EVOLVE-BLOCK-START\n\"\"\"Function minimization example for OpenEvolve\"\"\"\nimport numpy as np\n\n\ndef search_algorithm(iterations=1000, bounds=(-5, 5)):\n    \"\"\"\n    A simple random search algorithm that often gets stuck in local minima.\n\n    Args:\n        iterations: Number of iterations to run\n        bounds: Bounds for the search space (min, max)\n\n    Returns:\n        Tuple of (best_x, best_y, best_value)\n    \"\"\"\n    # Initialize with a random point\n    best_x = np.random.uniform(bounds[0], bounds[1])\n    best_y = np.random.uniform(bounds[0], bounds[1])\n    best_value = evaluate_function(best_x, best_y)\n\n    # Define a fixed step size for local perturbations\n    # This enables local exploitation around the current best solution.\n    local_search_step = (bounds[1] - bounds[0]) / 20.0 \n\n    for _ in range(iterations):\n        x, y = best_x, best_y # Start candidate from current best for potential local search\n\n        # With a certain probability (e.g., 70%), perform a global random search for exploration.\n        # Otherwise (30%), perform a local search around the current best for exploitation.\n        if np.random.rand() < 0.7: \n            x = np.random.uniform(bounds[0], bounds[1])\n            y = np.random.uniform(bounds[0], bounds[1])\n        else: \n            # Perturb the current best solution\n            x_candidate = best_x + np.random.uniform(-local_search_step, local_search_step)\n            y_candidate = best_y + np.random.uniform(-local_search_step, local_search_step)\n            # Clip candidates to stay within the defined bounds\n            x = np.clip(x_candidate, bounds[0], bounds[1])\n            y = np.clip(y_candidate, bounds[0], bounds[1])\n        \n        value = evaluate_function(x, y)\n\n        if value < best_value:\n            best_value = value\n            best_x, best_y = x, y\n\n    return best_x, best_y, best_value\n\n\n# EVOLVE-BLOCK-END\n\n\n# This part remains fixed (not evolved)\ndef evaluate_function(x, y):\n    \"\"\"The complex function we're trying to minimize\"\"\"\n    return np.sin(x) * np.cos(y) + np.sin(x * y) + (x**2 + y**2) / 20\n\n\ndef run_search():\n    x, y, value = search_algorithm()\n    return x, y, value\n\n\nif __name__ == \"__main__\":\n    x, y, value = run_search()\n    print(f\"Found minimum at ({x}, {y}) with value {value}\")\n\n```\nKey features: Alternative approach to runs_successfully, Alternative approach to value_score\n\n### Program D2 (Score: 1.4937)\n```python\n# EVOLVE-BLOCK-START\n\"\"\"Function minimization example for OpenEvolve\"\"\"\nimport numpy as np\n\n\ndef search_algorithm(iterations=1000, bounds=(-5, 5)):\n    \"\"\"\n    A simple random search algorithm that often gets stuck in local minima.\n\n    Args:\n        iterations: Number of iterations to run\n        bounds: Bounds for the search space (min, max)\n\n    Returns:\n        Tuple of (best_x, best_y, best_value)\n    \"\"\"\n    # Initialize with a random point\n    best_x = np.random.uniform(bounds[0], bounds[1])\n    best_y = np.random.uniform(bounds[0], bounds[1])\n    best_value = evaluate_function(best_x, best_y)\n\n    # Parameters for the hybrid search strategy\n    global_search_prob = 0.15  # Probability of performing a global random jump (exploration)\n    initial_local_step_factor = 0.8  # Initial relative range for local search (e.g., 0.8 * total_range)\n    final_local_step_factor = 0.005 # Final relative range for local search (e.g., 0.005 * total_range)\n    \n    search_range = bounds[1] - bounds[0] # Total range of the search space\n\n    for i in range(iterations):\n        # Determine whether to perform a global jump or a local perturbation\n        if np.random.rand() < global_search_prob:\n            # Global random search: explore new, distant areas to escape local minima\n            x = np.random.uniform(bounds[0], bounds[1])\n            y = np.random.uniform(bounds[0], bounds[1])\n        else:\n            # Local search: exploit promising regions around the current best point\n            # The step size for local search decreases linearly over iterations (annealing-like behavior)\n            t = i / iterations # Normalized iteration progress (0 to 1)\n            current_local_step_factor = initial_local_step_factor * (1 - t) + final_local_step_factor * t\n            local_range = search_range * current_local_step_factor\n            \n            # Generate a candidate point by perturbing the current best_x, best_y\n            x_candidate = np.random.uniform(best_x - local_range/2, best_x + local_range/2)\n            y_candidate = np.random.uniform(best_y - local_range/2, best_y + local_range/2)\n            \n            # Clip candidates to ensure they stay within the overall defined search bounds\n            x = np.clip(x_candidate, bounds[0], bounds[1])\n            y = np.clip(y_candidate, bounds[0], bounds[1])\n            \n        value = evaluate_function(x, y)\n\n        # Update the best found solution if the current candidate is better\n        if value < best_value:\n            best_value = value\n            best_x, best_y = x, y\n\n    return best_x, best_y, best_value\n\n\n# EVOLVE-BLOCK-END\n\n\n# This part remains fixed (not evolved)\ndef evaluate_function(x, y):\n    \"\"\"The complex function we're trying to minimize\"\"\"\n    return np.sin(x) * np.cos(y) + np.sin(x * y) + (x**2 + y**2) / 20\n\n\ndef run_search():\n    x, y, value = search_algorithm()\n    return x, y, value\n\n\nif __name__ == \"__main__\":\n    x, y, value = run_search()\n    print(f\"Found minimum at ({x}, {y}) with value {value}\")\n\n```\nKey features: Alternative approach to runs_successfully, Alternative approach to value_score\n\n## Inspiration Programs\n\nThese programs represent diverse approaches and creative solutions that may inspire new ideas:\n\n### Inspiration 1 (Score: 1.4991, Type: High-Performer)\n```python\n# EVOLVE-BLOCK-START\n\"\"\"Function minimization example for OpenEvolve\"\"\"\nimport numpy as np\n\n\ndef search_algorithm(iterations=1000, bounds=(-5, 5)):\n    \"\"\"\n    A simple random search algorithm that often gets stuck in local minima.\n\n    Args:\n        iterations: Number of iterations to run\n        bounds: Bounds for the search space (min, max)\n\n    Returns:\n        Tuple of (best_x, best_y, best_value)\n    \"\"\"\n    # Initialize with a random point\n    best_x = np.random.uniform(bounds[0], bounds[1])\n    best_y = np.random.uniform(bounds[0], bounds[1])\n    best_value = evaluate_function(best_x, best_y)\n\n    search_range = bounds[1] - bounds[0]\n    \n    for i in range(iterations):\n        # Local search parameters: radius shrinks over iterations\n        # Start with a larger radius and decrease it to focus the search.\n        local_radius_factor = 0.1 # Max local search radius is 10% of total search_range\n        min_local_radius = 1e-6 # Ensure radius never becomes zero\n        current_local_radius = search_range * local_radius_factor * (1 - i / iterations)\n        current_local_radius = max(current_local_radius, min_local_radius)\n        \n        # Global jump probability: decreases over iterations to favor local search later.\n        # Starts higher (e.g., 0.6) and goes down (e.g., to 0.1).\n        global_jump_prob = 0.5 * (1 - i / iterations) + 0.1 \n\n        if np.random.rand() < global_jump_prob:\n            # Global random search (exploration): jump to a new random location\n            x = np.random.uniform(bounds[0], bounds[1])\n            y = np.random.uniform(bounds[0], bounds[1])\n        else:\n            # Local perturbation around current best (exploitation): refine the solution\n            x = best_x + np.random.uniform(-current_local_radius, current_local_radius)\n            y = best_y + np.random.uniform(-current_local_radius, current_local_radius)\n            \n            # Ensure points stay within bounds\n            x = np.clip(x, bounds[0], bounds[1])\n            y = np.clip(y, bounds[0], bounds[1])\n\n        value = evaluate_function(x, y)\n\n        if value < best_value:\n            best_value = value\n            best_x, best_y = x, y\n\n    return best_x, best_y, best_value\n\n\n# EVOLVE-BLOCK-END\n\n\n# This part remains fixed (not evolved)\ndef evaluate_function(x, y):\n    \"\"\"The complex function we're trying to minimize\"\"\"\n    return np.sin(x) * np.cos(y) + np.sin(x * y) + (x**2 + y**2) / 20\n\n\ndef run_search():\n    x, y, value = search_algorithm()\n    return x, y, value\n\n\nif __name__ == \"__main__\":\n    x, y, value = run_search()\n    print(f\"Found minimum at ({x}, {y}) with value {value}\")\n\n```\nUnique approach: Modification: Change 1: Replace 22 lines with 32 lines, Excellent runs_successfully (1.000), Excellent value_score (1.000)\n\n### Inspiration 2 (Score: 1.4989, Type: High-Performer)\n```python\n# EVOLVE-BLOCK-START\n\"\"\"Function minimization example for OpenEvolve\"\"\"\nimport numpy as np\n\n\ndef search_algorithm(iterations=1000, bounds=(-5, 5)):\n    \"\"\"\n    Hybrid search combining global random exploration with local exploitation,\n    adapting search radius and global jump probability over iterations to escape local minima.\n    \"\"\"\n    # Initialize with a random point\n    best_x = np.random.uniform(bounds[0], bounds[1])\n    best_y = np.random.uniform(bounds[0], bounds[1])\n    best_value = evaluate_function(best_x, best_y)\n\n    search_range = bounds[1] - bounds[0]\n    \n    for i in range(iterations):\n        # Local search parameters: radius shrinks over iterations\n        local_radius_factor = 0.1 # Max local search radius is 10% of total search_range\n        min_local_radius = 1e-6 # Ensure radius never becomes zero\n        current_local_radius = search_range * local_radius_factor * (1 - i / iterations)\n        current_local_radius = max(current_local_radius, min_local_radius)\n        \n        # Global jump probability: decreases from 60% to 10% over iterations\n        global_jump_prob = 0.5 * (1 - i / iterations) + 0.1 \n\n        if np.random.rand() < global_jump_prob:\n            # Global random search (exploration)\n            x = np.random.uniform(bounds[0], bounds[1])\n            y = np.random.uniform(bounds[0], bounds[1])\n        else:\n            # Local perturbation around current best (exploitation)\n            x = best_x + np.random.uniform(-current_local_radius, current_local_radius)\n            y = best_y + np.random.uniform(-current_local_radius, current_local_radius)\n            \n            # Ensure points stay within bounds\n            x = np.clip(x, bounds[0], bounds[1])\n            y = np.clip(y, bounds[0], bounds[1])\n\n        value = evaluate_function(x, y)\n\n        if value < best_value:\n            best_value = value\n            best_x, best_y = x, y\n\n    return best_x, best_y, best_value\n\n\n# EVOLVE-BLOCK-END\n\n\n# This part remains fixed (not evolved)\ndef evaluate_function(x, y):\n    \"\"\"The complex function we're trying to minimize\"\"\"\n    return np.sin(x) * np.cos(y) + np.sin(x * y) + (x**2 + y**2) / 20\n\n\ndef run_search():\n    x, y, value = search_algorithm()\n    return x, y, value\n\n\nif __name__ == \"__main__\":\n    x, y, value = run_search()\n    print(f\"Found minimum at ({x}, {y}) with value {value}\")\n\n```\nUnique approach: Modification: Change 1: Replace 10 lines with 4 lines\nChange 2: Replace 16 lines with 37 lines, Excellent runs_successfully (1.000), Excellent value_score (1.000)\n\n### Inspiration 3 (Score: 1.3609, Type: High-Performer)\n```python\n# EVOLVE-BLOCK-START\n\"\"\"Function minimization example for OpenEvolve\"\"\"\nimport numpy as np\n\n\ndef search_algorithm(iterations=1000, bounds=(-5, 5)):\n    \"\"\"\n    A simple random search algorithm that often gets stuck in local minima.\n\n    Args:\n        iterations: Number of iterations to run\n        bounds: Bounds for the search space (min, max)\n\n    Returns:\n        Tuple of (best_x, best_y, best_value)\n    \"\"\"\n    # Initialize with a random point\n    best_x = np.random.uniform(bounds[0], bounds[1])\n    best_y = np.random.uniform(bounds[0], bounds[1])\n    best_value = evaluate_function(best_x, best_y)\n\n    # Parameters for the hybrid search strategy\n    global_search_prob = 0.15  # Probability of performing a global random jump (exploration)\n    initial_local_step_factor = 0.8  # Initial relative range for local search (e.g., 0.8 * total_range)\n    final_local_step_factor = 0.005 # Final relative range for local search (e.g., 0.005 * total_range)\n    \n    search_range = bounds[1] - bounds[0] # Total range of the search space\n\n    for i in range(iterations):\n        # Determine whether to perform a global jump or a local perturbation\n        if np.random.rand() < global_search_prob:\n            # Global random search: explore new, distant areas to escape local minima\n            x = np.random.uniform(bounds[0], bounds[1])\n            y = np.random.uniform(bounds[0], bounds[1])\n        else:\n            # Local search: exploit promising regions around the current best point\n            # The step size for local search decreases linearly over iterations (annealing-like behavior)\n            t = i / iterations # Normalized iteration progress (0 to 1)\n            current_local_step_factor = initial_local_step_factor * (1 - t) + final_local_step_factor * t\n            local_range = search_range * current_local_step_factor\n            \n            # Generate a candidate point by perturbing the current best_x, best_y\n            x_candidate = np.random.uniform(best_x - local_range/2, best_x + local_range/2)\n            y_candidate = np.random.uniform(best_y - local_range/2, best_y + local_range/2)\n            \n            # Clip candidates to ensure they stay within the overall defined search bounds\n            x = np.clip(x_candidate, bounds[0], bounds[1])\n            y = np.clip(y_candidate, bounds[0], bounds[1])\n            \n        value = evaluate_function(x, y)\n\n        # Update the best found solution if the current candidate is better\n        if value < best_value:\n            best_value = value\n            best_x, best_y = x, y\n\n    return best_x, best_y, best_value\n\n\n# EVOLVE-BLOCK-END\n\n\n# This part remains fixed (not evolved)\ndef evaluate_function(x, y):\n    \"\"\"The complex function we're trying to minimize\"\"\"\n    return np.sin(x) * np.cos(y) + np.sin(x * y) + (x**2 + y**2) / 20\n\n\ndef run_search():\n    x, y, value = search_algorithm()\n    return x, y, value\n\n\nif __name__ == \"__main__\":\n    x, y, value = run_search()\n    print(f\"Found minimum at ({x}, {y}) with value {value}\")\n\n```\nUnique approach: Modification: Change 1: Replace 34 lines with 50 lines, Excellent runs_successfully (1.000), Excellent value_score (0.990)\n\n# Current Program\n```python\n# EVOLVE-BLOCK-START\n\"\"\"Function minimization example for OpenEvolve\"\"\"\nimport numpy as np\n\n\ndef search_algorithm(iterations=1000, bounds=(-5, 5)):\n    \"\"\"\n    A simple random search algorithm that often gets stuck in local minima.\n\n    Args:\n        iterations: Number of iterations to run\n        bounds: Bounds for the search space (min, max)\n\n    Returns:\n        Tuple of (best_x, best_y, best_value)\n    \"\"\"\n    lower_bound, upper_bound = bounds\n    \n    # Initialize current and best solution with a random point\n    current_x = np.random.uniform(lower_bound, upper_bound)\n    current_y = np.random.uniform(lower_bound, upper_bound)\n    current_value = evaluate_function(current_x, current_y)\n\n    # The overall best solution found\n    best_x, best_y, best_value = current_x, current_y, current_value\n\n    # Simulated Annealing parameters\n    initial_temperature = 1.0\n    cooling_rate = 0.99   # Slightly faster cooling to focus local search after exploration\n    \n    # Initial step scale for perturbations, proportional to search space range\n    initial_step_scale = (upper_bound - lower_bound) / 10.0 \n    \n    for i in range(iterations):\n        # Decrease temperature over iterations\n        temperature = initial_temperature * (cooling_rate ** i)\n        # Prevent division by very small numbers in exp() if temperature drops too low\n        if temperature < 1e-10:\n            temperature = 1e-10\n\n        # Adaptive step size for perturbations, scales with temperature\n        step_size = initial_step_scale * (temperature / initial_temperature) \n        \n        # Propose a new point: mostly local perturbation, sometimes a global jump\n        if np.random.rand() < 0.05:  # 5% chance of a global jump for better exploration\n            next_x = np.random.uniform(lower_bound, upper_bound)\n            next_y = np.random.uniform(lower_bound, upper_bound)\n        else:  # 95% chance of a local perturbation around the current point\n            next_x = current_x + np.random.normal(0, step_size)\n            next_y = current_y + np.random.normal(0, step_size)\n            \n            # Ensure new point stays within bounds\n            next_x = np.clip(next_x, lower_bound, upper_bound)\n            next_y = np.clip(next_y, lower_bound, upper_bound)\n\n        next_value = evaluate_function(next_x, next_y)\n\n        # Acceptance criterion (Metropolis-Hastings)\n        if next_value < current_value:\n            # Always accept better solutions\n            current_x, current_y, current_value = next_x, next_y, next_value\n            # Update overall best if current solution is the best found so far\n            if current_value < best_value:\n                best_x, best_y, best_value = current_x, current_y, current_value\n        elif temperature > 0 and np.random.rand() < np.exp(-(next_value - current_value) / temperature):\n            # Accept worse solutions with a probability that decreases with temperature\n            current_x, current_y, current_value = next_x, next_y, current_value\n            # Note: best_value is NOT updated here, as current_value is worse than previous current_value.\n\n    return best_x, best_y, best_value\n\n\n# EVOLVE-BLOCK-END\n\n\n# This part remains fixed (not evolved)\ndef evaluate_function(x, y):\n    \"\"\"The complex function we're trying to minimize\"\"\"\n    return np.sin(x) * np.cos(y) + np.sin(x * y) + (x**2 + y**2) / 20\n\n\ndef run_search():\n    x, y, value = search_algorithm()\n    return x, y, value\n\n\nif __name__ == \"__main__\":\n    x, y, value = run_search()\n    print(f\"Found minimum at ({x}, {y}) with value {value}\")\n\n```\n\n# Task\nSuggest improvements to the program that will improve its FITNESS SCORE.\nThe system maintains diversity across these dimensions: complexity, diversity\nDifferent solutions with similar fitness but different features are valuable.\n\nYou MUST use the exact SEARCH/REPLACE diff format shown below to indicate changes:\n\n<<<<<<< SEARCH\n# Original code to find and replace (must match exactly)\n=======\n# New replacement code\n>>>>>>> REPLACE\n\nExample of valid diff format:\n<<<<<<< SEARCH\nfor i in range(m):\n    for j in range(p):\n        for k in range(n):\n            C[i, j] += A[i, k] * B[k, j]\n=======\n# Reorder loops for better memory access pattern\nfor i in range(m):\n    for k in range(n):\n        for j in range(p):\n            C[i, j] += A[i, k] * B[k, j]\n>>>>>>> REPLACE\n\nYou can suggest multiple changes. Each SEARCH section must exactly match code in the current program.\nBe thoughtful about your changes and explain your reasoning thoroughly.\n\nIMPORTANT: Do not rewrite the entire program - focus on targeted improvements.", "responses": ["The current program uses a Simulated Annealing approach. While this is a good starting point for escaping local minima, its effectiveness can be further enhanced by more robust exploration and exploitation strategies. The current global jump probability is fixed at 5%, which might be too low for effective exploration in a complex landscape with many local minima. Also, the step size adaptation could be more dynamic.\n\nHere are a few suggestions to improve the `search_algorithm` function:\n\n1.  **Increase Global Exploration Probability:** A fixed 5% probability for global jumps might not be enough to consistently escape deep local minima. We can introduce a mechanism where this probability is higher initially and decreases over time, or is dynamically adjusted based on whether the search is improving.\n\n2.  **Adaptive Step Size for Local Search:** The current step size scales linearly with temperature. We can explore more sophisticated methods for adapting the step size, perhaps making it more sensitive to the landscape's local curvature or variance.\n\n3.  **Introduce a Multi-start Strategy or a Population-based approach:** While not directly changing the `search_algorithm` function's core logic, running the `search_algorithm` multiple times with different random seeds or employing a simple population-based approach (like a basic Genetic Algorithm or Particle Swarm Optimization concept) can significantly improve the chances of finding the global minimum. For this task, we'll focus on improving the `search_algorithm` itself.\n\nLet's try to implement a more dynamic global jump probability and a slightly more aggressive cooling schedule to encourage faster convergence after exploration.\n\n<<<<<<< SEARCH\n    # Simulated Annealing parameters\n    initial_temperature = 1.0\n    cooling_rate = 0.99   # Slightly faster cooling to focus local search after exploration\n    \n    # Initial step scale for perturbations, proportional to search space range\n    initial_step_scale = (upper_bound - lower_bound) / 10.0 \n    \n    for i in range(iterations):\n        # Decrease temperature over iterations\n        temperature = initial_temperature * (cooling_rate ** i)\n        # Prevent division by very small numbers in exp() if temperature drops too low\n        if temperature < 1e-10:\n            temperature = 1e-10\n\n        # Adaptive step size for perturbations, scales with temperature\n        step_size = initial_step_scale * (temperature / initial_temperature) \n        \n        # Propose a new point: mostly local perturbation, sometimes a global jump\n        if np.random.rand() < 0.05:  # 5% chance of a global jump for better exploration\n            next_x = np.random.uniform(lower_bound, upper_bound)\n            next_y = np.random.uniform(lower_bound, upper_bound)\n        else:  # 95% chance of a local perturbation around the current point\n            next_x = current_x + np.random.normal(0, step_size)\n            next_y = current_y + np.random.normal(0, step_size)\n            \n            # Ensure new point stays within bounds\n            next_x = np.clip(next_x, lower_bound, upper_bound)\n            next_y = np.clip(next_y, lower_bound, upper_bound)\n\n        next_value = evaluate_function(next_x, next_y)\n\n        # Acceptance criterion (Metropolis-Hastings)\n        if next_value < current_value:\n            # Always accept better solutions\n            current_x, current_y, current_value = next_x, next_y, next_value\n            # Update overall best if current solution is the best found so far\n            if current_value < best_value:\n                best_x, best_y, best_value = current_x, current_y, current_value\n        elif temperature > 0 and np.random.rand() < np.exp(-(next_value - current_value) / temperature):\n            # Accept worse solutions with a probability that decreases with temperature\n            current_x, current_y, current_value = next_x, next_y, current_value\n            # Note: best_value is NOT updated here, as current_value is worse than previous current_value.\n\n    return best_x, best_y, best_value\n=======\n    # Simulated Annealing parameters\n    initial_temperature = 1.0\n    # Slightly faster cooling to focus local search after exploration, but not too fast to miss global minima\n    cooling_rate = 0.98  \n    \n    # Initial step scale for perturbations, proportional to search space range\n    initial_step_scale = (upper_bound - lower_bound) / 8.0 # Increased initial step scale for broader exploration\n    \n    # Global jump probability: starts higher and decreases over iterations\n    # This encourages more exploration at the beginning and exploitation later.\n    global_jump_prob_start = 0.2 # 20% chance of global jump initially\n    global_jump_prob_end = 0.02  # 2% chance of global jump at the end\n    \n    for i in range(iterations):\n        # Decrease temperature over iterations\n        temperature = initial_temperature * (cooling_rate ** i)\n        # Prevent division by very small numbers in exp() if temperature drops too low\n        if temperature < 1e-10:\n            temperature = 1e-10\n\n        # Adaptive step size for perturbations, scales with temperature and initial step scale\n        step_size = initial_step_scale * (temperature / initial_temperature) \n        \n        # Calculate current global jump probability based on iteration progress\n        # Linear interpolation between start and end probabilities\n        current_global_jump_prob = global_jump_prob_start * (1 - i / iterations) + global_jump_prob_end * (i / iterations)\n        \n        # Propose a new point: mostly local perturbation, sometimes a global jump\n        if np.random.rand() < current_global_jump_prob:  # Dynamic global jump probability\n            next_x = np.random.uniform(lower_bound, upper_bound)\n            next_y = np.random.uniform(lower_bound, upper_bound)\n        else:  # Local perturbation around the current point\n            # Use normal distribution for perturbations, scaled by step_size\n            next_x = current_x + np.random.normal(0, step_size)\n            next_y = current_y + np.random.normal(0, step_size)\n            \n            # Ensure new point stays within bounds\n            next_x = np.clip(next_x, lower_bound, upper_bound)\n            next_y = np.clip(next_y, lower_bound, upper_bound)\n\n        next_value = evaluate_function(next_x, next_y)\n\n        # Acceptance criterion (Metropolis-Hastings)\n        if next_value < current_value:\n            # Always accept better solutions\n            current_x, current_y, current_value = next_x, next_y, next_value\n            # Update overall best if current solution is the best found so far\n            if current_value < best_value:\n                best_x, best_y, best_value = current_x, current_y, current_value\n        elif temperature > 0 and np.random.rand() < np.exp(-(next_value - current_value) / temperature):\n            # Accept worse solutions with a probability that decreases with temperature\n            current_x, current_y, current_value = next_x, next_y, current_value\n            # Note: best_value is NOT updated here, as current_value is worse than previous current_value.\n\n    return best_x, best_y, best_value\n>>>>>>> REPLACE\n\n**Reasoning for the changes:**\n\n1.  **`cooling_rate = 0.98`**: Reduced the cooling rate from `0.99` to `0.98`. A slightly faster cooling rate means the temperature drops more quickly, which can help the algorithm converge towards a minimum more rapidly once it has explored sufficiently. This is a balance: too fast and it might not explore enough, too slow and it might take too long. `0.98` is a common value that offers a good compromise.\n\n2.  **`initial_step_scale = (upper_bound - lower_bound) / 8.0`**: Increased the `initial_step_scale` from `/ 10.0` to `/ 8.0`. A larger initial step scale allows for larger perturbations during the early stages of the search when the temperature is high, promoting broader exploration of the search space. This is crucial for finding the global minimum in a complex landscape with many local minima.\n\n3.  **Introduction of `global_jump_prob_start` and `global_jump_prob_end`**:\n    *   `global_jump_prob_start = 0.2`\n    *   `global_jump_prob_end = 0.02`\n    These new parameters define a range for the probability of performing a global random jump.\n\n4.  **Dynamic `current_global_jump_prob` calculation**:\n    ```python\n    current_global_jump_prob = global_jump_prob_start * (1 - i / iterations) + global_jump_prob_end * (i / iterations)\n    ```\n    This line replaces the fixed `if np.random.rand() < 0.05:` condition. It implements a linear decay of the global jump probability. At the start of the search (`i=0`), the probability is `global_jump_prob_start` (20%). As the iterations progress, this probability decreases, reaching `global_jump_prob_end` (2%) at the end of the search. This strategy ensures:\n    *   **Early Exploration**: Higher probability of global jumps at the beginning helps the algorithm escape initial local minima and explore diverse regions of the search space.\n    *   **Late Exploitation**: Lower probability of global jumps towards the end allows the algorithm to focus on refining promising solutions found during the exploration phase, similar to a more directed local search.\n\nThese changes collectively aim to improve the algorithm's ability to explore the search space more effectively, especially in the early stages, and then transition to focused exploitation, increasing the likelihood of finding the global minimum."]}}, "artifacts_json": "{\"stage1_result\": \"Found solution at x=-1.5577, y=1.2051 with value=-1.1170\", \"distance_to_global\": \"0.5471\", \"solution_quality\": \"Distance < 1.5: Good region\"}", "artifact_dir": null}