{"id": "eb3bce27-6843-4ffc-8eec-8ea2baa06456", "code": "# EVOLVE-BLOCK-START\n\"\"\"Function minimization example for OpenEvolve\"\"\"\nimport numpy as np\n\n\ndef search_algorithm(iterations=1000, bounds=(-5, 5)):\n    \"\"\"\n    A simple random search algorithm that often gets stuck in local minima.\n\n    Args:\n        iterations: Number of iterations to run\n        bounds: Bounds for the search space (min, max)\n\n    Returns:\n        Tuple of (best_x, best_y, best_value)\n    \"\"\"\n    # Initialize with a random point\n    best_x = np.random.uniform(bounds[0], bounds[1])\n    best_y = np.random.uniform(bounds[0], bounds[1])\n    best_value = evaluate_function(best_x, best_y)\n\n    # Parameters for the hybrid search strategy\n    initial_global_search_prob = 0.15  # Initial probability of performing a global random jump\n    adaptive_global_increase_factor = 0.0005 # Factor to increase global_search_prob when stuck\n    no_improvement_threshold = 50 # Number of iterations without improvement to trigger increase\n    \n    initial_local_step_factor = 0.8  # Initial relative range for local search (e.g., 0.8 * total_range)\n    final_local_step_factor = 0.005 # Final relative range for local search (e.g., 0.005 * total_range)\n    \n    search_range = bounds[1] - bounds[0] # Total range of the search space\n    global_search_prob = initial_global_search_prob\n    iterations_since_last_improvement = 0\n\n    for i in range(iterations):\n        # Adapt global search probability if stuck\n        if iterations_since_last_improvement >= no_improvement_threshold:\n            global_search_prob = min(0.5, global_search_prob + adaptive_global_increase_factor * iterations_since_last_improvement)\n            iterations_since_last_improvement = 0 # Reset counter\n\n        # Determine whether to perform a global jump or a local perturbation\n        if np.random.rand() < global_search_prob:\n            # Global random search: explore new, distant areas to escape local minima\n            x = np.random.uniform(bounds[0], bounds[1])\n            y = np.random.uniform(bounds[0], bounds[1])\n            iterations_since_last_improvement += 1 # Count global jumps as not an improvement in local sense\n        else:\n            # Local search: exploit promising regions around the current best point\n            # The step size for local search decreases linearly over iterations (annealing-like behavior)\n            t = i / iterations # Normalized iteration progress (0 to 1)\n            current_local_step_factor = initial_local_step_factor * (1 - t) + final_local_step_factor * t\n            local_range = search_range * current_local_step_factor\n            \n            # Generate a candidate point by perturbing the current best_x, best_y\n            # Using uniform distribution for perturbations\n            x_candidate = np.random.uniform(best_x - local_range/2, best_x + local_range/2)\n            y_candidate = np.random.uniform(best_y - local_range/2, best_y + local_range/2)\n            \n            # Clip candidates to ensure they stay within the overall defined search bounds\n            x = np.clip(x_candidate, bounds[0], bounds[1])\n            y = np.clip(y_candidate, bounds[0], bounds[1])\n            \n        value = evaluate_function(x, y)\n\n        # Update the best found solution if the current candidate is better\n        if value < best_value:\n            best_value = value\n            best_x, best_y = x, y\n            iterations_since_last_improvement = 0 # Reset counter on improvement\n        else:\n            iterations_since_last_improvement += 1\n\n    return best_x, best_y, best_value\n\n\n# EVOLVE-BLOCK-END\n\n\n# This part remains fixed (not evolved)\ndef evaluate_function(x, y):\n    \"\"\"The complex function we're trying to minimize\"\"\"\n    return np.sin(x) * np.cos(y) + np.sin(x * y) + (x**2 + y**2) / 20\n\n\ndef run_search():\n    x, y, value = search_algorithm()\n    return x, y, value\n\n\nif __name__ == \"__main__\":\n    x, y, value = run_search()\n    print(f\"Found minimum at ({x}, {y}) with value {value}\")\n", "language": "python", "parent_id": "c76cf160-fd06-4e28-9bb1-c8e0cd9ec3d6", "generation": 3, "timestamp": 1759267949.3576946, "iteration_found": 26, "metrics": {"runs_successfully": 1.0, "value_score": 0.9989693819840686, "distance_score": 0.9803820099896879, "combined_score": 1.490398940983411, "reliability_score": 1.0}, "complexity": 0.0, "diversity": 0.0, "metadata": {"changes": "Change 1: Replace 36 lines with 51 lines", "parent_metrics": {"runs_successfully": 1.0, "value_score": 0.9897904463422256, "distance_score": 0.709258500322337, "combined_score": 1.3615091599017206, "reliability_score": 1.0}, "island": 1}, "prompts": {"diff_user": {"system": "You are an expert programmer specializing in optimization algorithms. Your task is to improve a function minimization algorithm to find the global minimum of a complex function with many local minima. The function is f(x, y) = sin(x) * cos(y) + sin(x*y) + (x^2 + y^2)/20. Focus on improving the search_algorithm function to reliably find the global minimum, escaping local minima that might trap simple algorithms.", "user": "# Current Program Information\n- Fitness: 1.3615\n- Feature coordinates: No feature coordinates\n- Focus areas: - Fitness declined: 1.4947 \u00e2\u2020\u2019 1.3615. Consider revising recent changes.\n- Consider simplifying - code length exceeds 500 characters\n\n## Last Execution Output\n\n### stage1_result\n```\nFound solution at x=-1.7196, y=0.6753 with value=-1.5185\n```\n\n### distance_to_global\n```\n0.0158\n```\n\n### solution_quality\n```\nDistance < 0.5: Very close\n```\n\n### convergence_info\n```\nConverged in 10 trials with 10 successes\n```\n\n### best_position\n```\nFinal position: x=-1.7404, y=0.6694\n```\n\n### average_distance_to_global\n```\n0.4099\n```\n\n### search_efficiency\n```\nSuccess rate: 100.00%\n```\n\n# Program Evolution History\n## Previous Attempts\n\n### Attempt 3\n- Changes: Change 1: Replace 29 lines with 38 lines\n- Metrics: runs_successfully: 1.0000, value_score: 0.9995, distance_score: 0.9891, combined_score: 1.4947, reliability_score: 1.0000\n- Outcome: Mixed results\n\n### Attempt 2\n- Changes: Change 1: Replace 27 lines with 36 lines\n- Metrics: runs_successfully: 1.0000, value_score: 0.9996, distance_score: 0.9901, combined_score: 1.4952, reliability_score: 1.0000\n- Outcome: Mixed results\n\n### Attempt 1\n- Changes: Change 1: Replace 34 lines with 63 lines\n- Metrics: runs_successfully: 1.0000, value_score: 0.9996, distance_score: 0.9920, combined_score: 1.4961, reliability_score: 1.0000\n- Outcome: Mixed results\n\n## Top Performing Programs\n\n### Program 1 (Score: 1.4961)\n```python\n# EVOLVE-BLOCK-START\n\"\"\"Function minimization example for OpenEvolve\"\"\"\nimport numpy as np\n\n\ndef search_algorithm(iterations=1000, bounds=(-5, 5)):\n    \"\"\"\n    A simple random search algorithm that often gets stuck in local minima.\n\n    Args:\n        iterations: Number of iterations to run\n        bounds: Bounds for the search space (min, max)\n\n    Returns:\n        Tuple of (best_x, best_y, best_value)\n    \"\"\"\n    # Initialize with a random point\n    best_x = np.random.uniform(bounds[0], bounds[1])\n    best_y = np.random.uniform(bounds[0], bounds[1])\n    best_value = evaluate_function(best_x, best_y)\n\n    # Parameters for the hybrid search strategy\n    initial_global_search_prob = 0.15  # Initial probability of performing a global random jump\n    adaptive_global_increase_factor = 0.0005 # Factor to increase global_search_prob when stuck\n    no_improvement_threshold = 50 # Number of iterations without improvement to trigger increase\n    \n    initial_local_step_factor = 0.8  # Initial relative range for local search (e.g., 0.8 * total_range)\n    final_local_step_factor = 0.005 # Final relative range for local search (e.g., 0.005 * total_range)\n    local_search_attempts = 3 # Number of local candidates to try per iteration\n    \n    search_range = bounds[1] - bounds[0] # Total range of the search space\n    global_search_prob = initial_global_search_prob\n    iterations_since_last_improvement = 0\n\n    for i in range(iterations):\n        # Adapt global search probability if stuck\n        if iterations_since_last_improvement >= no_improvement_threshold:\n            global_search_prob = min(0.5, global_search_prob + adaptive_global_increase_factor * iterations_since_last_improvement)\n            iterations_since_last_improvement = 0 # Reset counter\n\n        # Determine whether to perform a global jump or a local perturbation\n        if np.random.rand() < global_search_prob:\n            # Global random search: explore new, distant areas to escape local minima\n            x = np.random.uniform(bounds[0], bounds[1])\n            y = np.random.uniform(bounds[0], bounds[1])\n            iterations_since_last_improvement += 1 # Count global jumps as not an improvement in local sense\n        else:\n            # Local search: exploit promising regions around the current best point\n            # The step size for local search decreases linearly over iterations (annealing-like behavior)\n            t = i / iterations # Normalized iteration progress (0 to 1)\n            current_local_step_factor = initial_local_step_factor * (1 - t) + final_local_step_factor * t\n            local_range = search_range * current_local_step_factor\n            \n            best_local_x, best_local_y, best_local_value = best_x, best_y, best_value\n            \n            for _ in range(local_search_attempts):\n                # Generate a candidate point by perturbing the current best_x, best_y\n                # Using a normal distribution for perturbations, centered at best_x/y.\n                # The standard deviation scales with local_range, concentrating samples\n                # closer to the current best point for efficient exploitation.\n                sigma = local_range / 3.0  # Standard deviation for normal distribution\n                x_candidate = np.random.normal(best_x, sigma)\n                y_candidate = np.random.normal(best_y, sigma)\n                \n                # Clip candidates to ensure they stay within the overall defined search bounds\n                x_candidate = np.clip(x_candidate, bounds[0], bounds[1])\n                y_candidate = np.clip(y_candidate, bounds[0], bounds[1])\n                \n                value_candidate = evaluate_function(x_candidate, y_candidate)\n\n                if value_candidate < best_local_value:\n                    best_local_value = value_candidate\n                    best_local_x, best_local_y = x_candidate, y_candidate\n            \n            x, y = best_local_x, best_local_y\n            value = best_local_value\n\n            # Update the best found solution if the current candidate is better\n            if value < best_value:\n                best_value = value\n                best_x, best_y = x, y\n                iterations_since_last_improvement = 0 # Reset counter on improvement\n            else:\n                iterations_since_last_improvement += 1\n\n    return best_x, best_y, best_value\n\n\n# EVOLVE-BLOCK-END\n\n\n# This part remains fixed (not evolved)\ndef evaluate_function(x, y):\n    \"\"\"The complex function we're trying to minimize\"\"\"\n    return np.sin(x) * np.cos(y) + np.sin(x * y) + (x**2 + y**2) / 20\n\n\ndef run_search():\n    x, y, value = search_algorithm()\n    return x, y, value\n\n\nif __name__ == \"__main__\":\n    x, y, value = run_search()\n    print(f\"Found minimum at ({x}, {y}) with value {value}\")\n\n```\nKey features: Performs well on runs_successfully (1.0000), Performs well on value_score (0.9996), Performs well on distance_score (0.9920), Performs well on combined_score (1.4961), Performs well on reliability_score (1.0000)\n\n### Program 2 (Score: 1.4952)\n```python\n# EVOLVE-BLOCK-START\n\"\"\"Function minimization example for OpenEvolve\"\"\"\nimport numpy as np\n\n\ndef search_algorithm(iterations=1000, bounds=(-5, 5)):\n    \"\"\"\n    A simple random search algorithm that often gets stuck in local minima.\n\n    Args:\n        iterations: Number of iterations to run\n        bounds: Bounds for the search space (min, max)\n\n    Returns:\n        Tuple of (best_x, best_y, best_value)\n    \"\"\"\n    # Initialize with a random point\n    best_x = np.random.uniform(bounds[0], bounds[1])\n    best_y = np.random.uniform(bounds[0], bounds[1])\n    best_value = evaluate_function(best_x, best_y)\n\n    # Parameters for the hybrid search strategy\n    initial_global_search_prob = 0.3  # Initial probability of performing a global random jump (exploration)\n    final_global_search_prob = 0.05   # Final probability, decreases over time for more local focus\n    initial_local_step_factor = 0.8   # Initial relative range for local search (e.g., 0.8 * total_range)\n    final_local_step_factor = 0.005   # Final relative range for local search (e.g., 0.005 * total_range)\n    \n    search_range = bounds[1] - bounds[0] # Total range of the search space\n\n    for i in range(iterations):\n        t = i / iterations # Normalized iteration progress (0 to 1)\n\n        # Global search probability decreases linearly over iterations\n        current_global_search_prob = initial_global_search_prob * (1 - t) + final_global_search_prob * t\n\n        # Determine whether to perform a global jump or a local perturbation\n        if np.random.rand() < current_global_search_prob:\n            # Global random search: explore new, distant areas to escape local minima\n            x = np.random.uniform(bounds[0], bounds[1])\n            y = np.random.uniform(bounds[0], bounds[1])\n        else:\n            # Local search: exploit promising regions around the current best point\n            # The step size for local search decreases linearly over iterations (annealing-like behavior)\n            current_local_step_factor = initial_local_step_factor * (1 - t) + final_local_step_factor * t\n            local_range = search_range * current_local_step_factor\n            \n            # Generate a candidate point by perturbing the current best_x, best_y\n            # Using a normal distribution for perturbations, centered at best_x/y.\n            # The standard deviation scales with local_range, concentrating samples\n            # closer to the current best point for efficient exploitation.\n            sigma = local_range / 3.0  # Standard deviation for normal distribution\n            x_candidate = np.random.normal(best_x, sigma)\n            y_candidate = np.random.normal(best_y, sigma)\n            \n            # Clip candidates to ensure they stay within the overall defined search bounds\n            x = np.clip(x_candidate, bounds[0], bounds[1])\n            y = np.clip(y_candidate, bounds[0], bounds[1])\n            \n        value = evaluate_function(x, y)\n\n        # Update the best found solution if the current candidate is better\n        if value < best_value:\n            best_value = value\n            best_x, best_y = x, y\n\n    return best_x, best_y, best_value\n\n\n# EVOLVE-BLOCK-END\n\n\n# This part remains fixed (not evolved)\ndef evaluate_function(x, y):\n    \"\"\"The complex function we're trying to minimize\"\"\"\n    return np.sin(x) * np.cos(y) + np.sin(x * y) + (x**2 + y**2) / 20\n\n\ndef run_search():\n    x, y, value = search_algorithm()\n    return x, y, value\n\n\nif __name__ == \"__main__\":\n    x, y, value = run_search()\n    print(f\"Found minimum at ({x}, {y}) with value {value}\")\n\n```\nKey features: Performs well on runs_successfully (1.0000), Performs well on value_score (0.9996), Performs well on distance_score (0.9901), Performs well on combined_score (1.4952), Performs well on reliability_score (1.0000)\n\n### Program 3 (Score: 1.4947)\n```python\n# EVOLVE-BLOCK-START\n\"\"\"Function minimization example for OpenEvolve\"\"\"\nimport numpy as np\n\n\ndef search_algorithm(iterations=1000, bounds=(-5, 5)):\n    \"\"\"\n    A simple random search algorithm that often gets stuck in local minima.\n\n    Args:\n        iterations: Number of iterations to run\n        bounds: Bounds for the search space (min, max)\n\n    Returns:\n        Tuple of (best_x, best_y, best_value)\n    \"\"\"\n    # Initialize with a random point\n    best_x = np.random.uniform(bounds[0], bounds[1])\n    best_y = np.random.uniform(bounds[0], bounds[1])\n    best_value = evaluate_function(best_x, best_y)\n\n    # Parameters for the hybrid search strategy\n    initial_global_search_prob = 0.3  # Initial probability of performing a global random jump (exploration)\n    final_global_search_prob = 0.05   # Final probability, decreases over time for more local focus\n    initial_local_step_factor = 0.8   # Initial relative range for local search (e.g., 0.8 * total_range)\n    final_local_step_factor = 0.005   # Final relative range for local search (e.g., 0.005 * total_range)\n    \n    search_range = bounds[1] - bounds[0] # Total range of the search space\n\n    for i in range(iterations):\n        t = i / iterations # Normalized iteration progress (0 to 1)\n\n        # Global search probability decreases linearly over iterations\n        current_global_search_prob = initial_global_search_prob * (1 - t) + final_global_search_prob * t\n\n        # Determine whether to perform a global jump or a local perturbation\n        if np.random.rand() < current_global_search_prob:\n            # Global random search: explore new, distant areas to escape local minima\n            x = np.random.uniform(bounds[0], bounds[1])\n            y = np.random.uniform(bounds[0], bounds[1])\n        else:\n            # Local search: exploit promising regions around the current best point\n            # The step size for local search decreases linearly over iterations (annealing-like behavior)\n            current_local_step_factor = initial_local_step_factor * (1 - t) + final_local_step_factor * t\n            local_range = search_range * current_local_step_factor\n            \n            # Generate a candidate point by perturbing the current best_x, best_y\n            # Using a normal distribution for perturbations, centered at best_x/y.\n            # The standard deviation scales with local_range, concentrating samples\n            # closer to the current best point for efficient exploitation.\n            sigma = local_range / 3.0  # Standard deviation for normal distribution\n            x_candidate = np.random.normal(best_x, sigma)\n            y_candidate = np.random.normal(best_y, sigma)\n            \n            # Clip candidates to ensure they stay within the overall defined search bounds\n            x = np.clip(x_candidate, bounds[0], bounds[1])\n            y = np.clip(y_candidate, bounds[0], bounds[1])\n            \n        value = evaluate_function(x, y)\n\n        # Update the best found solution if the current candidate is better\n        if value < best_value:\n            best_value = value\n            best_x, best_y = x, y\n\n    return best_x, best_y, best_value\n\n\n# EVOLVE-BLOCK-END\n\n\n# This part remains fixed (not evolved)\ndef evaluate_function(x, y):\n    \"\"\"The complex function we're trying to minimize\"\"\"\n    return np.sin(x) * np.cos(y) + np.sin(x * y) + (x**2 + y**2) / 20\n\n\ndef run_search():\n    x, y, value = search_algorithm()\n    return x, y, value\n\n\nif __name__ == \"__main__\":\n    x, y, value = run_search()\n    print(f\"Found minimum at ({x}, {y}) with value {value}\")\n\n```\nKey features: Performs well on runs_successfully (1.0000), Performs well on value_score (0.9995), Performs well on distance_score (0.9891), Performs well on combined_score (1.4947), Performs well on reliability_score (1.0000)\n\n\n\n## Diverse Programs\n\n### Program D1 (Score: 1.4937)\n```python\n# EVOLVE-BLOCK-START\n\"\"\"Function minimization example for OpenEvolve\"\"\"\nimport numpy as np\n\n\ndef search_algorithm(iterations=1000, bounds=(-5, 5)):\n    \"\"\"\n    A simple random search algorithm that often gets stuck in local minima.\n\n    Args:\n        iterations: Number of iterations to run\n        bounds: Bounds for the search space (min, max)\n\n    Returns:\n        Tuple of (best_x, best_y, best_value)\n    \"\"\"\n    # Initialize with a random point\n    best_x = np.random.uniform(bounds[0], bounds[1])\n    best_y = np.random.uniform(bounds[0], bounds[1])\n    best_value = evaluate_function(best_x, best_y)\n\n    # Parameters for the hybrid search strategy\n    global_search_prob = 0.15  # Probability of performing a global random jump (exploration)\n    initial_local_step_factor = 0.8  # Initial relative range for local search (e.g., 0.8 * total_range)\n    final_local_step_factor = 0.005 # Final relative range for local search (e.g., 0.005 * total_range)\n    \n    search_range = bounds[1] - bounds[0] # Total range of the search space\n\n    for i in range(iterations):\n        # Determine whether to perform a global jump or a local perturbation\n        if np.random.rand() < global_search_prob:\n            # Global random search: explore new, distant areas to escape local minima\n            x = np.random.uniform(bounds[0], bounds[1])\n            y = np.random.uniform(bounds[0], bounds[1])\n        else:\n            # Local search: exploit promising regions around the current best point\n            # The step size for local search decreases linearly over iterations (annealing-like behavior)\n            t = i / iterations # Normalized iteration progress (0 to 1)\n            current_local_step_factor = initial_local_step_factor * (1 - t) + final_local_step_factor * t\n            local_range = search_range * current_local_step_factor\n            \n            # Generate a candidate point by perturbing the current best_x, best_y\n            x_candidate = np.random.uniform(best_x - local_range/2, best_x + local_range/2)\n            y_candidate = np.random.uniform(best_y - local_range/2, best_y + local_range/2)\n            \n            # Clip candidates to ensure they stay within the overall defined search bounds\n            x = np.clip(x_candidate, bounds[0], bounds[1])\n            y = np.clip(y_candidate, bounds[0], bounds[1])\n            \n        value = evaluate_function(x, y)\n\n        # Update the best found solution if the current candidate is better\n        if value < best_value:\n            best_value = value\n            best_x, best_y = x, y\n\n    return best_x, best_y, best_value\n\n\n# EVOLVE-BLOCK-END\n\n\n# This part remains fixed (not evolved)\ndef evaluate_function(x, y):\n    \"\"\"The complex function we're trying to minimize\"\"\"\n    return np.sin(x) * np.cos(y) + np.sin(x * y) + (x**2 + y**2) / 20\n\n\ndef run_search():\n    x, y, value = search_algorithm()\n    return x, y, value\n\n\nif __name__ == \"__main__\":\n    x, y, value = run_search()\n    print(f\"Found minimum at ({x}, {y}) with value {value}\")\n\n```\nKey features: Alternative approach to runs_successfully, Alternative approach to value_score\n\n### Program D2 (Score: 1.4946)\n```python\n# EVOLVE-BLOCK-START\n\"\"\"Function minimization example for OpenEvolve\"\"\"\nimport numpy as np\n\n\ndef search_algorithm(iterations=1000, bounds=(-5, 5)):\n    \"\"\"\n    A simple random search algorithm that often gets stuck in local minima.\n\n    Args:\n        iterations: Number of iterations to run\n        bounds: Bounds for the search space (min, max)\n\n    Returns:\n        Tuple of (best_x, best_y, best_value)\n    \"\"\"\n    # Initialize with a random point\n    best_x = np.random.uniform(bounds[0], bounds[1])\n    best_y = np.random.uniform(bounds[0], bounds[1])\n    best_value = evaluate_function(best_x, best_y)\n\n    # Parameters for the hybrid search strategy\n    initial_global_search_prob = 0.15  # Initial probability of performing a global random jump\n    adaptive_global_increase_factor = 0.0005 # Factor to increase global_search_prob when stuck\n    no_improvement_threshold = 50 # Number of iterations without improvement to trigger increase\n    \n    initial_local_step_factor = 0.8  # Initial relative range for local search (e.g., 0.8 * total_range)\n    final_local_step_factor = 0.005 # Final relative range for local search (e.g., 0.005 * total_range)\n    local_search_attempts = 3 # Number of local candidates to try per iteration\n    \n    search_range = bounds[1] - bounds[0] # Total range of the search space\n    global_search_prob = initial_global_search_prob\n    iterations_since_last_improvement = 0\n\n    for i in range(iterations):\n        # Adapt global search probability if stuck\n        if iterations_since_last_improvement >= no_improvement_threshold:\n            global_search_prob = min(0.5, global_search_prob + adaptive_global_increase_factor * iterations_since_last_improvement)\n            iterations_since_last_improvement = 0 # Reset counter\n\n        # Determine whether to perform a global jump or a local perturbation\n        if np.random.rand() < global_search_prob:\n            # Global random search: explore new, distant areas to escape local minima\n            x = np.random.uniform(bounds[0], bounds[1])\n            y = np.random.uniform(bounds[0], bounds[1])\n            iterations_since_last_improvement += 1 # Count global jumps as not an improvement in local sense\n        else:\n            # Local search: exploit promising regions around the current best point\n            # The step size for local search decreases linearly over iterations (annealing-like behavior)\n            t = i / iterations # Normalized iteration progress (0 to 1)\n            current_local_step_factor = initial_local_step_factor * (1 - t) + final_local_step_factor * t\n            local_range = search_range * current_local_step_factor\n            \n            best_local_x, best_local_y, best_local_value = best_x, best_y, best_value\n            \n            for _ in range(local_search_attempts):\n                # Generate a candidate point by perturbing the current best_x, best_y\n                x_candidate = np.random.uniform(best_x - local_range/2, best_x + local_range/2)\n                y_candidate = np.random.uniform(best_y - local_range/2, best_y + local_range/2)\n                \n                # Clip candidates to ensure they stay within the overall defined search bounds\n                x_candidate = np.clip(x_candidate, bounds[0], bounds[1])\n                y_candidate = np.clip(y_candidate, bounds[0], bounds[1])\n                \n                value_candidate = evaluate_function(x_candidate, y_candidate)\n\n                if value_candidate < best_local_value:\n                    best_local_value = value_candidate\n                    best_local_x, best_local_y = x_candidate, y_candidate\n            \n            x, y = best_local_x, best_local_y\n            value = best_local_value\n\n            # Update the best found solution if the current candidate is better\n            if value < best_value:\n                best_value = value\n                best_x, best_y = x, y\n                iterations_since_last_improvement = 0 # Reset counter on improvement\n            else:\n                iterations_since_last_improvement += 1\n\n    return best_x, best_y, best_value\n\n\n# EVOLVE-BLOCK-END\n\n\n# This part remains fixed (not evolved)\ndef evaluate_function(x, y):\n    \"\"\"The complex function we're trying to minimize\"\"\"\n    return np.sin(x) * np.cos(y) + np.sin(x * y) + (x**2 + y**2) / 20\n\n\ndef run_search():\n    x, y, value = search_algorithm()\n    return x, y, value\n\n\nif __name__ == \"__main__\":\n    x, y, value = run_search()\n    print(f\"Found minimum at ({x}, {y}) with value {value}\")\n\n```\nKey features: Alternative approach to runs_successfully, Alternative approach to value_score\n\n## Inspiration Programs\n\nThese programs represent diverse approaches and creative solutions that may inspire new ideas:\n\n### Inspiration 1 (Score: 1.4961, Type: High-Performer)\n```python\n# EVOLVE-BLOCK-START\n\"\"\"Function minimization example for OpenEvolve\"\"\"\nimport numpy as np\n\n\ndef search_algorithm(iterations=1000, bounds=(-5, 5)):\n    \"\"\"\n    A simple random search algorithm that often gets stuck in local minima.\n\n    Args:\n        iterations: Number of iterations to run\n        bounds: Bounds for the search space (min, max)\n\n    Returns:\n        Tuple of (best_x, best_y, best_value)\n    \"\"\"\n    # Initialize with a random point\n    best_x = np.random.uniform(bounds[0], bounds[1])\n    best_y = np.random.uniform(bounds[0], bounds[1])\n    best_value = evaluate_function(best_x, best_y)\n\n    # Parameters for the hybrid search strategy\n    initial_global_search_prob = 0.15  # Initial probability of performing a global random jump\n    adaptive_global_increase_factor = 0.0005 # Factor to increase global_search_prob when stuck\n    no_improvement_threshold = 50 # Number of iterations without improvement to trigger increase\n    \n    initial_local_step_factor = 0.8  # Initial relative range for local search (e.g., 0.8 * total_range)\n    final_local_step_factor = 0.005 # Final relative range for local search (e.g., 0.005 * total_range)\n    local_search_attempts = 3 # Number of local candidates to try per iteration\n    \n    search_range = bounds[1] - bounds[0] # Total range of the search space\n    global_search_prob = initial_global_search_prob\n    iterations_since_last_improvement = 0\n\n    for i in range(iterations):\n        # Adapt global search probability if stuck\n        if iterations_since_last_improvement >= no_improvement_threshold:\n            global_search_prob = min(0.5, global_search_prob + adaptive_global_increase_factor * iterations_since_last_improvement)\n            iterations_since_last_improvement = 0 # Reset counter\n\n        # Determine whether to perform a global jump or a local perturbation\n        if np.random.rand() < global_search_prob:\n            # Global random search: explore new, distant areas to escape local minima\n            x = np.random.uniform(bounds[0], bounds[1])\n            y = np.random.uniform(bounds[0], bounds[1])\n            iterations_since_last_improvement += 1 # Count global jumps as not an improvement in local sense\n        else:\n            # Local search: exploit promising regions around the current best point\n            # The step size for local search decreases linearly over iterations (annealing-like behavior)\n            t = i / iterations # Normalized iteration progress (0 to 1)\n            current_local_step_factor = initial_local_step_factor * (1 - t) + final_local_step_factor * t\n            local_range = search_range * current_local_step_factor\n            \n            best_local_x, best_local_y, best_local_value = best_x, best_y, best_value\n            \n            for _ in range(local_search_attempts):\n                # Generate a candidate point by perturbing the current best_x, best_y\n                # Using a normal distribution for perturbations, centered at best_x/y.\n                # The standard deviation scales with local_range, concentrating samples\n                # closer to the current best point for efficient exploitation.\n                sigma = local_range / 3.0  # Standard deviation for normal distribution\n                x_candidate = np.random.normal(best_x, sigma)\n                y_candidate = np.random.normal(best_y, sigma)\n                \n                # Clip candidates to ensure they stay within the overall defined search bounds\n                x_candidate = np.clip(x_candidate, bounds[0], bounds[1])\n                y_candidate = np.clip(y_candidate, bounds[0], bounds[1])\n                \n                value_candidate = evaluate_function(x_candidate, y_candidate)\n\n                if value_candidate < best_local_value:\n                    best_local_value = value_candidate\n                    best_local_x, best_local_y = x_candidate, y_candidate\n            \n            x, y = best_local_x, best_local_y\n            value = best_local_value\n\n            # Update the best found solution if the current candidate is better\n            if value < best_value:\n                best_value = value\n                best_x, best_y = x, y\n                iterations_since_last_improvement = 0 # Reset counter on improvement\n            else:\n                iterations_since_last_improvement += 1\n\n    return best_x, best_y, best_value\n\n\n# EVOLVE-BLOCK-END\n\n\n# This part remains fixed (not evolved)\ndef evaluate_function(x, y):\n    \"\"\"The complex function we're trying to minimize\"\"\"\n    return np.sin(x) * np.cos(y) + np.sin(x * y) + (x**2 + y**2) / 20\n\n\ndef run_search():\n    x, y, value = search_algorithm()\n    return x, y, value\n\n\nif __name__ == \"__main__\":\n    x, y, value = run_search()\n    print(f\"Found minimum at ({x}, {y}) with value {value}\")\n\n```\nUnique approach: Modification: Change 1: Replace 34 lines with 63 lines, Excellent runs_successfully (1.000), Excellent value_score (1.000)\n\n### Inspiration 2 (Score: 1.4952, Type: High-Performer)\n```python\n# EVOLVE-BLOCK-START\n\"\"\"Function minimization example for OpenEvolve\"\"\"\nimport numpy as np\n\n\ndef search_algorithm(iterations=1000, bounds=(-5, 5)):\n    \"\"\"\n    A simple random search algorithm that often gets stuck in local minima.\n\n    Args:\n        iterations: Number of iterations to run\n        bounds: Bounds for the search space (min, max)\n\n    Returns:\n        Tuple of (best_x, best_y, best_value)\n    \"\"\"\n    # Initialize with a random point\n    best_x = np.random.uniform(bounds[0], bounds[1])\n    best_y = np.random.uniform(bounds[0], bounds[1])\n    best_value = evaluate_function(best_x, best_y)\n\n    # Parameters for the hybrid search strategy\n    initial_global_search_prob = 0.3  # Initial probability of performing a global random jump (exploration)\n    final_global_search_prob = 0.05   # Final probability, decreases over time for more local focus\n    initial_local_step_factor = 0.8   # Initial relative range for local search (e.g., 0.8 * total_range)\n    final_local_step_factor = 0.005   # Final relative range for local search (e.g., 0.005 * total_range)\n    \n    search_range = bounds[1] - bounds[0] # Total range of the search space\n\n    for i in range(iterations):\n        t = i / iterations # Normalized iteration progress (0 to 1)\n\n        # Global search probability decreases linearly over iterations\n        current_global_search_prob = initial_global_search_prob * (1 - t) + final_global_search_prob * t\n\n        # Determine whether to perform a global jump or a local perturbation\n        if np.random.rand() < current_global_search_prob:\n            # Global random search: explore new, distant areas to escape local minima\n            x = np.random.uniform(bounds[0], bounds[1])\n            y = np.random.uniform(bounds[0], bounds[1])\n        else:\n            # Local search: exploit promising regions around the current best point\n            # The step size for local search decreases linearly over iterations (annealing-like behavior)\n            current_local_step_factor = initial_local_step_factor * (1 - t) + final_local_step_factor * t\n            local_range = search_range * current_local_step_factor\n            \n            # Generate a candidate point by perturbing the current best_x, best_y\n            # Using a normal distribution for perturbations, centered at best_x/y.\n            # The standard deviation scales with local_range, concentrating samples\n            # closer to the current best point for efficient exploitation.\n            sigma = local_range / 3.0  # Standard deviation for normal distribution\n            x_candidate = np.random.normal(best_x, sigma)\n            y_candidate = np.random.normal(best_y, sigma)\n            \n            # Clip candidates to ensure they stay within the overall defined search bounds\n            x = np.clip(x_candidate, bounds[0], bounds[1])\n            y = np.clip(y_candidate, bounds[0], bounds[1])\n            \n        value = evaluate_function(x, y)\n\n        # Update the best found solution if the current candidate is better\n        if value < best_value:\n            best_value = value\n            best_x, best_y = x, y\n\n    return best_x, best_y, best_value\n\n\n# EVOLVE-BLOCK-END\n\n\n# This part remains fixed (not evolved)\ndef evaluate_function(x, y):\n    \"\"\"The complex function we're trying to minimize\"\"\"\n    return np.sin(x) * np.cos(y) + np.sin(x * y) + (x**2 + y**2) / 20\n\n\ndef run_search():\n    x, y, value = search_algorithm()\n    return x, y, value\n\n\nif __name__ == \"__main__\":\n    x, y, value = run_search()\n    print(f\"Found minimum at ({x}, {y}) with value {value}\")\n\n```\nUnique approach: Modification: Change 1: Replace 27 lines with 36 lines, Excellent runs_successfully (1.000), Excellent value_score (1.000)\n\n### Inspiration 3 (Score: 1.4946, Type: High-Performer)\n```python\n# EVOLVE-BLOCK-START\n\"\"\"Function minimization example for OpenEvolve\"\"\"\nimport numpy as np\n\n\ndef search_algorithm(iterations=1000, bounds=(-5, 5)):\n    \"\"\"\n    A simple random search algorithm that often gets stuck in local minima.\n\n    Args:\n        iterations: Number of iterations to run\n        bounds: Bounds for the search space (min, max)\n\n    Returns:\n        Tuple of (best_x, best_y, best_value)\n    \"\"\"\n    # Initialize with a random point\n    best_x = np.random.uniform(bounds[0], bounds[1])\n    best_y = np.random.uniform(bounds[0], bounds[1])\n    best_value = evaluate_function(best_x, best_y)\n\n    # Parameters for the hybrid search strategy\n    initial_global_search_prob = 0.15  # Initial probability of performing a global random jump\n    adaptive_global_increase_factor = 0.0005 # Factor to increase global_search_prob when stuck\n    no_improvement_threshold = 50 # Number of iterations without improvement to trigger increase\n    \n    initial_local_step_factor = 0.8  # Initial relative range for local search (e.g., 0.8 * total_range)\n    final_local_step_factor = 0.005 # Final relative range for local search (e.g., 0.005 * total_range)\n    local_search_attempts = 3 # Number of local candidates to try per iteration\n    \n    search_range = bounds[1] - bounds[0] # Total range of the search space\n    global_search_prob = initial_global_search_prob\n    iterations_since_last_improvement = 0\n\n    for i in range(iterations):\n        # Adapt global search probability if stuck\n        if iterations_since_last_improvement >= no_improvement_threshold:\n            global_search_prob = min(0.5, global_search_prob + adaptive_global_increase_factor * iterations_since_last_improvement)\n            iterations_since_last_improvement = 0 # Reset counter\n\n        # Determine whether to perform a global jump or a local perturbation\n        if np.random.rand() < global_search_prob:\n            # Global random search: explore new, distant areas to escape local minima\n            x = np.random.uniform(bounds[0], bounds[1])\n            y = np.random.uniform(bounds[0], bounds[1])\n            iterations_since_last_improvement += 1 # Count global jumps as not an improvement in local sense\n        else:\n            # Local search: exploit promising regions around the current best point\n            # The step size for local search decreases linearly over iterations (annealing-like behavior)\n            t = i / iterations # Normalized iteration progress (0 to 1)\n            current_local_step_factor = initial_local_step_factor * (1 - t) + final_local_step_factor * t\n            local_range = search_range * current_local_step_factor\n            \n            best_local_x, best_local_y, best_local_value = best_x, best_y, best_value\n            \n            for _ in range(local_search_attempts):\n                # Generate a candidate point by perturbing the current best_x, best_y\n                x_candidate = np.random.uniform(best_x - local_range/2, best_x + local_range/2)\n                y_candidate = np.random.uniform(best_y - local_range/2, best_y + local_range/2)\n                \n                # Clip candidates to ensure they stay within the overall defined search bounds\n                x_candidate = np.clip(x_candidate, bounds[0], bounds[1])\n                y_candidate = np.clip(y_candidate, bounds[0], bounds[1])\n                \n                value_candidate = evaluate_function(x_candidate, y_candidate)\n\n                if value_candidate < best_local_value:\n                    best_local_value = value_candidate\n                    best_local_x, best_local_y = x_candidate, y_candidate\n            \n            x, y = best_local_x, best_local_y\n            value = best_local_value\n\n            # Update the best found solution if the current candidate is better\n            if value < best_value:\n                best_value = value\n                best_x, best_y = x, y\n                iterations_since_last_improvement = 0 # Reset counter on improvement\n            else:\n                iterations_since_last_improvement += 1\n\n    return best_x, best_y, best_value\n\n\n# EVOLVE-BLOCK-END\n\n\n# This part remains fixed (not evolved)\ndef evaluate_function(x, y):\n    \"\"\"The complex function we're trying to minimize\"\"\"\n    return np.sin(x) * np.cos(y) + np.sin(x * y) + (x**2 + y**2) / 20\n\n\ndef run_search():\n    x, y, value = search_algorithm()\n    return x, y, value\n\n\nif __name__ == \"__main__\":\n    x, y, value = run_search()\n    print(f\"Found minimum at ({x}, {y}) with value {value}\")\n\n```\nUnique approach: Modification: Change 1: Replace 36 lines with 61 lines, Excellent runs_successfully (1.000), Excellent value_score (1.000)\n\n# Current Program\n```python\n# EVOLVE-BLOCK-START\n\"\"\"Function minimization example for OpenEvolve\"\"\"\nimport numpy as np\n\n\ndef search_algorithm(iterations=1000, bounds=(-5, 5)):\n    \"\"\"\n    A simple random search algorithm that often gets stuck in local minima.\n\n    Args:\n        iterations: Number of iterations to run\n        bounds: Bounds for the search space (min, max)\n\n    Returns:\n        Tuple of (best_x, best_y, best_value)\n    \"\"\"\n    # Initialize with a random point\n    best_x = np.random.uniform(bounds[0], bounds[1])\n    best_y = np.random.uniform(bounds[0], bounds[1])\n    best_value = evaluate_function(best_x, best_y)\n\n    # Parameters for the hybrid search strategy\n    global_search_prob = 0.20  # Increased probability of performing a global random jump (exploration)\n    initial_local_step_factor = 0.9  # Increased initial relative range for local search to explore more broadly\n    final_local_step_factor = 0.005 # Final relative range for local search (e.g., 0.005 * total_range)\n    \n    search_range = bounds[1] - bounds[0] # Total range of the search space\n\n    for i in range(iterations):\n        # Determine whether to perform a global jump or a local perturbation\n        if np.random.rand() < global_search_prob:\n            # Global random search: explore new, distant areas to escape local minima\n            x = np.random.uniform(bounds[0], bounds[1])\n            y = np.random.uniform(bounds[0], bounds[1])\n        else:\n            # Local search: exploit promising regions around the current best point\n            # The step size for local search decreases linearly over iterations (annealing-like behavior)\n            t = i / iterations # Normalized iteration progress (0 to 1)\n            current_local_step_factor = initial_local_step_factor * (1 - t) + final_local_step_factor * t\n            local_range = search_range * current_local_step_factor\n            \n            # Generate a candidate point by perturbing the current best_x, best_y\n            x_candidate = np.random.uniform(best_x - local_range/2, best_x + local_range/2)\n            y_candidate = np.random.uniform(best_y - local_range/2, best_y + local_range/2)\n            \n            # Clip candidates to ensure they stay within the overall defined search bounds\n            x = np.clip(x_candidate, bounds[0], bounds[1])\n            y = np.clip(y_candidate, bounds[0], bounds[1])\n            \n        value = evaluate_function(x, y)\n\n        # Update the best found solution if the current candidate is better\n        if value < best_value:\n            best_value = value\n            best_x, best_y = x, y\n\n    return best_x, best_y, best_value\n\n\n# EVOLVE-BLOCK-END\n\n\n# This part remains fixed (not evolved)\ndef evaluate_function(x, y):\n    \"\"\"The complex function we're trying to minimize\"\"\"\n    return np.sin(x) * np.cos(y) + np.sin(x * y) + (x**2 + y**2) / 20\n\n\ndef run_search():\n    x, y, value = search_algorithm()\n    return x, y, value\n\n\nif __name__ == \"__main__\":\n    x, y, value = run_search()\n    print(f\"Found minimum at ({x}, {y}) with value {value}\")\n\n```\n\n# Task\nSuggest improvements to the program that will improve its FITNESS SCORE.\nThe system maintains diversity across these dimensions: complexity, diversity\nDifferent solutions with similar fitness but different features are valuable.\n\nYou MUST use the exact SEARCH/REPLACE diff format shown below to indicate changes:\n\n<<<<<<< SEARCH\n# Original code to find and replace (must match exactly)\n=======\n# New replacement code\n>>>>>>> REPLACE\n\nExample of valid diff format:\n<<<<<<< SEARCH\nfor i in range(m):\n    for j in range(p):\n        for k in range(n):\n            C[i, j] += A[i, k] * B[k, j]\n=======\n# Reorder loops for better memory access pattern\nfor i in range(m):\n    for k in range(n):\n        for j in range(p):\n            C[i, j] += A[i, k] * B[k, j]\n>>>>>>> REPLACE\n\nYou can suggest multiple changes. Each SEARCH section must exactly match code in the current program.\nBe thoughtful about your changes and explain your reasoning thoroughly.\n\nIMPORTANT: Do not rewrite the entire program - focus on targeted improvements.", "responses": ["The current program uses a hybrid approach with a fixed probability for global search and a linearly decaying step size for local search. While it performs reasonably well, there's room for improvement to better escape local minima and find the global optimum for the given complex function. The current fitness score of 1.3615 indicates there's still room for improvement.\n\nThe function `f(x, y) = sin(x) * cos(y) + sin(x*y) + (x^2 + y^2)/20` has a term `(x^2 + y^2)/20` which acts as a global attractor towards the origin (0,0). However, the trigonometric terms introduce many local minima. The current strategy might be too quickly converging to a local minimum without sufficient exploration.\n\nHere are a few suggestions to improve the `search_algorithm` function:\n\n1.  **Adaptive Global Search Probability:** Instead of a fixed `global_search_prob`, make it adaptive. If the algorithm hasn't found a better solution for a certain number of iterations, increase the probability of global search to try and escape a potential local minimum. This is inspired by Program D2, which uses an `adaptive_global_increase_factor` and `no_improvement_threshold`.\n\n2.  **More Sophisticated Local Search:** The current local search perturbs around the `best_x` and `best_y` with a uniform distribution. Introducing a Gaussian perturbation (as seen in \"Inspiration 1\") can sometimes lead to more focused exploration around promising points. However, the current uniform perturbation is also a valid strategy.\n\n3.  **Consider a Simulated Annealing-like approach for local step size:** While the current linear decay is good, a more aggressive initial decay or a different annealing schedule might be beneficial. However, the current linear decay is a solid baseline.\n\nLet's focus on implementing the adaptive global search probability first, as it directly addresses the issue of getting stuck in local minima.\n\n<<<<<<< SEARCH\n    # Parameters for the hybrid search strategy\n    global_search_prob = 0.20  # Increased probability of performing a global random jump (exploration)\n    initial_local_step_factor = 0.9  # Increased initial relative range for local search to explore more broadly\n    final_local_step_factor = 0.005 # Final relative range for local search (e.g., 0.005 * total_range)\n    \n    search_range = bounds[1] - bounds[0] # Total range of the search space\n\n    for i in range(iterations):\n        # Determine whether to perform a global jump or a local perturbation\n        if np.random.rand() < global_search_prob:\n            # Global random search: explore new, distant areas to escape local minima\n            x = np.random.uniform(bounds[0], bounds[1])\n            y = np.random.uniform(bounds[0], bounds[1])\n        else:\n            # Local search: exploit promising regions around the current best point\n            # The step size for local search decreases linearly over iterations (annealing-like behavior)\n            t = i / iterations # Normalized iteration progress (0 to 1)\n            current_local_step_factor = initial_local_step_factor * (1 - t) + final_local_step_factor * t\n            local_range = search_range * current_local_step_factor\n            \n            # Generate a candidate point by perturbing the current best_x, best_y\n            x_candidate = np.random.uniform(best_x - local_range/2, best_x + local_range/2)\n            y_candidate = np.random.uniform(best_y - local_range/2, best_y + local_range/2)\n            \n            # Clip candidates to ensure they stay within the overall defined search bounds\n            x = np.clip(x_candidate, bounds[0], bounds[1])\n            y = np.clip(y_candidate, bounds[0], bounds[1])\n            \n        value = evaluate_function(x, y)\n\n        # Update the best found solution if the current candidate is better\n        if value < best_value:\n            best_value = value\n            best_x, best_y = x, y\n\n    return best_x, best_y, best_value\n=======\n    # Parameters for the hybrid search strategy\n    initial_global_search_prob = 0.15  # Initial probability of performing a global random jump\n    adaptive_global_increase_factor = 0.0005 # Factor to increase global_search_prob when stuck\n    no_improvement_threshold = 50 # Number of iterations without improvement to trigger increase\n    \n    initial_local_step_factor = 0.8  # Initial relative range for local search (e.g., 0.8 * total_range)\n    final_local_step_factor = 0.005 # Final relative range for local search (e.g., 0.005 * total_range)\n    \n    search_range = bounds[1] - bounds[0] # Total range of the search space\n    global_search_prob = initial_global_search_prob\n    iterations_since_last_improvement = 0\n\n    for i in range(iterations):\n        # Adapt global search probability if stuck\n        if iterations_since_last_improvement >= no_improvement_threshold:\n            global_search_prob = min(0.5, global_search_prob + adaptive_global_increase_factor * iterations_since_last_improvement)\n            iterations_since_last_improvement = 0 # Reset counter\n\n        # Determine whether to perform a global jump or a local perturbation\n        if np.random.rand() < global_search_prob:\n            # Global random search: explore new, distant areas to escape local minima\n            x = np.random.uniform(bounds[0], bounds[1])\n            y = np.random.uniform(bounds[0], bounds[1])\n            iterations_since_last_improvement += 1 # Count global jumps as not an improvement in local sense\n        else:\n            # Local search: exploit promising regions around the current best point\n            # The step size for local search decreases linearly over iterations (annealing-like behavior)\n            t = i / iterations # Normalized iteration progress (0 to 1)\n            current_local_step_factor = initial_local_step_factor * (1 - t) + final_local_step_factor * t\n            local_range = search_range * current_local_step_factor\n            \n            # Generate a candidate point by perturbing the current best_x, best_y\n            # Using uniform distribution for perturbations\n            x_candidate = np.random.uniform(best_x - local_range/2, best_x + local_range/2)\n            y_candidate = np.random.uniform(best_y - local_range/2, best_y + local_range/2)\n            \n            # Clip candidates to ensure they stay within the overall defined search bounds\n            x = np.clip(x_candidate, bounds[0], bounds[1])\n            y = np.clip(y_candidate, bounds[0], bounds[1])\n            \n        value = evaluate_function(x, y)\n\n        # Update the best found solution if the current candidate is better\n        if value < best_value:\n            best_value = value\n            best_x, best_y = x, y\n            iterations_since_last_improvement = 0 # Reset counter on improvement\n        else:\n            iterations_since_last_improvement += 1\n\n    return best_x, best_y, best_value\n>>>>>>> REPLACE\n\n**Reasoning for the changes:**\n\n1.  **Introduction of Adaptive Global Search:**\n    *   **`initial_global_search_prob = 0.15`**: Set an initial probability for global exploration. This is a starting point and can be tuned.\n    *   **`adaptive_global_increase_factor = 0.0005`**: This factor determines how much the `global_search_prob` increases when the algorithm is stuck. A small value ensures gradual adaptation.\n    *   **`no_improvement_threshold = 50`**: This defines how many iterations must pass without finding a better solution before the global search probability is increased. This prevents premature increases.\n    *   **`iterations_since_last_improvement`**: A counter to track iterations without improvement.\n    *   **Adaptive Logic (`if iterations_since_last_improvement >= no_improvement_threshold:`):** This block dynamically adjusts `global_search_prob`. When stuck, it increases `global_search_prob` (capped at 0.5 to prevent it from becoming too dominant) and resets the counter.\n    *   **Global Jumps Count as Non-Improvement (`iterations_since_last_improvement += 1` in global search):** This is crucial. A global jump is a form of exploration, not necessarily exploitation of the current local optimum. Therefore, it should contribute to the \"stuck\" counter if it doesn't immediately yield a better result than the *current best* found solution.\n    *   **Resetting Counter on Improvement (`iterations_since_last_improvement = 0`):** When a new best solution is found, the counter is reset, indicating progress.\n\n2.  **Tuning of Local Search Parameters:**\n    *   **`initial_local_step_factor = 0.8`**: Slightly reduced from 0.9 to allow for a bit more initial exploration but still emphasizing local refinement. The exact values can be further tuned.\n    *   **Local Search Perturbation:** The current uniform perturbation is kept for simplicity and because it has shown decent performance. The \"Inspiration 1\" program uses normal distribution, which is also a good candidate for future exploration if this change doesn't sufficiently improve fitness.\n\nThis revised `search_algorithm` is more robust to local minima. By adaptively increasing the global search probability when progress stalls, it's more likely to \"jump out\" of suboptimal regions and explore new areas of the search space, increasing the chances of finding the global minimum."]}}, "artifacts_json": "{\"stage1_result\": \"Found solution at x=-1.6962, y=0.6583 with value=-1.5179\", \"distance_to_global\": \"0.0212\", \"solution_quality\": \"Distance < 0.5: Very close\", \"convergence_info\": \"Converged in 10 trials with 10 successes\", \"best_position\": \"Final position: x=-1.7088, y=0.6836\", \"average_distance_to_global\": \"0.0200\", \"search_efficiency\": \"Success rate: 100.00%\"}", "artifact_dir": null}