{"id": "71262b6d-0270-49b5-9f50-1009ff27da44", "code": "# EVOLVE-BLOCK-START\n\"\"\"Function minimization example for OpenEvolve\"\"\"\nimport numpy as np\n\n\ndef search_algorithm(iterations=1000, bounds=(-5, 5)):\n    \"\"\"\n    A simple random search algorithm that often gets stuck in local minima.\n\n    Args:\n        iterations: Number of iterations to run\n        bounds: Bounds for the search space (min, max)\n\n    Returns:\n        Tuple of (best_x, best_y, best_value)\n    \"\"\"\n    # Initialize with a random point\n    best_x = np.random.uniform(bounds[0], bounds[1])\n    best_y = np.random.uniform(bounds[0], bounds[1])\n    best_value = evaluate_function(best_x, best_y)\n\n    search_range = bounds[1] - bounds[0]\n    \n    # Adaptive parameters for exploration-exploitation balance\n    # Local search radius starts as a fraction of the total search range and shrinks over time.\n    initial_local_radius_factor = 0.1  # Max local search radius is 10% of total search_range\n    min_local_radius = 1e-6          # Ensure radius never becomes zero\n    \n    # Global jump probability decreases over iterations, starting higher for exploration.\n    # It transitions from a higher value (e.g., 0.6) to a lower value (e.g., 0.1).\n    global_jump_start_prob = 0.6\n    global_jump_end_prob = 0.1\n\n    for i in range(iterations):\n        # Calculate current local radius: shrinks linearly from initial_local_radius_factor to near zero.\n        t = i / iterations # Normalized iteration progress (0 to 1)\n        current_local_radius = search_range * initial_local_radius_factor * (1 - t)\n        current_local_radius = max(current_local_radius, min_local_radius)\n        \n        # Calculate current global jump probability: decays linearly from start to end.\n        current_global_jump_prob = global_jump_start_prob * (1 - t) + global_jump_end_prob * t\n\n        if np.random.rand() < current_global_jump_prob:\n            # Global exploration: Sample a completely new random point.\n            x = np.random.uniform(bounds[0], bounds[1])\n            y = np.random.uniform(bounds[0], bounds[1])\n        else:\n            # Local exploitation: Perturb around the current best solution.\n            # The perturbation range is determined by current_local_radius.\n            x_candidate = best_x + np.random.uniform(-current_local_radius, current_local_radius)\n            y_candidate = best_y + np.random.uniform(-current_local_radius, current_local_radius)\n            \n            # Ensure candidate points stay within the defined bounds.\n            x = np.clip(x_candidate, bounds[0], bounds[1])\n            y = np.clip(y_candidate, bounds[0], bounds[1])\n\n        value = evaluate_function(x, y)\n\n        # Update the best found solution if the current candidate is better.\n        if value < best_value:\n            best_value = value\n            best_x, best_y = x, y\n            no_improvement_count = 0  # Reset stagnation counter on improvement\n        else:\n            no_improvement_count += 1\n\n        # If the search has stagnated for too long, restart from a new random point.\n        # This helps to escape deep local minima.\n        if no_improvement_count >= stagnation_threshold:\n            print(f\"Restarting search at iteration {i} due to stagnation.\")\n            # Re-initialize with a new random point\n            best_x = np.random.uniform(bounds[0], bounds[1])\n            best_y = np.random.uniform(bounds[0], bounds[1])\n            best_value = evaluate_function(best_x, best_y)\n            no_improvement_count = 0  # Reset counter after restart\n\n    return best_x, best_y, best_value\n=======\n        if value < best_value:\n            best_value = value\n            best_x, best_y = x, y\n            no_improvement_count = 0  # Reset stagnation counter on improvement\n        else:\n            no_improvement_count += 1\n\n        # If the search has stagnated for too long, restart from a new random point.\n        # This helps to escape deep local minima.\n        if no_improvement_count >= stagnation_threshold:\n            print(f\"Restarting search at iteration {i} due to stagnation.\")\n            # Re-initialize with a new random point\n            best_x = np.random.uniform(bounds[0], bounds[1])\n            best_y = np.random.uniform(bounds[0], bounds[1])\n            best_value = evaluate_function(best_x, best_y)\n            no_improvement_count = 0  # Reset counter after restart\n\n    return best_x, best_y, best_value\n\n    return best_x, best_y, best_value\n\n\n# EVOLVE-BLOCK-END\n\n\n# This part remains fixed (not evolved)\ndef evaluate_function(x, y):\n    \"\"\"The complex function we're trying to minimize\"\"\"\n    return np.sin(x) * np.cos(y) + np.sin(x * y) + (x**2 + y**2) / 20\n\n\ndef run_search():\n    x, y, value = search_algorithm()\n    return x, y, value\n\n\nif __name__ == \"__main__\":\n    x, y, value = run_search()\n    print(f\"Found minimum at ({x}, {y}) with value {value}\")\n", "language": "python", "parent_id": "65b35af4-3879-452b-b257-f53c6a5bc4ac", "generation": 2, "timestamp": 1759267907.4601703, "iteration_found": 14, "metrics": {"runs_successfully": 0.0, "combined_score": 0.0, "error": "invalid syntax (tmp93o1od15.py, line 78)"}, "complexity": 0.0, "diversity": 0.0, "metadata": {"changes": "Change 1: Replace 25 lines with 41 lines\nChange 2: Replace 3 lines with 37 lines", "parent_metrics": {"runs_successfully": 1.0, "value_score": 0.9987619820203683, "distance_score": 0.9715952068463369, "combined_score": 1.4862893295961277, "reliability_score": 1.0}, "island": 0}, "prompts": {"diff_user": {"system": "You are an expert programmer specializing in optimization algorithms. Your task is to improve a function minimization algorithm to find the global minimum of a complex function with many local minima. The function is f(x, y) = sin(x) * cos(y) + sin(x*y) + (x^2 + y^2)/20. Focus on improving the search_algorithm function to reliably find the global minimum, escaping local minima that might trap simple algorithms.", "user": "# Current Program Information\n- Fitness: 1.4863\n- Feature coordinates: No feature coordinates\n- Focus areas: - Fitness declined: 1.4937 \u00e2\u2020\u2019 1.4863. Consider revising recent changes.\n- Consider simplifying - code length exceeds 500 characters\n\n## Last Execution Output\n\n### stage1_result\n```\nFound solution at x=-1.7080, y=0.6829 with value=-1.5186\n```\n\n### distance_to_global\n```\n0.0063\n```\n\n### solution_quality\n```\nDistance < 0.5: Very close\n```\n\n### convergence_info\n```\nConverged in 10 trials with 10 successes\n```\n\n### best_position\n```\nFinal position: x=-1.7328, y=0.6704\n```\n\n### average_distance_to_global\n```\n0.0292\n```\n\n### search_efficiency\n```\nSuccess rate: 100.00%\n```\n\n# Program Evolution History\n## Previous Attempts\n\n### Attempt 3\n- Changes: Change 1: Replace 16 lines with 41 lines\n- Metrics: runs_successfully: 1.0000, value_score: 0.9995, distance_score: 0.9868, combined_score: 1.4937, reliability_score: 1.0000\n- Outcome: Mixed results\n\n### Attempt 2\n- Changes: Change 1: Replace 9 lines with 22 lines\n- Metrics: runs_successfully: 1.0000, value_score: 0.9996, distance_score: 0.9896, combined_score: 1.4950, reliability_score: 1.0000\n- Outcome: Mixed results\n\n### Attempt 1\n- Changes: Change 1: Replace 10 lines with 4 lines\nChange 2: Replace 16 lines with 37 lines\n- Metrics: runs_successfully: 1.0000, value_score: 0.9997, distance_score: 0.9980, combined_score: 1.4989, reliability_score: 1.0000\n- Outcome: Mixed results\n\n## Top Performing Programs\n\n### Program 1 (Score: 1.4989)\n```python\n# EVOLVE-BLOCK-START\n\"\"\"Function minimization example for OpenEvolve\"\"\"\nimport numpy as np\n\n\ndef search_algorithm(iterations=1000, bounds=(-5, 5)):\n    \"\"\"\n    Hybrid search combining global random exploration with local exploitation,\n    adapting search radius and global jump probability over iterations to escape local minima.\n    \"\"\"\n    # Initialize with a random point\n    best_x = np.random.uniform(bounds[0], bounds[1])\n    best_y = np.random.uniform(bounds[0], bounds[1])\n    best_value = evaluate_function(best_x, best_y)\n\n    search_range = bounds[1] - bounds[0]\n    \n    for i in range(iterations):\n        # Local search parameters: radius shrinks over iterations\n        local_radius_factor = 0.1 # Max local search radius is 10% of total search_range\n        min_local_radius = 1e-6 # Ensure radius never becomes zero\n        current_local_radius = search_range * local_radius_factor * (1 - i / iterations)\n        current_local_radius = max(current_local_radius, min_local_radius)\n        \n        # Global jump probability: decreases from 60% to 10% over iterations\n        global_jump_prob = 0.5 * (1 - i / iterations) + 0.1 \n\n        if np.random.rand() < global_jump_prob:\n            # Global random search (exploration)\n            x = np.random.uniform(bounds[0], bounds[1])\n            y = np.random.uniform(bounds[0], bounds[1])\n        else:\n            # Local perturbation around current best (exploitation)\n            x = best_x + np.random.uniform(-current_local_radius, current_local_radius)\n            y = best_y + np.random.uniform(-current_local_radius, current_local_radius)\n            \n            # Ensure points stay within bounds\n            x = np.clip(x, bounds[0], bounds[1])\n            y = np.clip(y, bounds[0], bounds[1])\n\n        value = evaluate_function(x, y)\n\n        if value < best_value:\n            best_value = value\n            best_x, best_y = x, y\n\n    return best_x, best_y, best_value\n\n\n# EVOLVE-BLOCK-END\n\n\n# This part remains fixed (not evolved)\ndef evaluate_function(x, y):\n    \"\"\"The complex function we're trying to minimize\"\"\"\n    return np.sin(x) * np.cos(y) + np.sin(x * y) + (x**2 + y**2) / 20\n\n\ndef run_search():\n    x, y, value = search_algorithm()\n    return x, y, value\n\n\nif __name__ == \"__main__\":\n    x, y, value = run_search()\n    print(f\"Found minimum at ({x}, {y}) with value {value}\")\n\n```\nKey features: Performs well on runs_successfully (1.0000), Performs well on value_score (0.9997), Performs well on distance_score (0.9980), Performs well on combined_score (1.4989), Performs well on reliability_score (1.0000)\n\n### Program 2 (Score: 1.4950)\n```python\n# EVOLVE-BLOCK-START\n\"\"\"Function minimization example for OpenEvolve\"\"\"\nimport numpy as np\n\n\ndef search_algorithm(iterations=1000, bounds=(-5, 5)):\n    \"\"\"\n    A simple random search algorithm that often gets stuck in local minima.\n\n    Args:\n        iterations: Number of iterations to run\n        bounds: Bounds for the search space (min, max)\n\n    Returns:\n        Tuple of (best_x, best_y, best_value)\n    \"\"\"\n    # Initialize with a random point\n    best_x = np.random.uniform(bounds[0], bounds[1])\n    best_y = np.random.uniform(bounds[0], bounds[1])\n    best_value = evaluate_function(best_x, best_y)\n\n    for i in range(iterations):\n        # Adaptive search: blend global exploration with local exploitation\n        # alpha starts at 1.0 (pure global) and goes to 0.0 (pure local around best_x, best_y)\n        alpha = (1.0 - i / iterations)\n\n        # Global random component\n        global_coords = np.random.uniform(bounds[0], bounds[1], 2)\n        \n        # Current best coordinates\n        best_coords = np.array([best_x, best_y])\n\n        # Blend global and local search components\n        candidate_coords = alpha * global_coords + (1 - alpha) * best_coords\n        \n        # Ensure candidate coordinates stay within bounds\n        x, y = np.clip(candidate_coords, bounds[0], bounds[1])\n\n        value = evaluate_function(x, y)\n\n        if value < best_value:\n            best_value = value\n            best_x, best_y = x, y\n\n    return best_x, best_y, best_value\n\n\n# EVOLVE-BLOCK-END\n\n\n# This part remains fixed (not evolved)\ndef evaluate_function(x, y):\n    \"\"\"The complex function we're trying to minimize\"\"\"\n    return np.sin(x) * np.cos(y) + np.sin(x * y) + (x**2 + y**2) / 20\n\n\ndef run_search():\n    x, y, value = search_algorithm()\n    return x, y, value\n\n\nif __name__ == \"__main__\":\n    x, y, value = run_search()\n    print(f\"Found minimum at ({x}, {y}) with value {value}\")\n\n```\nKey features: Performs well on runs_successfully (1.0000), Performs well on value_score (0.9996), Performs well on distance_score (0.9896), Performs well on combined_score (1.4950), Performs well on reliability_score (1.0000)\n\n### Program 3 (Score: 1.4937)\n```python\n# EVOLVE-BLOCK-START\n\"\"\"Function minimization example for OpenEvolve\"\"\"\nimport numpy as np\n\n\ndef search_algorithm(iterations=1000, bounds=(-5, 5)):\n    \"\"\"\n    A simple random search algorithm that often gets stuck in local minima.\n\n    Args:\n        iterations: Number of iterations to run\n        bounds: Bounds for the search space (min, max)\n\n    Returns:\n        Tuple of (best_x, best_y, best_value)\n    \"\"\"\n    # Initialize with a random point\n    best_x = np.random.uniform(bounds[0], bounds[1])\n    best_y = np.random.uniform(bounds[0], bounds[1])\n    best_value = evaluate_function(best_x, best_y)\n\n    # Parameters for the hybrid search strategy\n    global_search_prob = 0.15  # Probability of performing a global random jump (exploration)\n    initial_local_step_factor = 0.8  # Initial relative range for local search (e.g., 0.8 * total_range)\n    final_local_step_factor = 0.005 # Final relative range for local search (e.g., 0.005 * total_range)\n    \n    search_range = bounds[1] - bounds[0] # Total range of the search space\n\n    for i in range(iterations):\n        # Determine whether to perform a global jump or a local perturbation\n        if np.random.rand() < global_search_prob:\n            # Global random search: explore new, distant areas to escape local minima\n            x = np.random.uniform(bounds[0], bounds[1])\n            y = np.random.uniform(bounds[0], bounds[1])\n        else:\n            # Local search: exploit promising regions around the current best point\n            # The step size for local search decreases linearly over iterations (annealing-like behavior)\n            t = i / iterations # Normalized iteration progress (0 to 1)\n            current_local_step_factor = initial_local_step_factor * (1 - t) + final_local_step_factor * t\n            local_range = search_range * current_local_step_factor\n            \n            # Generate a candidate point by perturbing the current best_x, best_y\n            x_candidate = np.random.uniform(best_x - local_range/2, best_x + local_range/2)\n            y_candidate = np.random.uniform(best_y - local_range/2, best_y + local_range/2)\n            \n            # Clip candidates to ensure they stay within the overall defined search bounds\n            x = np.clip(x_candidate, bounds[0], bounds[1])\n            y = np.clip(y_candidate, bounds[0], bounds[1])\n            \n        value = evaluate_function(x, y)\n\n        # Update the best found solution if the current candidate is better\n        if value < best_value:\n            best_value = value\n            best_x, best_y = x, y\n\n    return best_x, best_y, best_value\n\n\n# EVOLVE-BLOCK-END\n\n\n# This part remains fixed (not evolved)\ndef evaluate_function(x, y):\n    \"\"\"The complex function we're trying to minimize\"\"\"\n    return np.sin(x) * np.cos(y) + np.sin(x * y) + (x**2 + y**2) / 20\n\n\ndef run_search():\n    x, y, value = search_algorithm()\n    return x, y, value\n\n\nif __name__ == \"__main__\":\n    x, y, value = run_search()\n    print(f\"Found minimum at ({x}, {y}) with value {value}\")\n\n```\nKey features: Performs well on runs_successfully (1.0000), Performs well on value_score (0.9995), Performs well on distance_score (0.9868), Performs well on combined_score (1.4937), Performs well on reliability_score (1.0000)\n\n\n\n## Diverse Programs\n\n### Program D1 (Score: 1.4863)\n```python\n# EVOLVE-BLOCK-START\n\"\"\"Function minimization example for OpenEvolve\"\"\"\nimport numpy as np\n\n\ndef search_algorithm(iterations=1000, bounds=(-5, 5)):\n    \"\"\"\n    A simple random search algorithm that often gets stuck in local minima.\n\n    Args:\n        iterations: Number of iterations to run\n        bounds: Bounds for the search space (min, max)\n\n    Returns:\n        Tuple of (best_x, best_y, best_value)\n    \"\"\"\n    # Initialize with a random point\n    best_x = np.random.uniform(bounds[0], bounds[1])\n    best_y = np.random.uniform(bounds[0], bounds[1])\n    best_value = evaluate_function(best_x, best_y)\n\n    # Define a fixed step size for local perturbations\n    # This enables local exploitation around the current best solution.\n    local_search_step = (bounds[1] - bounds[0]) / 20.0 \n\n    for _ in range(iterations):\n        x, y = best_x, best_y # Start candidate from current best for potential local search\n\n        # With a certain probability (e.g., 70%), perform a global random search for exploration.\n        # Otherwise (30%), perform a local search around the current best for exploitation.\n        if np.random.rand() < 0.7: \n            x = np.random.uniform(bounds[0], bounds[1])\n            y = np.random.uniform(bounds[0], bounds[1])\n        else: \n            # Perturb the current best solution\n            x_candidate = best_x + np.random.uniform(-local_search_step, local_search_step)\n            y_candidate = best_y + np.random.uniform(-local_search_step, local_search_step)\n            # Clip candidates to stay within the defined bounds\n            x = np.clip(x_candidate, bounds[0], bounds[1])\n            y = np.clip(y_candidate, bounds[0], bounds[1])\n        \n        value = evaluate_function(x, y)\n\n        if value < best_value:\n            best_value = value\n            best_x, best_y = x, y\n\n    return best_x, best_y, best_value\n\n\n# EVOLVE-BLOCK-END\n\n\n# This part remains fixed (not evolved)\ndef evaluate_function(x, y):\n    \"\"\"The complex function we're trying to minimize\"\"\"\n    return np.sin(x) * np.cos(y) + np.sin(x * y) + (x**2 + y**2) / 20\n\n\ndef run_search():\n    x, y, value = search_algorithm()\n    return x, y, value\n\n\nif __name__ == \"__main__\":\n    x, y, value = run_search()\n    print(f\"Found minimum at ({x}, {y}) with value {value}\")\n\n```\nKey features: Alternative approach to runs_successfully, Alternative approach to value_score\n\n### Program D2 (Score: 1.3627)\n```python\n# EVOLVE-BLOCK-START\n\"\"\"Function minimization example for OpenEvolve\"\"\"\nimport numpy as np\n\n\ndef search_algorithm(iterations=1000, bounds=(-5, 5)):\n    \"\"\"\n    A simple random search algorithm that often gets stuck in local minima.\n\n    Args:\n        iterations: Number of iterations to run\n        bounds: Bounds for the search space (min, max)\n\n    Returns:\n        Tuple of (best_x, best_y, best_value)\n    \"\"\"\n    # Initialize with a random point\n    best_x = np.random.uniform(bounds[0], bounds[1])\n    best_y = np.random.uniform(bounds[0], bounds[1])\n    best_value = evaluate_function(best_x, best_y)\n\n    # Parameters for the hybrid search strategy\n    global_search_prob = 0.20  # Slightly increased probability for global exploration\n    initial_local_step_factor = 0.7  # Slightly reduced initial step for more focused local search\n    final_local_step_factor = 0.002 # Further reduced final step for finer tuning\n    \n    search_range = bounds[1] - bounds[0] # Total range of the search space\n\n    # Parameters for detecting stagnation and triggering restarts\n    stagnation_threshold = 50  # Number of iterations without improvement to trigger a restart\n    no_improvement_count = 0\n\n    for i in range(iterations):\n        # Determine whether to perform a global jump or a local perturbation\n        if np.random.rand() < global_search_prob:\n            # Global random search: explore new, distant areas to escape local minima\n            x = np.random.uniform(bounds[0], bounds[1])\n            y = np.random.uniform(bounds[0], bounds[1])\n            # Reset stagnation counter when a global jump is made\n            no_improvement_count = 0 \n        else:\n            # Local search: exploit promising regions around the current best point\n            # The step size for local search decreases linearly over iterations (annealing-like behavior)\n            t = i / iterations # Normalized iteration progress (0 to 1)\n            current_local_step_factor = initial_local_step_factor * (1 - t) + final_local_step_factor * t\n            local_range = search_range * current_local_step_factor\n            \n            # Generate a candidate point by perturbing the current best_x, best_y\n            x_candidate = np.random.uniform(best_x - local_range/2, best_x + local_range/2)\n            y_candidate = np.random.uniform(best_y - local_range/2, best_y + local_range/2)\n            \n            # Clip candidates to ensure they stay within the overall defined search bounds\n            x = np.clip(x_candidate, bounds[0], bounds[1])\n            y = np.clip(y_candidate, bounds[0], bounds[1])\n            \n        value = evaluate_function(x, y)\n\n        # Update the best found solution if the current candidate is better\n        if value < best_value:\n            best_value = value\n            best_x, best_y = x, y\n            no_improvement_count = 0  # Reset counter because we found a better solution\n        else:\n            no_improvement_count += 1\n\n        # If stuck in a local minimum, perform a restart\n        if no_improvement_count >= stagnation_threshold:\n            print(f\"Restarting search at iteration {i} due to stagnation.\")\n            # Re-initialize with a new random point\n            best_x = np.random.uniform(bounds[0], bounds[1])\n            best_y = np.random.uniform(bounds[0], bounds[1])\n            best_value = evaluate_function(best_x, best_y)\n            no_improvement_count = 0 # Reset counter after restart\n\n    return best_x, best_y, best_value\n\n\n# EVOLVE-BLOCK-END\n\n\n# This part remains fixed (not evolved)\ndef evaluate_function(x, y):\n    \"\"\"The complex function we're trying to minimize\"\"\"\n    return np.sin(x) * np.cos(y) + np.sin(x * y) + (x**2 + y**2) / 20\n\n\ndef run_search():\n    x, y, value = search_algorithm()\n    return x, y, value\n\n\nif __name__ == \"__main__\":\n    x, y, value = run_search()\n    print(f\"Found minimum at ({x}, {y}) with value {value}\")\n\n```\nKey features: Alternative approach to runs_successfully, Alternative approach to value_score\n\n## Inspiration Programs\n\nThese programs represent diverse approaches and creative solutions that may inspire new ideas:\n\n### Inspiration 1 (Score: 1.4937, Type: High-Performer)\n```python\n# EVOLVE-BLOCK-START\n\"\"\"Function minimization example for OpenEvolve\"\"\"\nimport numpy as np\n\n\ndef search_algorithm(iterations=1000, bounds=(-5, 5)):\n    \"\"\"\n    A simple random search algorithm that often gets stuck in local minima.\n\n    Args:\n        iterations: Number of iterations to run\n        bounds: Bounds for the search space (min, max)\n\n    Returns:\n        Tuple of (best_x, best_y, best_value)\n    \"\"\"\n    # Initialize with a random point\n    best_x = np.random.uniform(bounds[0], bounds[1])\n    best_y = np.random.uniform(bounds[0], bounds[1])\n    best_value = evaluate_function(best_x, best_y)\n\n    # Parameters for the hybrid search strategy\n    global_search_prob = 0.15  # Probability of performing a global random jump (exploration)\n    initial_local_step_factor = 0.8  # Initial relative range for local search (e.g., 0.8 * total_range)\n    final_local_step_factor = 0.005 # Final relative range for local search (e.g., 0.005 * total_range)\n    \n    search_range = bounds[1] - bounds[0] # Total range of the search space\n\n    for i in range(iterations):\n        # Determine whether to perform a global jump or a local perturbation\n        if np.random.rand() < global_search_prob:\n            # Global random search: explore new, distant areas to escape local minima\n            x = np.random.uniform(bounds[0], bounds[1])\n            y = np.random.uniform(bounds[0], bounds[1])\n        else:\n            # Local search: exploit promising regions around the current best point\n            # The step size for local search decreases linearly over iterations (annealing-like behavior)\n            t = i / iterations # Normalized iteration progress (0 to 1)\n            current_local_step_factor = initial_local_step_factor * (1 - t) + final_local_step_factor * t\n            local_range = search_range * current_local_step_factor\n            \n            # Generate a candidate point by perturbing the current best_x, best_y\n            x_candidate = np.random.uniform(best_x - local_range/2, best_x + local_range/2)\n            y_candidate = np.random.uniform(best_y - local_range/2, best_y + local_range/2)\n            \n            # Clip candidates to ensure they stay within the overall defined search bounds\n            x = np.clip(x_candidate, bounds[0], bounds[1])\n            y = np.clip(y_candidate, bounds[0], bounds[1])\n            \n        value = evaluate_function(x, y)\n\n        # Update the best found solution if the current candidate is better\n        if value < best_value:\n            best_value = value\n            best_x, best_y = x, y\n\n    return best_x, best_y, best_value\n\n\n# EVOLVE-BLOCK-END\n\n\n# This part remains fixed (not evolved)\ndef evaluate_function(x, y):\n    \"\"\"The complex function we're trying to minimize\"\"\"\n    return np.sin(x) * np.cos(y) + np.sin(x * y) + (x**2 + y**2) / 20\n\n\ndef run_search():\n    x, y, value = search_algorithm()\n    return x, y, value\n\n\nif __name__ == \"__main__\":\n    x, y, value = run_search()\n    print(f\"Found minimum at ({x}, {y}) with value {value}\")\n\n```\nUnique approach: Modification: Change 1: Replace 16 lines with 41 lines, Excellent runs_successfully (1.000), Excellent value_score (1.000)\n\n### Inspiration 2 (Score: 1.4989, Type: High-Performer)\n```python\n# EVOLVE-BLOCK-START\n\"\"\"Function minimization example for OpenEvolve\"\"\"\nimport numpy as np\n\n\ndef search_algorithm(iterations=1000, bounds=(-5, 5)):\n    \"\"\"\n    Hybrid search combining global random exploration with local exploitation,\n    adapting search radius and global jump probability over iterations to escape local minima.\n    \"\"\"\n    # Initialize with a random point\n    best_x = np.random.uniform(bounds[0], bounds[1])\n    best_y = np.random.uniform(bounds[0], bounds[1])\n    best_value = evaluate_function(best_x, best_y)\n\n    search_range = bounds[1] - bounds[0]\n    \n    for i in range(iterations):\n        # Local search parameters: radius shrinks over iterations\n        local_radius_factor = 0.1 # Max local search radius is 10% of total search_range\n        min_local_radius = 1e-6 # Ensure radius never becomes zero\n        current_local_radius = search_range * local_radius_factor * (1 - i / iterations)\n        current_local_radius = max(current_local_radius, min_local_radius)\n        \n        # Global jump probability: decreases from 60% to 10% over iterations\n        global_jump_prob = 0.5 * (1 - i / iterations) + 0.1 \n\n        if np.random.rand() < global_jump_prob:\n            # Global random search (exploration)\n            x = np.random.uniform(bounds[0], bounds[1])\n            y = np.random.uniform(bounds[0], bounds[1])\n        else:\n            # Local perturbation around current best (exploitation)\n            x = best_x + np.random.uniform(-current_local_radius, current_local_radius)\n            y = best_y + np.random.uniform(-current_local_radius, current_local_radius)\n            \n            # Ensure points stay within bounds\n            x = np.clip(x, bounds[0], bounds[1])\n            y = np.clip(y, bounds[0], bounds[1])\n\n        value = evaluate_function(x, y)\n\n        if value < best_value:\n            best_value = value\n            best_x, best_y = x, y\n\n    return best_x, best_y, best_value\n\n\n# EVOLVE-BLOCK-END\n\n\n# This part remains fixed (not evolved)\ndef evaluate_function(x, y):\n    \"\"\"The complex function we're trying to minimize\"\"\"\n    return np.sin(x) * np.cos(y) + np.sin(x * y) + (x**2 + y**2) / 20\n\n\ndef run_search():\n    x, y, value = search_algorithm()\n    return x, y, value\n\n\nif __name__ == \"__main__\":\n    x, y, value = run_search()\n    print(f\"Found minimum at ({x}, {y}) with value {value}\")\n\n```\nUnique approach: Modification: Change 1: Replace 10 lines with 4 lines\nChange 2: Replace 16 lines with 37 lines, Excellent runs_successfully (1.000), Excellent value_score (1.000)\n\n### Inspiration 3 (Score: 0.9823, Type: High-Performer)\n```python\n# EVOLVE-BLOCK-START\n\"\"\"Function minimization example for OpenEvolve\"\"\"\nimport numpy as np\n\n\ndef search_algorithm(iterations=1000, bounds=(-5, 5)):\n    \"\"\"\n    Hybrid optimization combining global random search with local exploitation.\n    Designed to escape local minima by balancing exploration and exploitation.\n    \"\"\"\n    best_x = np.random.uniform(bounds[0], bounds[1])\n    best_y = np.random.uniform(bounds[0], bounds[1])\n    best_value = evaluate_function(best_x, best_y)\n\n    # Current point for local exploration, can temporarily be in a local minimum\n    current_x, current_y, current_value = best_x, best_y, best_value\n\n    global_jump_prob = 0.15 # Probability of taking a global random jump\n    search_range = bounds[1] - bounds[0]\n\n    for i in range(iterations):\n        if np.random.rand() < global_jump_prob:\n            # Global exploration: completely random jump\n            x_candidate = np.random.uniform(bounds[0], bounds[1])\n            y_candidate = np.random.uniform(bounds[0], bounds[1])\n        else:\n            # Local exploitation: perturb around current point with decaying step size\n            # Step size decays linearly from a fraction of search_range to a minimum\n            step_size = search_range * (1.0 - i / iterations) * 0.1 + 0.01\n            \n            x_candidate = current_x + np.random.uniform(-step_size, step_size)\n            y_candidate = current_y + np.random.uniform(-step_size, step_size)\n\n            # Ensure candidate point stays within bounds\n            x_candidate = np.clip(x_candidate, bounds[0], bounds[1])\n            y_candidate = np.clip(y_candidate, bounds[0], bounds[1])\n        \n        value_candidate = evaluate_function(x_candidate, y_candidate)\n\n        if value_candidate < current_value:\n            # If candidate is better than current, move current to candidate\n            current_x, current_y, current_value = x_candidate, y_candidate, value_candidate\n            # If current point improved, check if it's the new global best\n            if current_value < best_value:\n                best_value = current_value\n                best_x, best_y = current_x, current_y\n        elif value_candidate < best_value:\n            # If candidate is not better than current_value (e.g., current is stuck in a local minimum),\n            # but is better than the global best found so far, update global best and reset current\n            # to this new best to exploit this promising region.\n            best_value = value_candidate\n            best_x, best_y = x_candidate, y_candidate\n            current_x, current_y, current_value = x_candidate, y_candidate, value_candidate\n\n    return best_x, best_y, best_value\n\n\n# EVOLVE-BLOCK-END\n\n\n# This part remains fixed (not evolved)\ndef evaluate_function(x, y):\n    \"\"\"The complex function we're trying to minimize\"\"\"\n    return np.sin(x) * np.cos(y) + np.sin(x * y) + (x**2 + y**2) / 20\n\n\ndef run_search():\n    x, y, value = search_algorithm()\n    return x, y, value\n\n\nif __name__ == \"__main__\":\n    x, y, value = run_search()\n    print(f\"Found minimum at ({x}, {y}) with value {value}\")\n\n```\nUnique approach: Modification: Change 1: Replace 26 lines with 49 lines, Excellent runs_successfully (1.000), Excellent value_score (0.967)\n\n# Current Program\n```python\n# EVOLVE-BLOCK-START\n\"\"\"Function minimization example for OpenEvolve\"\"\"\nimport numpy as np\n\n\ndef search_algorithm(iterations=1000, bounds=(-5, 5)):\n    \"\"\"\n    A simple random search algorithm that often gets stuck in local minima.\n\n    Args:\n        iterations: Number of iterations to run\n        bounds: Bounds for the search space (min, max)\n\n    Returns:\n        Tuple of (best_x, best_y, best_value)\n    \"\"\"\n    # Initialize with a random point\n    best_x = np.random.uniform(bounds[0], bounds[1])\n    best_y = np.random.uniform(bounds[0], bounds[1])\n    best_value = evaluate_function(best_x, best_y)\n\n    # Define a fixed step size for local perturbations\n    # This enables local exploitation around the current best solution.\n    local_search_step = (bounds[1] - bounds[0]) / 20.0 \n\n    for _ in range(iterations):\n        x, y = best_x, best_y # Start candidate from current best for potential local search\n\n        # With a certain probability (e.g., 70%), perform a global random search for exploration.\n        # Otherwise (30%), perform a local search around the current best for exploitation.\n        if np.random.rand() < 0.7: \n            x = np.random.uniform(bounds[0], bounds[1])\n            y = np.random.uniform(bounds[0], bounds[1])\n        else: \n            # Perturb the current best solution\n            x_candidate = best_x + np.random.uniform(-local_search_step, local_search_step)\n            y_candidate = best_y + np.random.uniform(-local_search_step, local_search_step)\n            # Clip candidates to stay within the defined bounds\n            x = np.clip(x_candidate, bounds[0], bounds[1])\n            y = np.clip(y_candidate, bounds[0], bounds[1])\n        \n        value = evaluate_function(x, y)\n\n        if value < best_value:\n            best_value = value\n            best_x, best_y = x, y\n\n    return best_x, best_y, best_value\n\n\n# EVOLVE-BLOCK-END\n\n\n# This part remains fixed (not evolved)\ndef evaluate_function(x, y):\n    \"\"\"The complex function we're trying to minimize\"\"\"\n    return np.sin(x) * np.cos(y) + np.sin(x * y) + (x**2 + y**2) / 20\n\n\ndef run_search():\n    x, y, value = search_algorithm()\n    return x, y, value\n\n\nif __name__ == \"__main__\":\n    x, y, value = run_search()\n    print(f\"Found minimum at ({x}, {y}) with value {value}\")\n\n```\n\n# Task\nSuggest improvements to the program that will improve its FITNESS SCORE.\nThe system maintains diversity across these dimensions: complexity, diversity\nDifferent solutions with similar fitness but different features are valuable.\n\nYou MUST use the exact SEARCH/REPLACE diff format shown below to indicate changes:\n\n<<<<<<< SEARCH\n# Original code to find and replace (must match exactly)\n=======\n# New replacement code\n>>>>>>> REPLACE\n\nExample of valid diff format:\n<<<<<<< SEARCH\nfor i in range(m):\n    for j in range(p):\n        for k in range(n):\n            C[i, j] += A[i, k] * B[k, j]\n=======\n# Reorder loops for better memory access pattern\nfor i in range(m):\n    for k in range(n):\n        for j in range(p):\n            C[i, j] += A[i, k] * B[k, j]\n>>>>>>> REPLACE\n\nYou can suggest multiple changes. Each SEARCH section must exactly match code in the current program.\nBe thoughtful about your changes and explain your reasoning thoroughly.\n\nIMPORTANT: Do not rewrite the entire program - focus on targeted improvements.", "responses": ["The current program has a fitness score of 1.4863, indicating room for improvement in reliably finding the global minimum of the given function, which is known to have multiple local minima. The current strategy relies on a fixed probability for global exploration (70%) and a fixed step size for local exploitation. This might not be optimal for escaping deeper local minima or for fine-tuning the solution once a promising region is found.\n\nThe goal is to enhance the `search_algorithm` function to better balance exploration and exploitation, adapt its search strategy over time, and increase its chances of converging to the global minimum.\n\nHere are a few suggestions:\n\n### Improvement 1: Adaptive Local Search Step Size and Global Jump Probability\n\nThe current implementation uses a fixed `local_search_step` and a fixed probability for global jumps. To better navigate the complex landscape, we can introduce adaptive parameters:\n\n1.  **Decaying Local Search Step:** Start with a larger local search radius and gradually decrease it as the search progresses. This allows for broader exploration initially and finer tuning later.\n2.  **Adaptive Global Jump Probability:** The probability of a global jump could also be adjusted. A higher probability early on helps escape initial local minima, while a lower probability later allows for more focused exploitation of promising regions.\n\nThis approach is inspired by techniques used in simulated annealing and other metaheuristics.\n\n<<<<<<< SEARCH\n    # Define a fixed step size for local perturbations\n    # This enables local exploitation around the current best solution.\n    local_search_step = (bounds[1] - bounds[0]) / 20.0 \n\n    for _ in range(iterations):\n        x, y = best_x, best_y # Start candidate from current best for potential local search\n\n        # With a certain probability (e.g., 70%), perform a global random search for exploration.\n        # Otherwise (30%), perform a local search around the current best for exploitation.\n        if np.random.rand() < 0.7: \n            x = np.random.uniform(bounds[0], bounds[1])\n            y = np.random.uniform(bounds[0], bounds[1])\n        else: \n            # Perturb the current best solution\n            x_candidate = best_x + np.random.uniform(-local_search_step, local_search_step)\n            y_candidate = best_y + np.random.uniform(-local_search_step, local_search_step)\n            # Clip candidates to stay within the defined bounds\n            x = np.clip(x_candidate, bounds[0], bounds[1])\n            y = np.clip(y_candidate, bounds[0], bounds[1])\n        \n        value = evaluate_function(x, y)\n\n        if value < best_value:\n            best_value = value\n            best_x, best_y = x, y\n=======\n    search_range = bounds[1] - bounds[0]\n    \n    # Adaptive parameters for exploration-exploitation balance\n    # Local search radius starts as a fraction of the total search range and shrinks over time.\n    initial_local_radius_factor = 0.1  # Max local search radius is 10% of total search_range\n    min_local_radius = 1e-6          # Ensure radius never becomes zero\n    \n    # Global jump probability decreases over iterations, starting higher for exploration.\n    # It transitions from a higher value (e.g., 0.6) to a lower value (e.g., 0.1).\n    global_jump_start_prob = 0.6\n    global_jump_end_prob = 0.1\n\n    for i in range(iterations):\n        # Calculate current local radius: shrinks linearly from initial_local_radius_factor to near zero.\n        t = i / iterations # Normalized iteration progress (0 to 1)\n        current_local_radius = search_range * initial_local_radius_factor * (1 - t)\n        current_local_radius = max(current_local_radius, min_local_radius)\n        \n        # Calculate current global jump probability: decays linearly from start to end.\n        current_global_jump_prob = global_jump_start_prob * (1 - t) + global_jump_end_prob * t\n\n        if np.random.rand() < current_global_jump_prob:\n            # Global exploration: Sample a completely new random point.\n            x = np.random.uniform(bounds[0], bounds[1])\n            y = np.random.uniform(bounds[0], bounds[1])\n        else:\n            # Local exploitation: Perturb around the current best solution.\n            # The perturbation range is determined by current_local_radius.\n            x_candidate = best_x + np.random.uniform(-current_local_radius, current_local_radius)\n            y_candidate = best_y + np.random.uniform(-current_local_radius, current_local_radius)\n            \n            # Ensure candidate points stay within the defined bounds.\n            x = np.clip(x_candidate, bounds[0], bounds[1])\n            y = np.clip(y_candidate, bounds[0], bounds[1])\n\n        value = evaluate_function(x, y)\n\n        # Update the best found solution if the current candidate is better.\n        if value < best_value:\n            best_value = value\n            best_x, best_y = x, y\n>>>>>>> REPLACE\n\n### Improvement 2: Introduce Restart Mechanism for Stagnation\n\nEven with adaptive parameters, the search might get stuck in a very deep, but not global, local minimum for an extended period. A common strategy to combat this is to implement a \"restart\" mechanism. If the algorithm doesn't find a better solution for a certain number of iterations (stagnation), it can re-initialize the search from a new random point. This is a robust way to ensure that the search doesn't completely stall and has another chance to find unexplored regions. This is inspired by Program D2.\n\n<<<<<<< SEARCH\n        if value < best_value:\n            best_value = value\n            best_x, best_y = x, y\n=======\n        if value < best_value:\n            best_value = value\n            best_x, best_y = x, y\n            no_improvement_count = 0  # Reset stagnation counter on improvement\n        else:\n            no_improvement_count += 1\n\n        # If the search has stagnated for too long, restart from a new random point.\n        # This helps to escape deep local minima.\n        if no_improvement_count >= stagnation_threshold:\n            print(f\"Restarting search at iteration {i} due to stagnation.\")\n            # Re-initialize with a new random point\n            best_x = np.random.uniform(bounds[0], bounds[1])\n            best_y = np.random.uniform(bounds[0], bounds[1])\n            best_value = evaluate_function(best_x, best_y)\n            no_improvement_count = 0  # Reset counter after restart\n\n    return best_x, best_y, best_value\n=======\n        if value < best_value:\n            best_value = value\n            best_x, best_y = x, y\n            no_improvement_count = 0  # Reset stagnation counter on improvement\n        else:\n            no_improvement_count += 1\n\n        # If the search has stagnated for too long, restart from a new random point.\n        # This helps to escape deep local minima.\n        if no_improvement_count >= stagnation_threshold:\n            print(f\"Restarting search at iteration {i} due to stagnation.\")\n            # Re-initialize with a new random point\n            best_x = np.random.uniform(bounds[0], bounds[1])\n            best_y = np.random.uniform(bounds[0], bounds[1])\n            best_value = evaluate_function(best_x, best_y)\n            no_improvement_count = 0  # Reset counter after restart\n\n    return best_x, best_y, best_value\n>>>>>>> REPLACE\n\n### Explanation of Changes:\n\n**Improvement 1:**\n*   **Adaptive `local_radius_factor` and `global_jump_prob`:** Replaced the fixed `local_search_step` and `0.7` probability with dynamically calculated `current_local_radius` and `current_global_jump_prob`.\n    *   `current_local_radius` decreases linearly from `initial_local_radius_factor` (set to `0.1`) down to a minimum `min_local_radius` (set to `1e-6`). This allows for wider exploration when `i` is small and finer tuning when `i` is large.\n    *   `current_global_jump_prob` decays linearly from `global_jump_start_prob` (set to `0.6`) to `global_jump_end_prob` (set to `0.1`). This prioritizes global exploration early on and shifts towards local exploitation as the search progresses.\n*   **Clarity:** Renamed variables for better understanding of their role in the adaptive strategy.\n\n**Improvement 2:**\n*   **Stagnation Detection:** Introduced `stagnation_threshold` (set to `50`) and `no_improvement_count`.\n*   **Restart Mechanism:** If `no_improvement_count` reaches `stagnation_threshold`, a message is printed, and the search is restarted by re-initializing `best_x`, `best_y`, and `best_value` with new random values. The `no_improvement_count` is reset.\n*   **Counter Reset:** `no_improvement_count` is reset to 0 whenever an improvement is found or after a restart.\n\nThese changes aim to make the search more robust by adapting its strategy based on the progress and by providing a fallback mechanism to escape persistent local minima. The combination of adaptive exploration/exploitation and restarts is a powerful strategy for complex optimization landscapes."]}}, "artifacts_json": "{\"error_type\": \"SyntaxError\", \"error_message\": \"Stage 1 outer exception: invalid syntax (tmp93o1od15.py, line 78)\", \"full_traceback\": \"Traceback (most recent call last):\\n  File \\\"C:\\\\Windows\\\\System32\\\\openevolve\\\\examples/function_minimization/evaluator.py\\\", line 271, in evaluate_stage1\\n    spec.loader.exec_module(program)\\n  File \\\"<frozen importlib._bootstrap_external>\\\", line 936, in exec_module\\n  File \\\"<frozen importlib._bootstrap_external>\\\", line 1074, in get_code\\n  File \\\"<frozen importlib._bootstrap_external>\\\", line 1004, in source_to_code\\n  File \\\"<frozen importlib._bootstrap>\\\", line 241, in _call_with_frames_removed\\n  File \\\"C:\\\\Users\\\\kfg4s\\\\AppData\\\\Local\\\\Temp\\\\tmp93o1od15.py\\\", line 78\\n    =======\\n    ^^\\nSyntaxError: invalid syntax\\n\", \"suggestion\": \"Critical error during stage 1 evaluation. Check program syntax and imports\"}", "artifact_dir": null}