{"id": "714259fd-d15f-4eea-8620-1649cef09053", "code": "# EVOLVE-BLOCK-START\n\"\"\"Function minimization example for OpenEvolve\"\"\"\nimport numpy as np\n\n\ndef search_algorithm(iterations=1000, bounds=(-5, 5)):\n    \"\"\"\n    Hybrid optimization combining global random search with local exploitation.\n    Designed to escape local minima by balancing exploration and exploitation.\n    \"\"\"\n    best_x = np.random.uniform(bounds[0], bounds[1])\n    best_y = np.random.uniform(bounds[0], bounds[1])\n    best_value = evaluate_function(best_x, best_y)\n\n    # Current point for local exploration, can temporarily be in a local minimum\n    current_x, current_y, current_value = best_x, best_y, best_value\n\n    search_range = bounds[1] - bounds[0]\n\n    for i in range(iterations):\n        # Adaptive global jump probability: starts higher for exploration, decreases for exploitation\n        # Starts at 0.6 (0.5 + 0.1), ends at 0.1\n        global_jump_prob_adaptive = 0.5 * (1 - i / iterations) + 0.1 \n\n        if np.random.rand() < global_jump_prob_adaptive:\n            # Global exploration: completely random jump\n            x_candidate = np.random.uniform(bounds[0], bounds[1])\n            y_candidate = np.random.uniform(bounds[0], bounds[1])\n        else:\n            # Local exploitation: perturb around current point with decaying step size\n            # Step size decays linearly from a fraction of search_range to a minimum\n            step_size = search_range * (1.0 - i / iterations) * 0.1 + 0.01\n            \n            x_candidate = current_x + np.random.uniform(-step_size, step_size)\n            y_candidate = current_y + np.random.uniform(-step_size, step_size)\n\n            # Ensure candidate point stays within bounds\n            x_candidate = np.clip(x_candidate, bounds[0], bounds[1])\n            y_candidate = np.clip(y_candidate, bounds[0], bounds[1])\n        \n        value_candidate = evaluate_function(x_candidate, y_candidate)\n\n        if value_candidate < current_value:\n            # If candidate is better than current, move current to candidate\n            current_x, current_y, current_value = x_candidate, y_candidate, value_candidate\n            # If current point improved, check if it's the new global best\n            if current_value < best_value:\n                best_value = current_value\n                best_x, best_y = current_x, current_y\n        elif value_candidate < best_value:\n            # If candidate is not better than current_value (e.g., current is stuck in a local minimum),\n            # but is better than the global best found so far, update global best and reset current\n            # to this new best to exploit this promising region.\n            best_value = value_candidate\n            best_x, best_y = x_candidate, y_candidate\n            current_x, current_y, current_value = x_candidate, y_candidate, value_candidate\n\n    return best_x, best_y, best_value\n\n\n# EVOLVE-BLOCK-END\n\n\n# This part remains fixed (not evolved)\ndef evaluate_function(x, y):\n    \"\"\"The complex function we're trying to minimize\"\"\"\n    return np.sin(x) * np.cos(y) + np.sin(x * y) + (x**2 + y**2) / 20\n\n\ndef run_search():\n    x, y, value = search_algorithm()\n    return x, y, value\n\n\nif __name__ == \"__main__\":\n    x, y, value = run_search()\n    print(f\"Found minimum at ({x}, {y}) with value {value}\")\n", "language": "python", "parent_id": "f8e415f3-fdbe-4b50-b9a0-c4f160244c45", "generation": 2, "timestamp": 1759267996.3676612, "iteration_found": 24, "metrics": {"runs_successfully": 1.0, "value_score": 0.9804307309150004, "distance_score": 0.5556073727820352, "combined_score": 1.028277092750533, "reliability_score": 1.0}, "complexity": 0.0, "diversity": 0.0, "metadata": {"changes": "Change 1: Replace 5 lines with 8 lines", "parent_metrics": {"runs_successfully": 1.0, "value_score": 0.967240697907772, "distance_score": 0.4498803936994552, "combined_score": 0.982301360476467, "reliability_score": 1.0}, "island": 0}, "prompts": {"diff_user": {"system": "You are an expert programmer specializing in optimization algorithms. Your task is to improve a function minimization algorithm to find the global minimum of a complex function with many local minima. The function is f(x, y) = sin(x) * cos(y) + sin(x*y) + (x^2 + y^2)/20. Focus on improving the search_algorithm function to reliably find the global minimum, escaping local minima that might trap simple algorithms.", "user": "# Current Program Information\n- Fitness: 0.9823\n- Feature coordinates: No feature coordinates\n- Focus areas: - Fitness declined: 1.4950 \u00e2\u2020\u2019 0.9823. Consider revising recent changes.\n- Consider simplifying - code length exceeds 500 characters\n\n## Last Execution Output\n\n### stage1_result\n```\nFound solution at x=-1.7065, y=0.6824 with value=-1.5186\n```\n\n### distance_to_global\n```\n0.0051\n```\n\n### solution_quality\n```\nDistance < 0.5: Very close\n```\n\n### convergence_info\n```\nConverged in 10 trials with 10 successes\n```\n\n### best_position\n```\nFinal position: x=-1.5091, y=0.8219\n```\n\n### average_distance_to_global\n```\n1.2228\n```\n\n### search_efficiency\n```\nSuccess rate: 100.00%\n```\n\n# Program Evolution History\n## Previous Attempts\n\n### Attempt 3\n- Changes: Change 1: Replace 9 lines with 22 lines\n- Metrics: runs_successfully: 1.0000, value_score: 0.9996, distance_score: 0.9896, combined_score: 1.4950, reliability_score: 1.0000\n- Outcome: Mixed results\n\n### Attempt 2\n- Changes: Change 1: Replace 10 lines with 4 lines\nChange 2: Replace 16 lines with 37 lines\n- Metrics: runs_successfully: 1.0000, value_score: 0.9997, distance_score: 0.9980, combined_score: 1.4989, reliability_score: 1.0000\n- Outcome: Mixed results\n\n### Attempt 1\n- Changes: Change 1: Replace 22 lines with 32 lines\n- Metrics: runs_successfully: 1.0000, value_score: 0.9997, distance_score: 0.9985, combined_score: 1.4991, reliability_score: 1.0000\n- Outcome: Mixed results\n\n## Top Performing Programs\n\n### Program 1 (Score: 1.4991)\n```python\n# EVOLVE-BLOCK-START\n\"\"\"Function minimization example for OpenEvolve\"\"\"\nimport numpy as np\n\n\ndef search_algorithm(iterations=1000, bounds=(-5, 5)):\n    \"\"\"\n    A simple random search algorithm that often gets stuck in local minima.\n\n    Args:\n        iterations: Number of iterations to run\n        bounds: Bounds for the search space (min, max)\n\n    Returns:\n        Tuple of (best_x, best_y, best_value)\n    \"\"\"\n    # Initialize with a random point\n    best_x = np.random.uniform(bounds[0], bounds[1])\n    best_y = np.random.uniform(bounds[0], bounds[1])\n    best_value = evaluate_function(best_x, best_y)\n\n    search_range = bounds[1] - bounds[0]\n    \n    for i in range(iterations):\n        # Local search parameters: radius shrinks over iterations\n        # Start with a larger radius and decrease it to focus the search.\n        local_radius_factor = 0.1 # Max local search radius is 10% of total search_range\n        min_local_radius = 1e-6 # Ensure radius never becomes zero\n        current_local_radius = search_range * local_radius_factor * (1 - i / iterations)\n        current_local_radius = max(current_local_radius, min_local_radius)\n        \n        # Global jump probability: decreases over iterations to favor local search later.\n        # Starts higher (e.g., 0.6) and goes down (e.g., to 0.1).\n        global_jump_prob = 0.5 * (1 - i / iterations) + 0.1 \n\n        if np.random.rand() < global_jump_prob:\n            # Global random search (exploration): jump to a new random location\n            x = np.random.uniform(bounds[0], bounds[1])\n            y = np.random.uniform(bounds[0], bounds[1])\n        else:\n            # Local perturbation around current best (exploitation): refine the solution\n            x = best_x + np.random.uniform(-current_local_radius, current_local_radius)\n            y = best_y + np.random.uniform(-current_local_radius, current_local_radius)\n            \n            # Ensure points stay within bounds\n            x = np.clip(x, bounds[0], bounds[1])\n            y = np.clip(y, bounds[0], bounds[1])\n\n        value = evaluate_function(x, y)\n\n        if value < best_value:\n            best_value = value\n            best_x, best_y = x, y\n\n    return best_x, best_y, best_value\n\n\n# EVOLVE-BLOCK-END\n\n\n# This part remains fixed (not evolved)\ndef evaluate_function(x, y):\n    \"\"\"The complex function we're trying to minimize\"\"\"\n    return np.sin(x) * np.cos(y) + np.sin(x * y) + (x**2 + y**2) / 20\n\n\ndef run_search():\n    x, y, value = search_algorithm()\n    return x, y, value\n\n\nif __name__ == \"__main__\":\n    x, y, value = run_search()\n    print(f\"Found minimum at ({x}, {y}) with value {value}\")\n\n```\nKey features: Performs well on runs_successfully (1.0000), Performs well on value_score (0.9997), Performs well on distance_score (0.9985), Performs well on combined_score (1.4991), Performs well on reliability_score (1.0000)\n\n### Program 2 (Score: 1.4989)\n```python\n# EVOLVE-BLOCK-START\n\"\"\"Function minimization example for OpenEvolve\"\"\"\nimport numpy as np\n\n\ndef search_algorithm(iterations=1000, bounds=(-5, 5)):\n    \"\"\"\n    Hybrid search combining global random exploration with local exploitation,\n    adapting search radius and global jump probability over iterations to escape local minima.\n    \"\"\"\n    # Initialize with a random point\n    best_x = np.random.uniform(bounds[0], bounds[1])\n    best_y = np.random.uniform(bounds[0], bounds[1])\n    best_value = evaluate_function(best_x, best_y)\n\n    search_range = bounds[1] - bounds[0]\n    \n    for i in range(iterations):\n        # Local search parameters: radius shrinks over iterations\n        local_radius_factor = 0.1 # Max local search radius is 10% of total search_range\n        min_local_radius = 1e-6 # Ensure radius never becomes zero\n        current_local_radius = search_range * local_radius_factor * (1 - i / iterations)\n        current_local_radius = max(current_local_radius, min_local_radius)\n        \n        # Global jump probability: decreases from 60% to 10% over iterations\n        global_jump_prob = 0.5 * (1 - i / iterations) + 0.1 \n\n        if np.random.rand() < global_jump_prob:\n            # Global random search (exploration)\n            x = np.random.uniform(bounds[0], bounds[1])\n            y = np.random.uniform(bounds[0], bounds[1])\n        else:\n            # Local perturbation around current best (exploitation)\n            x = best_x + np.random.uniform(-current_local_radius, current_local_radius)\n            y = best_y + np.random.uniform(-current_local_radius, current_local_radius)\n            \n            # Ensure points stay within bounds\n            x = np.clip(x, bounds[0], bounds[1])\n            y = np.clip(y, bounds[0], bounds[1])\n\n        value = evaluate_function(x, y)\n\n        if value < best_value:\n            best_value = value\n            best_x, best_y = x, y\n\n    return best_x, best_y, best_value\n\n\n# EVOLVE-BLOCK-END\n\n\n# This part remains fixed (not evolved)\ndef evaluate_function(x, y):\n    \"\"\"The complex function we're trying to minimize\"\"\"\n    return np.sin(x) * np.cos(y) + np.sin(x * y) + (x**2 + y**2) / 20\n\n\ndef run_search():\n    x, y, value = search_algorithm()\n    return x, y, value\n\n\nif __name__ == \"__main__\":\n    x, y, value = run_search()\n    print(f\"Found minimum at ({x}, {y}) with value {value}\")\n\n```\nKey features: Performs well on runs_successfully (1.0000), Performs well on value_score (0.9997), Performs well on distance_score (0.9980), Performs well on combined_score (1.4989), Performs well on reliability_score (1.0000)\n\n### Program 3 (Score: 1.4950)\n```python\n# EVOLVE-BLOCK-START\n\"\"\"Function minimization example for OpenEvolve\"\"\"\nimport numpy as np\n\n\ndef search_algorithm(iterations=1000, bounds=(-5, 5)):\n    \"\"\"\n    A simple random search algorithm that often gets stuck in local minima.\n\n    Args:\n        iterations: Number of iterations to run\n        bounds: Bounds for the search space (min, max)\n\n    Returns:\n        Tuple of (best_x, best_y, best_value)\n    \"\"\"\n    # Initialize with a random point\n    best_x = np.random.uniform(bounds[0], bounds[1])\n    best_y = np.random.uniform(bounds[0], bounds[1])\n    best_value = evaluate_function(best_x, best_y)\n\n    for i in range(iterations):\n        # Adaptive search: blend global exploration with local exploitation\n        # alpha starts at 1.0 (pure global) and goes to 0.0 (pure local around best_x, best_y)\n        alpha = (1.0 - i / iterations)\n\n        # Global random component\n        global_coords = np.random.uniform(bounds[0], bounds[1], 2)\n        \n        # Current best coordinates\n        best_coords = np.array([best_x, best_y])\n\n        # Blend global and local search components\n        candidate_coords = alpha * global_coords + (1 - alpha) * best_coords\n        \n        # Ensure candidate coordinates stay within bounds\n        x, y = np.clip(candidate_coords, bounds[0], bounds[1])\n\n        value = evaluate_function(x, y)\n\n        if value < best_value:\n            best_value = value\n            best_x, best_y = x, y\n\n    return best_x, best_y, best_value\n\n\n# EVOLVE-BLOCK-END\n\n\n# This part remains fixed (not evolved)\ndef evaluate_function(x, y):\n    \"\"\"The complex function we're trying to minimize\"\"\"\n    return np.sin(x) * np.cos(y) + np.sin(x * y) + (x**2 + y**2) / 20\n\n\ndef run_search():\n    x, y, value = search_algorithm()\n    return x, y, value\n\n\nif __name__ == \"__main__\":\n    x, y, value = run_search()\n    print(f\"Found minimum at ({x}, {y}) with value {value}\")\n\n```\nKey features: Performs well on runs_successfully (1.0000), Performs well on value_score (0.9996), Performs well on distance_score (0.9896), Performs well on combined_score (1.4950), Performs well on reliability_score (1.0000)\n\n\n\n## Diverse Programs\n\n### Program D1 (Score: 1.4863)\n```python\n# EVOLVE-BLOCK-START\n\"\"\"Function minimization example for OpenEvolve\"\"\"\nimport numpy as np\n\n\ndef search_algorithm(iterations=1000, bounds=(-5, 5)):\n    \"\"\"\n    A simple random search algorithm that often gets stuck in local minima.\n\n    Args:\n        iterations: Number of iterations to run\n        bounds: Bounds for the search space (min, max)\n\n    Returns:\n        Tuple of (best_x, best_y, best_value)\n    \"\"\"\n    # Initialize with a random point\n    best_x = np.random.uniform(bounds[0], bounds[1])\n    best_y = np.random.uniform(bounds[0], bounds[1])\n    best_value = evaluate_function(best_x, best_y)\n\n    # Define a fixed step size for local perturbations\n    # This enables local exploitation around the current best solution.\n    local_search_step = (bounds[1] - bounds[0]) / 20.0 \n\n    for _ in range(iterations):\n        x, y = best_x, best_y # Start candidate from current best for potential local search\n\n        # With a certain probability (e.g., 70%), perform a global random search for exploration.\n        # Otherwise (30%), perform a local search around the current best for exploitation.\n        if np.random.rand() < 0.7: \n            x = np.random.uniform(bounds[0], bounds[1])\n            y = np.random.uniform(bounds[0], bounds[1])\n        else: \n            # Perturb the current best solution\n            x_candidate = best_x + np.random.uniform(-local_search_step, local_search_step)\n            y_candidate = best_y + np.random.uniform(-local_search_step, local_search_step)\n            # Clip candidates to stay within the defined bounds\n            x = np.clip(x_candidate, bounds[0], bounds[1])\n            y = np.clip(y_candidate, bounds[0], bounds[1])\n        \n        value = evaluate_function(x, y)\n\n        if value < best_value:\n            best_value = value\n            best_x, best_y = x, y\n\n    return best_x, best_y, best_value\n\n\n# EVOLVE-BLOCK-END\n\n\n# This part remains fixed (not evolved)\ndef evaluate_function(x, y):\n    \"\"\"The complex function we're trying to minimize\"\"\"\n    return np.sin(x) * np.cos(y) + np.sin(x * y) + (x**2 + y**2) / 20\n\n\ndef run_search():\n    x, y, value = search_algorithm()\n    return x, y, value\n\n\nif __name__ == \"__main__\":\n    x, y, value = run_search()\n    print(f\"Found minimum at ({x}, {y}) with value {value}\")\n\n```\nKey features: Alternative approach to runs_successfully, Alternative approach to value_score\n\n### Program D2 (Score: 1.4937)\n```python\n# EVOLVE-BLOCK-START\n\"\"\"Function minimization example for OpenEvolve\"\"\"\nimport numpy as np\n\n\ndef search_algorithm(iterations=1000, bounds=(-5, 5)):\n    \"\"\"\n    A simple random search algorithm that often gets stuck in local minima.\n\n    Args:\n        iterations: Number of iterations to run\n        bounds: Bounds for the search space (min, max)\n\n    Returns:\n        Tuple of (best_x, best_y, best_value)\n    \"\"\"\n    # Initialize with a random point\n    best_x = np.random.uniform(bounds[0], bounds[1])\n    best_y = np.random.uniform(bounds[0], bounds[1])\n    best_value = evaluate_function(best_x, best_y)\n\n    # Parameters for the hybrid search strategy\n    global_search_prob = 0.15  # Probability of performing a global random jump (exploration)\n    initial_local_step_factor = 0.8  # Initial relative range for local search (e.g., 0.8 * total_range)\n    final_local_step_factor = 0.005 # Final relative range for local search (e.g., 0.005 * total_range)\n    \n    search_range = bounds[1] - bounds[0] # Total range of the search space\n\n    for i in range(iterations):\n        # Determine whether to perform a global jump or a local perturbation\n        if np.random.rand() < global_search_prob:\n            # Global random search: explore new, distant areas to escape local minima\n            x = np.random.uniform(bounds[0], bounds[1])\n            y = np.random.uniform(bounds[0], bounds[1])\n        else:\n            # Local search: exploit promising regions around the current best point\n            # The step size for local search decreases linearly over iterations (annealing-like behavior)\n            t = i / iterations # Normalized iteration progress (0 to 1)\n            current_local_step_factor = initial_local_step_factor * (1 - t) + final_local_step_factor * t\n            local_range = search_range * current_local_step_factor\n            \n            # Generate a candidate point by perturbing the current best_x, best_y\n            x_candidate = np.random.uniform(best_x - local_range/2, best_x + local_range/2)\n            y_candidate = np.random.uniform(best_y - local_range/2, best_y + local_range/2)\n            \n            # Clip candidates to ensure they stay within the overall defined search bounds\n            x = np.clip(x_candidate, bounds[0], bounds[1])\n            y = np.clip(y_candidate, bounds[0], bounds[1])\n            \n        value = evaluate_function(x, y)\n\n        # Update the best found solution if the current candidate is better\n        if value < best_value:\n            best_value = value\n            best_x, best_y = x, y\n\n    return best_x, best_y, best_value\n\n\n# EVOLVE-BLOCK-END\n\n\n# This part remains fixed (not evolved)\ndef evaluate_function(x, y):\n    \"\"\"The complex function we're trying to minimize\"\"\"\n    return np.sin(x) * np.cos(y) + np.sin(x * y) + (x**2 + y**2) / 20\n\n\ndef run_search():\n    x, y, value = search_algorithm()\n    return x, y, value\n\n\nif __name__ == \"__main__\":\n    x, y, value = run_search()\n    print(f\"Found minimum at ({x}, {y}) with value {value}\")\n\n```\nKey features: Alternative approach to runs_successfully, Alternative approach to value_score\n\n## Inspiration Programs\n\nThese programs represent diverse approaches and creative solutions that may inspire new ideas:\n\n### Inspiration 1 (Score: 1.3609, Type: High-Performer)\n```python\n# EVOLVE-BLOCK-START\n\"\"\"Function minimization example for OpenEvolve\"\"\"\nimport numpy as np\n\n\ndef search_algorithm(iterations=1000, bounds=(-5, 5)):\n    \"\"\"\n    A simple random search algorithm that often gets stuck in local minima.\n\n    Args:\n        iterations: Number of iterations to run\n        bounds: Bounds for the search space (min, max)\n\n    Returns:\n        Tuple of (best_x, best_y, best_value)\n    \"\"\"\n    # Initialize with a random point\n    best_x = np.random.uniform(bounds[0], bounds[1])\n    best_y = np.random.uniform(bounds[0], bounds[1])\n    best_value = evaluate_function(best_x, best_y)\n\n    # Parameters for the hybrid search strategy\n    global_search_prob = 0.15  # Probability of performing a global random jump (exploration)\n    initial_local_step_factor = 0.8  # Initial relative range for local search (e.g., 0.8 * total_range)\n    final_local_step_factor = 0.005 # Final relative range for local search (e.g., 0.005 * total_range)\n    \n    search_range = bounds[1] - bounds[0] # Total range of the search space\n\n    for i in range(iterations):\n        # Determine whether to perform a global jump or a local perturbation\n        if np.random.rand() < global_search_prob:\n            # Global random search: explore new, distant areas to escape local minima\n            x = np.random.uniform(bounds[0], bounds[1])\n            y = np.random.uniform(bounds[0], bounds[1])\n        else:\n            # Local search: exploit promising regions around the current best point\n            # The step size for local search decreases linearly over iterations (annealing-like behavior)\n            t = i / iterations # Normalized iteration progress (0 to 1)\n            current_local_step_factor = initial_local_step_factor * (1 - t) + final_local_step_factor * t\n            local_range = search_range * current_local_step_factor\n            \n            # Generate a candidate point by perturbing the current best_x, best_y\n            x_candidate = np.random.uniform(best_x - local_range/2, best_x + local_range/2)\n            y_candidate = np.random.uniform(best_y - local_range/2, best_y + local_range/2)\n            \n            # Clip candidates to ensure they stay within the overall defined search bounds\n            x = np.clip(x_candidate, bounds[0], bounds[1])\n            y = np.clip(y_candidate, bounds[0], bounds[1])\n            \n        value = evaluate_function(x, y)\n\n        # Update the best found solution if the current candidate is better\n        if value < best_value:\n            best_value = value\n            best_x, best_y = x, y\n\n    return best_x, best_y, best_value\n\n\n# EVOLVE-BLOCK-END\n\n\n# This part remains fixed (not evolved)\ndef evaluate_function(x, y):\n    \"\"\"The complex function we're trying to minimize\"\"\"\n    return np.sin(x) * np.cos(y) + np.sin(x * y) + (x**2 + y**2) / 20\n\n\ndef run_search():\n    x, y, value = search_algorithm()\n    return x, y, value\n\n\nif __name__ == \"__main__\":\n    x, y, value = run_search()\n    print(f\"Found minimum at ({x}, {y}) with value {value}\")\n\n```\nUnique approach: Modification: Change 1: Replace 34 lines with 50 lines, Excellent runs_successfully (1.000), Excellent value_score (0.990)\n\n### Inspiration 2 (Score: 0.7476, Type: Alternative)\n```python\n# EVOLVE-BLOCK-START\n\"\"\"Function minimization example for OpenEvolve\"\"\"\nimport numpy as np\n\n\ndef search_algorithm(iterations=1000, bounds=(-5, 5)):\n    \"\"\"\n    A simple random search algorithm that often gets stuck in local minima.\n\n    Args:\n        iterations: Number of iterations to run\n        bounds: Bounds for the search space (min, max)\n\n    Returns:\n        Tuple of (best_x, best_y, best_value)\n    \"\"\"\n    lower_bound, upper_bound = bounds\n    \n    # Initialize current and best solution with a random point\n    current_x = np.random.uniform(lower_bound, upper_bound)\n    current_y = np.random.uniform(lower_bound, upper_bound)\n    current_value = evaluate_function(current_x, current_y)\n\n    # The overall best solution found\n    best_x, best_y, best_value = current_x, current_y, current_value\n\n    # Simulated Annealing parameters\n    initial_temperature = 1.0\n    cooling_rate = 0.99   # Slightly faster cooling to focus local search after exploration\n    \n    # Initial step scale for perturbations, proportional to search space range\n    initial_step_scale = (upper_bound - lower_bound) / 10.0 \n    \n    for i in range(iterations):\n        # Decrease temperature over iterations\n        temperature = initial_temperature * (cooling_rate ** i)\n        # Prevent division by very small numbers in exp() if temperature drops too low\n        if temperature < 1e-10:\n            temperature = 1e-10\n\n        # Adaptive step size for perturbations, scales with temperature\n        step_size = initial_step_scale * (temperature / initial_temperature) \n        \n        # Propose a new point: mostly local perturbation, sometimes a global jump\n        if np.random.rand() < 0.05:  # 5% chance of a global jump for better exploration\n            next_x = np.random.uniform(lower_bound, upper_bound)\n            next_y = np.random.uniform(lower_bound, upper_bound)\n        else:  # 95% chance of a local perturbation around the current point\n            next_x = current_x + np.random.normal(0, step_size)\n            next_y = current_y + np.random.normal(0, step_size)\n            \n            # Ensure new point stays within bounds\n            next_x = np.clip(next_x, lower_bound, upper_bound)\n            next_y = np.clip(next_y, lower_bound, upper_bound)\n\n        next_value = evaluate_function(next_x, next_y)\n\n        # Acceptance criterion (Metropolis-Hastings)\n        if next_value < current_value:\n            # Always accept better solutions\n            current_x, current_y, current_value = next_x, next_y, next_value\n            # Update overall best if current solution is the best found so far\n            if current_value < best_value:\n                best_x, best_y, best_value = current_x, current_y, current_value\n        elif temperature > 0 and np.random.rand() < np.exp(-(next_value - current_value) / temperature):\n            # Accept worse solutions with a probability that decreases with temperature\n            current_x, current_y, current_value = next_x, next_y, current_value\n            # Note: best_value is NOT updated here, as current_value is worse than previous current_value.\n\n    return best_x, best_y, best_value\n\n\n# EVOLVE-BLOCK-END\n\n\n# This part remains fixed (not evolved)\ndef evaluate_function(x, y):\n    \"\"\"The complex function we're trying to minimize\"\"\"\n    return np.sin(x) * np.cos(y) + np.sin(x * y) + (x**2 + y**2) / 20\n\n\ndef run_search():\n    x, y, value = search_algorithm()\n    return x, y, value\n\n\nif __name__ == \"__main__\":\n    x, y, value = run_search()\n    print(f\"Found minimum at ({x}, {y}) with value {value}\")\n\n```\nUnique approach: Excellent runs_successfully (1.000), Excellent reliability_score (1.000), NumPy-based implementation\n\n### Inspiration 3 (Score: 0.9899, Type: High-Performer)\n```python\n# EVOLVE-BLOCK-START\n\"\"\"Function minimization example for OpenEvolve\"\"\"\nimport numpy as np\n\n\ndef search_algorithm(iterations=1000, bounds=(-5, 5)):\n    \"\"\"\n    A simple random search algorithm that often gets stuck in local minima.\n\n    Args:\n        iterations: Number of iterations to run\n        bounds: Bounds for the search space (min, max)\n\n    Returns:\n        Tuple of (best_x, best_y, best_value)\n    \"\"\"\n    lower_bound, upper_bound = bounds\n    \n    # Initialize current and best solution with a random point\n    current_x = np.random.uniform(lower_bound, upper_bound)\n    current_y = np.random.uniform(lower_bound, upper_bound)\n    current_value = evaluate_function(current_x, current_y)\n\n    # The overall best solution found\n    best_x, best_y, best_value = current_x, current_y, current_value\n\n    # Simulated Annealing parameters\n    initial_temperature = 1.0\n    cooling_rate = 0.995  # Slower cooling to allow more exploration for longer\n    \n    # Initial step scale for perturbations, proportional to search space range\n    initial_step_scale = (upper_bound - lower_bound) / 10.0 \n    \n    for i in range(iterations):\n        # Decrease temperature over iterations\n        temperature = initial_temperature * (cooling_rate ** i)\n        # Prevent division by very small numbers in exp() if temperature drops too low\n        if temperature < 1e-10:\n            temperature = 1e-10\n\n        # Adaptive step size for perturbations, scales with temperature\n        step_size = initial_step_scale * (temperature / initial_temperature) \n        \n        # Propose a new point: mostly local perturbation, sometimes a global jump\n        if np.random.rand() < 0.05:  # 5% chance of a global jump for better exploration\n            next_x = np.random.uniform(lower_bound, upper_bound)\n            next_y = np.random.uniform(lower_bound, upper_bound)\n        else:  # 95% chance of a local perturbation around the current point\n            next_x = current_x + np.random.normal(0, step_size)\n            next_y = current_y + np.random.normal(0, step_size)\n            \n            # Ensure new point stays within bounds\n            next_x = np.clip(next_x, lower_bound, upper_bound)\n            next_y = np.clip(next_y, lower_bound, upper_bound)\n\n        next_value = evaluate_function(next_x, next_y)\n\n        # Acceptance criterion (Metropolis-Hastings)\n        if next_value < current_value:\n            # Always accept better solutions\n            current_x, current_y, current_value = next_x, next_y, next_value\n            # Update overall best if current solution is the best found so far\n            if current_value < best_value:\n                best_x, best_y, best_value = current_x, current_y, current_value\n        elif temperature > 0 and np.random.rand() < np.exp(-(next_value - current_value) / temperature):\n            # Accept worse solutions with a probability that decreases with temperature\n            current_x, current_y, current_value = next_x, next_y, current_value\n            # Note: best_value is NOT updated here, as current_value is worse than previous current_value.\n\n    return best_x, best_y, best_value\n\n\n# EVOLVE-BLOCK-END\n\n\n# This part remains fixed (not evolved)\ndef evaluate_function(x, y):\n    \"\"\"The complex function we're trying to minimize\"\"\"\n    return np.sin(x) * np.cos(y) + np.sin(x * y) + (x**2 + y**2) / 20\n\n\ndef run_search():\n    x, y, value = search_algorithm()\n    return x, y, value\n\n\nif __name__ == \"__main__\":\n    x, y, value = run_search()\n    print(f\"Found minimum at ({x}, {y}) with value {value}\")\n\n```\nUnique approach: Modification: Change 1: Replace 16 lines with 54 lines, Excellent runs_successfully (1.000), Excellent value_score (0.927)\n\n# Current Program\n```python\n# EVOLVE-BLOCK-START\n\"\"\"Function minimization example for OpenEvolve\"\"\"\nimport numpy as np\n\n\ndef search_algorithm(iterations=1000, bounds=(-5, 5)):\n    \"\"\"\n    Hybrid optimization combining global random search with local exploitation.\n    Designed to escape local minima by balancing exploration and exploitation.\n    \"\"\"\n    best_x = np.random.uniform(bounds[0], bounds[1])\n    best_y = np.random.uniform(bounds[0], bounds[1])\n    best_value = evaluate_function(best_x, best_y)\n\n    # Current point for local exploration, can temporarily be in a local minimum\n    current_x, current_y, current_value = best_x, best_y, best_value\n\n    global_jump_prob = 0.15 # Probability of taking a global random jump\n    search_range = bounds[1] - bounds[0]\n\n    for i in range(iterations):\n        if np.random.rand() < global_jump_prob:\n            # Global exploration: completely random jump\n            x_candidate = np.random.uniform(bounds[0], bounds[1])\n            y_candidate = np.random.uniform(bounds[0], bounds[1])\n        else:\n            # Local exploitation: perturb around current point with decaying step size\n            # Step size decays linearly from a fraction of search_range to a minimum\n            step_size = search_range * (1.0 - i / iterations) * 0.1 + 0.01\n            \n            x_candidate = current_x + np.random.uniform(-step_size, step_size)\n            y_candidate = current_y + np.random.uniform(-step_size, step_size)\n\n            # Ensure candidate point stays within bounds\n            x_candidate = np.clip(x_candidate, bounds[0], bounds[1])\n            y_candidate = np.clip(y_candidate, bounds[0], bounds[1])\n        \n        value_candidate = evaluate_function(x_candidate, y_candidate)\n\n        if value_candidate < current_value:\n            # If candidate is better than current, move current to candidate\n            current_x, current_y, current_value = x_candidate, y_candidate, value_candidate\n            # If current point improved, check if it's the new global best\n            if current_value < best_value:\n                best_value = current_value\n                best_x, best_y = current_x, current_y\n        elif value_candidate < best_value:\n            # If candidate is not better than current_value (e.g., current is stuck in a local minimum),\n            # but is better than the global best found so far, update global best and reset current\n            # to this new best to exploit this promising region.\n            best_value = value_candidate\n            best_x, best_y = x_candidate, y_candidate\n            current_x, current_y, current_value = x_candidate, y_candidate, value_candidate\n\n    return best_x, best_y, best_value\n\n\n# EVOLVE-BLOCK-END\n\n\n# This part remains fixed (not evolved)\ndef evaluate_function(x, y):\n    \"\"\"The complex function we're trying to minimize\"\"\"\n    return np.sin(x) * np.cos(y) + np.sin(x * y) + (x**2 + y**2) / 20\n\n\ndef run_search():\n    x, y, value = search_algorithm()\n    return x, y, value\n\n\nif __name__ == \"__main__\":\n    x, y, value = run_search()\n    print(f\"Found minimum at ({x}, {y}) with value {value}\")\n\n```\n\n# Task\nSuggest improvements to the program that will improve its FITNESS SCORE.\nThe system maintains diversity across these dimensions: complexity, diversity\nDifferent solutions with similar fitness but different features are valuable.\n\nYou MUST use the exact SEARCH/REPLACE diff format shown below to indicate changes:\n\n<<<<<<< SEARCH\n# Original code to find and replace (must match exactly)\n=======\n# New replacement code\n>>>>>>> REPLACE\n\nExample of valid diff format:\n<<<<<<< SEARCH\nfor i in range(m):\n    for j in range(p):\n        for k in range(n):\n            C[i, j] += A[i, k] * B[k, j]\n=======\n# Reorder loops for better memory access pattern\nfor i in range(m):\n    for k in range(n):\n        for j in range(p):\n            C[i, j] += A[i, k] * B[k, j]\n>>>>>>> REPLACE\n\nYou can suggest multiple changes. Each SEARCH section must exactly match code in the current program.\nBe thoughtful about your changes and explain your reasoning thoroughly.\n\nIMPORTANT: Do not rewrite the entire program - focus on targeted improvements.", "responses": ["The current algorithm shows a good `distance_to_global` in its best run, but the `average_distance_to_global` is quite high, suggesting inconsistency in finding the true global minimum. This often points to issues with balancing exploration (finding new, promising areas) and exploitation (refining solutions in known good areas).\n\nThe current `search_algorithm` uses a fixed `global_jump_prob = 0.15`. This means the algorithm always has a 15% chance of making a completely random jump. While this helps escape local minima, it might not be optimal:\n1.  **Early stages**: A 15% global jump probability might be too low to effectively explore the complex landscape and escape initial poor local minima. More exploration is needed early on.\n2.  **Later stages**: A 15% global jump probability might be too high when the algorithm should be focusing on fine-tuning a promising region. Too much global jumping can prevent convergence to the precise minimum.\n\nTo address this, I will make the `global_jump_prob` adaptive, similar to strategies seen in higher-performing programs. The probability will start high (favoring exploration) and gradually decrease over iterations (favoring exploitation). This allows the algorithm to thoroughly scan the search space initially and then concentrate on refining the best-found solution.\n\nSpecifically, I'll change the fixed `global_jump_prob` to an adaptive one that starts at 0.6 (50% adaptive component + 10% base) and decays linearly to 0.1.\n\n<<<<<<< SEARCH\n    global_jump_prob = 0.15 # Probability of taking a global random jump\n    search_range = bounds[1] - bounds[0]\n\n    for i in range(iterations):\n        if np.random.rand() < global_jump_prob:\n=======\n    search_range = bounds[1] - bounds[0]\n\n    for i in range(iterations):\n        # Adaptive global jump probability: starts higher for exploration, decreases for exploitation\n        # Starts at 0.6 (0.5 + 0.1), ends at 0.1\n        global_jump_prob_adaptive = 0.5 * (1 - i / iterations) + 0.1 \n\n        if np.random.rand() < global_jump_prob_adaptive:\n>>>>>>> REPLACE"]}}, "artifacts_json": "{\"stage1_result\": \"Found solution at x=-1.7065, y=0.6775 with value=-1.5187\", \"distance_to_global\": \"0.0026\", \"solution_quality\": \"Distance < 0.5: Very close\", \"convergence_info\": \"Converged in 10 trials with 10 successes\", \"best_position\": \"Final position: x=1.5863, y=2.9337\", \"average_distance_to_global\": \"0.7998\", \"search_efficiency\": \"Success rate: 100.00%\"}", "artifact_dir": null}