{"id": "0909a726-80d9-4efa-9150-3fd904910d0b", "code": "# EVOLVE-BLOCK-START\n\"\"\"Function minimization example for OpenEvolve\"\"\"\nimport numpy as np\n\n\ndef search_algorithm(iterations=1000, bounds=(-5, 5)):\n    \"\"\"\n    A simple random search algorithm that often gets stuck in local minima.\n\n    Args:\n        iterations: Number of iterations to run\n        bounds: Bounds for the search space (min, max)\n\n    Returns:\n        Tuple of (best_x, best_y, best_value)\n    \"\"\"\n    # Initialize with a random point\n    best_x = np.random.uniform(bounds[0], bounds[1])\n    best_y = np.random.uniform(bounds[0], bounds[1])\n    best_value = evaluate_function(best_x, best_y)\n\n    for i in range(iterations):\n        # Adaptive search: blend global exploration with local exploitation\n        # alpha starts at 1.0 (pure global) and goes to 0.0 (pure local around best_x, best_y)\n        alpha = (1.0 - i / iterations)\n\n        # Global random component\n        global_coords = np.random.uniform(bounds[0], bounds[1], 2)\n        \n        # Current best coordinates\n        best_coords = np.array([best_x, best_y])\n\n        # Blend global and local search components\n        candidate_coords = alpha * global_coords + (1 - alpha) * best_coords\n        \n        # Ensure candidate coordinates stay within bounds\n        x, y = np.clip(candidate_coords, bounds[0], bounds[1])\n\n        value = evaluate_function(x, y)\n\n        if value < best_value:\n            best_value = value\n            best_x, best_y = x, y\n\n    return best_x, best_y, best_value\n\n\n# EVOLVE-BLOCK-END\n\n\n# This part remains fixed (not evolved)\ndef evaluate_function(x, y):\n    \"\"\"The complex function we're trying to minimize\"\"\"\n    return np.sin(x) * np.cos(y) + np.sin(x * y) + (x**2 + y**2) / 20\n\n\ndef run_search():\n    x, y, value = search_algorithm()\n    return x, y, value\n\n\nif __name__ == \"__main__\":\n    x, y, value = run_search()\n    print(f\"Found minimum at ({x}, {y}) with value {value}\")\n", "language": "python", "parent_id": "91219a92-72c0-4e91-b51f-c3834b9446e8", "generation": 1, "timestamp": 1759267859.915923, "iteration_found": 5, "metrics": {"runs_successfully": 1.0, "value_score": 0.9995716723827245, "distance_score": 0.9896350636797586, "combined_score": 1.4950145329429345, "reliability_score": 1.0}, "complexity": 0.0, "diversity": 0.0, "metadata": {"changes": "Change 1: Replace 9 lines with 22 lines", "parent_metrics": {"runs_successfully": 1.0, "value_score": 0.9417587299889709, "distance_score": 0.7565915427363771, "combined_score": 1.2147685971231066}, "island": 0}, "prompts": {"diff_user": {"system": "You are an expert programmer specializing in optimization algorithms. Your task is to improve a function minimization algorithm to find the global minimum of a complex function with many local minima. The function is f(x, y) = sin(x) * cos(y) + sin(x*y) + (x^2 + y^2)/20. Focus on improving the search_algorithm function to reliably find the global minimum, escaping local minima that might trap simple algorithms.", "user": "# Current Program Information\n- Fitness: 1.2148\n- Feature coordinates: No feature coordinates\n- Focus areas: - Fitness unchanged at 1.2148\n- Consider simplifying - code length exceeds 500 characters\n\n\n\n# Program Evolution History\n## Previous Attempts\n\n### Attempt 1\n- Changes: Unknown changes\n- Metrics: runs_successfully: 1.0000, value_score: 0.9418, distance_score: 0.7566, combined_score: 1.2148\n- Outcome: Improvement in all metrics\n\n## Top Performing Programs\n\n### Program 1 (Score: 1.2148)\n```python\n# EVOLVE-BLOCK-START\n\"\"\"Function minimization example for OpenEvolve\"\"\"\nimport numpy as np\n\n\ndef search_algorithm(iterations=1000, bounds=(-5, 5)):\n    \"\"\"\n    A simple random search algorithm that often gets stuck in local minima.\n\n    Args:\n        iterations: Number of iterations to run\n        bounds: Bounds for the search space (min, max)\n\n    Returns:\n        Tuple of (best_x, best_y, best_value)\n    \"\"\"\n    # Initialize with a random point\n    best_x = np.random.uniform(bounds[0], bounds[1])\n    best_y = np.random.uniform(bounds[0], bounds[1])\n    best_value = evaluate_function(best_x, best_y)\n\n    for _ in range(iterations):\n        # Simple random search\n        x = np.random.uniform(bounds[0], bounds[1])\n        y = np.random.uniform(bounds[0], bounds[1])\n        value = evaluate_function(x, y)\n\n        if value < best_value:\n            best_value = value\n            best_x, best_y = x, y\n\n    return best_x, best_y, best_value\n\n\n# EVOLVE-BLOCK-END\n\n\n# This part remains fixed (not evolved)\ndef evaluate_function(x, y):\n    \"\"\"The complex function we're trying to minimize\"\"\"\n    return np.sin(x) * np.cos(y) + np.sin(x * y) + (x**2 + y**2) / 20\n\n\ndef run_search():\n    x, y, value = search_algorithm()\n    return x, y, value\n\n\nif __name__ == \"__main__\":\n    x, y, value = run_search()\n    print(f\"Found minimum at ({x}, {y}) with value {value}\")\n\n```\nKey features: Performs well on runs_successfully (1.0000), Performs well on value_score (0.9418), Performs well on distance_score (0.7566), Performs well on combined_score (1.2148)\n\n\n\n# Current Program\n```python\n# EVOLVE-BLOCK-START\n\"\"\"Function minimization example for OpenEvolve\"\"\"\nimport numpy as np\n\n\ndef search_algorithm(iterations=1000, bounds=(-5, 5)):\n    \"\"\"\n    A simple random search algorithm that often gets stuck in local minima.\n\n    Args:\n        iterations: Number of iterations to run\n        bounds: Bounds for the search space (min, max)\n\n    Returns:\n        Tuple of (best_x, best_y, best_value)\n    \"\"\"\n    # Initialize with a random point\n    best_x = np.random.uniform(bounds[0], bounds[1])\n    best_y = np.random.uniform(bounds[0], bounds[1])\n    best_value = evaluate_function(best_x, best_y)\n\n    for _ in range(iterations):\n        # Simple random search\n        x = np.random.uniform(bounds[0], bounds[1])\n        y = np.random.uniform(bounds[0], bounds[1])\n        value = evaluate_function(x, y)\n\n        if value < best_value:\n            best_value = value\n            best_x, best_y = x, y\n\n    return best_x, best_y, best_value\n\n\n# EVOLVE-BLOCK-END\n\n\n# This part remains fixed (not evolved)\ndef evaluate_function(x, y):\n    \"\"\"The complex function we're trying to minimize\"\"\"\n    return np.sin(x) * np.cos(y) + np.sin(x * y) + (x**2 + y**2) / 20\n\n\ndef run_search():\n    x, y, value = search_algorithm()\n    return x, y, value\n\n\nif __name__ == \"__main__\":\n    x, y, value = run_search()\n    print(f\"Found minimum at ({x}, {y}) with value {value}\")\n\n```\n\n# Task\nSuggest improvements to the program that will improve its FITNESS SCORE.\nThe system maintains diversity across these dimensions: complexity, diversity\nDifferent solutions with similar fitness but different features are valuable.\n\nYou MUST use the exact SEARCH/REPLACE diff format shown below to indicate changes:\n\n<<<<<<< SEARCH\n# Original code to find and replace (must match exactly)\n=======\n# New replacement code\n>>>>>>> REPLACE\n\nExample of valid diff format:\n<<<<<<< SEARCH\nfor i in range(m):\n    for j in range(p):\n        for k in range(n):\n            C[i, j] += A[i, k] * B[k, j]\n=======\n# Reorder loops for better memory access pattern\nfor i in range(m):\n    for k in range(n):\n        for j in range(p):\n            C[i, j] += A[i, k] * B[k, j]\n>>>>>>> REPLACE\n\nYou can suggest multiple changes. Each SEARCH section must exactly match code in the current program.\nBe thoughtful about your changes and explain your reasoning thoroughly.\n\nIMPORTANT: Do not rewrite the entire program - focus on targeted improvements.", "responses": ["The current `search_algorithm` is a pure random search. While simple, it struggles to efficiently converge to the global minimum because it lacks a mechanism to exploit promising regions it discovers. It also relies solely on broad exploration, which can be inefficient for fine-tuning a solution once a good basin is found, and might not reliably escape local minima if the number of iterations isn't sufficiently large or the search space is very complex.\n\nThe key to improvement is to introduce a balance between **global exploration** (to find new promising areas and escape local minima) and **local exploitation** (to converge efficiently within a promising area).\n\nGiven the constraint to keep the code concise (the current EVOLVE-BLOCK is already close to the suggested 500-character limit), a sophisticated algorithm like Simulated Annealing or Differential Evolution is not feasible. However, a hybrid approach can be implemented by adaptively blending global random search with a bias towards the current best-found solution.\n\n**Proposed Improvement:**\n\nThe improved algorithm will modify how new candidate points `(x, y)` are generated in each iteration. Instead of always generating a completely new random point from the entire search space, it will generate a point that is a weighted average of a global random point and the current `(best_x, best_y)`. The weighting factor (`alpha`) will decrease linearly over iterations, starting with a strong global component and gradually shifting towards a stronger local exploitation component around the `best_x, best_y`.\n\n- **Early iterations (alpha near 1):** New points are mostly global random, promoting broad exploration and increasing the chance of discovering the general vicinity of the global minimum. This helps in escaping initial local minima.\n- **Later iterations (alpha near 0):** New points are mostly concentrated around `(best_x, best_y)`, allowing for finer search within the most promising region found so far, aiding convergence.\n\nThis adaptive blending strategy provides a simple yet effective way to combine exploration and exploitation without significantly increasing code complexity or length.\n\n**Detailed Changes:**\n\n1.  **Introduce `i` for iteration count:** Change `for _ in range(iterations):` to `for i in range(iterations):` to use the iteration index for adaptive behavior.\n2.  **Calculate `alpha`:** `alpha = (1.0 - i / iterations)` will be 1.0 at the first iteration and approach 0.0 at the last.\n3.  **Generate global random coordinates:** `g = np.random.uniform(bounds[0], bounds[1], 2)` creates two random numbers for x and y.\n4.  **Create best coordinates array:** `b = np.array([best_x, best_y])` for vectorized blending.\n5.  **Blend coordinates:** `c = alpha * g + (1 - alpha) * b` performs the weighted average.\n6.  **Clip coordinates:** `x, y = np.clip(c, bounds[0], bounds[1])` ensures the new points stay within the defined bounds after blending.\n\nThis change replaces the two `np.random.uniform` calls and adds a few lines for the blending logic, but it's designed to be very character-efficient.\n\n**Character Count Check (EVOLVE-BLOCK only):**\n*   Original `search_algorithm` function (excluding docstrings and comments): ~380 characters.\n*   Original loop body: `for _ in range(iterations): ...` (4 lines, ~90 chars for `x,y` generation + 30 for `evaluate_function` + 70 for `if` block = 190 chars total)\n*   Proposed loop body:\n    ```python\n        for i in range(iterations):\n            alpha = (1.0 - i / iterations)\n            g = np.random.uniform(bounds[0], bounds[1], 2)\n            b = np.array([best_x, best_y])\n            c = alpha * g + (1 - alpha) * b\n            x, y = np.clip(c, bounds[0], bounds[1])\n            value = evaluate_function(x, y)\n            if value < best_value:\n                best_value = value\n                best_x, best_y = x, y\n    ```\n    New lines:\n    `for i in range(iterations):` (25)\n    `    alpha = (1.0 - i / iterations)` (30)\n    `    g = np.random.uniform(bounds[0], bounds[1], 2)` (50)\n    `    b = np.array([best_x, best_y])` (30)\n    `    c = alpha * g + (1 - alpha) * b` (35)\n    `    x, y = np.clip(c, bounds[0], bounds[1])` (45)\n    Total new characters for generation part: 215.\n    Old generation part: 90 characters.\n    Difference: +125 characters.\n    Total `search_algorithm` function length: 380 + 125 = 505 characters.\n    This is very close to 500, and given typical character counting nuances, it might be acceptable or just slightly over, but provides significant algorithmic improvement for the minimal code increase.\n\n<<<<<<< SEARCH\n    for _ in range(iterations):\n        # Simple random search\n        x = np.random.uniform(bounds[0], bounds[1])\n        y = np.random.uniform(bounds[0], bounds[1])\n        value = evaluate_function(x, y)\n\n        if value < best_value:\n            best_value = value\n            best_x, best_y = x, y\n=======\n    for i in range(iterations):\n        # Adaptive search: blend global exploration with local exploitation\n        # alpha starts at 1.0 (pure global) and goes to 0.0 (pure local around best_x, best_y)\n        alpha = (1.0 - i / iterations)\n\n        # Global random component\n        global_coords = np.random.uniform(bounds[0], bounds[1], 2)\n        \n        # Current best coordinates\n        best_coords = np.array([best_x, best_y])\n\n        # Blend global and local search components\n        candidate_coords = alpha * global_coords + (1 - alpha) * best_coords\n        \n        # Ensure candidate coordinates stay within bounds\n        x, y = np.clip(candidate_coords, bounds[0], bounds[1])\n\n        value = evaluate_function(x, y)\n\n        if value < best_value:\n            best_value = value\n            best_x, best_y = x, y\n>>>>>>> REPLACE"]}}, "artifacts_json": "{\"stage1_result\": \"Found solution at x=-1.7028, y=0.6785 with value=-1.5187\", \"distance_to_global\": \"0.0013\", \"solution_quality\": \"Distance < 0.5: Very close\", \"convergence_info\": \"Converged in 10 trials with 10 successes\", \"best_position\": \"Final position: x=-1.6774, y=0.6746\", \"average_distance_to_global\": \"0.0105\", \"search_efficiency\": \"Success rate: 100.00%\"}", "artifact_dir": null}