{"id": "5669d59c-fdb1-4f01-9d87-3fe2e6d8cee1", "code": "# EVOLVE-BLOCK-START\n\"\"\"Function minimization example for OpenEvolve\"\"\"\nimport numpy as np\n\n\ndef search_algorithm(iterations=1000, bounds=(-5, 5)):\n    \"\"\"\n    Hybrid search combining global random exploration with local exploitation,\n    adapting search radius and global jump probability over iterations to escape local minima.\n    \"\"\"\n    # Initialize with a random point\n    best_x = np.random.uniform(bounds[0], bounds[1])\n    best_y = np.random.uniform(bounds[0], bounds[1])\n    best_value = evaluate_function(best_x, best_y)\n\n    search_range = bounds[1] - bounds[0]\n    \n    for i in range(iterations):\n        # Local search parameters: radius shrinks over iterations\n        local_radius_factor = 0.1 # Max local search radius is 10% of total search_range\n        min_local_radius = 1e-6 # Ensure radius never becomes zero\n        current_local_radius = search_range * local_radius_factor * (1 - i / iterations)\n        current_local_radius = max(current_local_radius, min_local_radius)\n        \n        # Global jump probability: decreases from 60% to 10% over iterations\n        global_jump_prob = 0.5 * (1 - i / iterations) + 0.1 \n\n        if np.random.rand() < global_jump_prob:\n            # Global random search (exploration)\n            x = np.random.uniform(bounds[0], bounds[1])\n            y = np.random.uniform(bounds[0], bounds[1])\n        else:\n            # Local perturbation around current best (exploitation)\n            x = best_x + np.random.uniform(-current_local_radius, current_local_radius)\n            y = best_y + np.random.uniform(-current_local_radius, current_local_radius)\n            \n            # Ensure points stay within bounds\n            x = np.clip(x, bounds[0], bounds[1])\n            y = np.clip(y, bounds[0], bounds[1])\n\n        value = evaluate_function(x, y)\n\n        if value < best_value:\n            best_value = value\n            best_x, best_y = x, y\n\n    return best_x, best_y, best_value\n\n\n# EVOLVE-BLOCK-END\n\n\n# This part remains fixed (not evolved)\ndef evaluate_function(x, y):\n    \"\"\"The complex function we're trying to minimize\"\"\"\n    return np.sin(x) * np.cos(y) + np.sin(x * y) + (x**2 + y**2) / 20\n\n\ndef run_search():\n    x, y, value = search_algorithm()\n    return x, y, value\n\n\nif __name__ == \"__main__\":\n    x, y, value = run_search()\n    print(f\"Found minimum at ({x}, {y}) with value {value}\")\n", "language": "python", "parent_id": "91219a92-72c0-4e91-b51f-c3834b9446e8", "generation": 1, "timestamp": 1759267843.3663502, "iteration_found": 4, "metrics": {"runs_successfully": 1.0, "value_score": 0.9996823709336047, "distance_score": 0.9979811252005304, "combined_score": 1.498853284540442, "reliability_score": 1.0}, "complexity": 0.0, "diversity": 0.0, "metadata": {"changes": "Change 1: Replace 10 lines with 4 lines\nChange 2: Replace 16 lines with 37 lines", "parent_metrics": {"runs_successfully": 1.0, "value_score": 0.9417587299889709, "distance_score": 0.7565915427363771, "combined_score": 1.2147685971231066}, "island": 0}, "prompts": {"diff_user": {"system": "You are an expert programmer specializing in optimization algorithms. Your task is to improve a function minimization algorithm to find the global minimum of a complex function with many local minima. The function is f(x, y) = sin(x) * cos(y) + sin(x*y) + (x^2 + y^2)/20. Focus on improving the search_algorithm function to reliably find the global minimum, escaping local minima that might trap simple algorithms.", "user": "# Current Program Information\n- Fitness: 1.2148\n- Feature coordinates: No feature coordinates\n- Focus areas: - Fitness unchanged at 1.2148\n- Consider simplifying - code length exceeds 500 characters\n\n\n\n# Program Evolution History\n## Previous Attempts\n\n### Attempt 1\n- Changes: Unknown changes\n- Metrics: runs_successfully: 1.0000, value_score: 0.9418, distance_score: 0.7566, combined_score: 1.2148\n- Outcome: Improvement in all metrics\n\n## Top Performing Programs\n\n### Program 1 (Score: 1.2148)\n```python\n# EVOLVE-BLOCK-START\n\"\"\"Function minimization example for OpenEvolve\"\"\"\nimport numpy as np\n\n\ndef search_algorithm(iterations=1000, bounds=(-5, 5)):\n    \"\"\"\n    A simple random search algorithm that often gets stuck in local minima.\n\n    Args:\n        iterations: Number of iterations to run\n        bounds: Bounds for the search space (min, max)\n\n    Returns:\n        Tuple of (best_x, best_y, best_value)\n    \"\"\"\n    # Initialize with a random point\n    best_x = np.random.uniform(bounds[0], bounds[1])\n    best_y = np.random.uniform(bounds[0], bounds[1])\n    best_value = evaluate_function(best_x, best_y)\n\n    for _ in range(iterations):\n        # Simple random search\n        x = np.random.uniform(bounds[0], bounds[1])\n        y = np.random.uniform(bounds[0], bounds[1])\n        value = evaluate_function(x, y)\n\n        if value < best_value:\n            best_value = value\n            best_x, best_y = x, y\n\n    return best_x, best_y, best_value\n\n\n# EVOLVE-BLOCK-END\n\n\n# This part remains fixed (not evolved)\ndef evaluate_function(x, y):\n    \"\"\"The complex function we're trying to minimize\"\"\"\n    return np.sin(x) * np.cos(y) + np.sin(x * y) + (x**2 + y**2) / 20\n\n\ndef run_search():\n    x, y, value = search_algorithm()\n    return x, y, value\n\n\nif __name__ == \"__main__\":\n    x, y, value = run_search()\n    print(f\"Found minimum at ({x}, {y}) with value {value}\")\n\n```\nKey features: Performs well on runs_successfully (1.0000), Performs well on value_score (0.9418), Performs well on distance_score (0.7566), Performs well on combined_score (1.2148)\n\n\n\n# Current Program\n```python\n# EVOLVE-BLOCK-START\n\"\"\"Function minimization example for OpenEvolve\"\"\"\nimport numpy as np\n\n\ndef search_algorithm(iterations=1000, bounds=(-5, 5)):\n    \"\"\"\n    A simple random search algorithm that often gets stuck in local minima.\n\n    Args:\n        iterations: Number of iterations to run\n        bounds: Bounds for the search space (min, max)\n\n    Returns:\n        Tuple of (best_x, best_y, best_value)\n    \"\"\"\n    # Initialize with a random point\n    best_x = np.random.uniform(bounds[0], bounds[1])\n    best_y = np.random.uniform(bounds[0], bounds[1])\n    best_value = evaluate_function(best_x, best_y)\n\n    for _ in range(iterations):\n        # Simple random search\n        x = np.random.uniform(bounds[0], bounds[1])\n        y = np.random.uniform(bounds[0], bounds[1])\n        value = evaluate_function(x, y)\n\n        if value < best_value:\n            best_value = value\n            best_x, best_y = x, y\n\n    return best_x, best_y, best_value\n\n\n# EVOLVE-BLOCK-END\n\n\n# This part remains fixed (not evolved)\ndef evaluate_function(x, y):\n    \"\"\"The complex function we're trying to minimize\"\"\"\n    return np.sin(x) * np.cos(y) + np.sin(x * y) + (x**2 + y**2) / 20\n\n\ndef run_search():\n    x, y, value = search_algorithm()\n    return x, y, value\n\n\nif __name__ == \"__main__\":\n    x, y, value = run_search()\n    print(f\"Found minimum at ({x}, {y}) with value {value}\")\n\n```\n\n# Task\nSuggest improvements to the program that will improve its FITNESS SCORE.\nThe system maintains diversity across these dimensions: complexity, diversity\nDifferent solutions with similar fitness but different features are valuable.\n\nYou MUST use the exact SEARCH/REPLACE diff format shown below to indicate changes:\n\n<<<<<<< SEARCH\n# Original code to find and replace (must match exactly)\n=======\n# New replacement code\n>>>>>>> REPLACE\n\nExample of valid diff format:\n<<<<<<< SEARCH\nfor i in range(m):\n    for j in range(p):\n        for k in range(n):\n            C[i, j] += A[i, k] * B[k, j]\n=======\n# Reorder loops for better memory access pattern\nfor i in range(m):\n    for k in range(n):\n        for j in range(p):\n            C[i, j] += A[i, k] * B[k, j]\n>>>>>>> REPLACE\n\nYou can suggest multiple changes. Each SEARCH section must exactly match code in the current program.\nBe thoughtful about your changes and explain your reasoning thoroughly.\n\nIMPORTANT: Do not rewrite the entire program - focus on targeted improvements.", "responses": ["The current `search_algorithm` is a simple random search. It explores the search space by picking random points and only updates its `best_value` if a new, better point is found. This approach is prone to getting stuck in local minima, as it has no mechanism to explore promising regions more thoroughly or to escape suboptimal basins of attraction. The function `f(x, y)` is multimodal, meaning it has many local minima.\n\nTo reliably find the global minimum, the algorithm needs to balance global exploration (searching widely) with local exploitation (refining the search in promising areas) and have a mechanism to escape local minima.\n\nMy proposed improvement implements a hybrid strategy:\n1.  **Adaptive Global/Local Search**: In each iteration, the algorithm probabilistically decides whether to perform a global random jump (exploration) or a local perturbation around the current best solution (exploitation). The probability of a global jump decreases over iterations, favoring local search as the algorithm progresses.\n2.  **Adaptive Local Search Radius**: The step size for local perturbations shrinks over iterations. This allows for broader exploration initially and finer-grained search as the algorithm converges, similar to a simplified annealing schedule.\n3.  **Enhanced Exploitation**: By focusing local perturbations around the `best_x, best_y` found so far, the algorithm can more effectively exploit promising regions.\n\nThis hybrid approach makes the search more robust against local minima while still efficiently exploring the search space.\n\nI will provide two diff blocks:\n1.  A change to the docstring of the `search_algorithm` function to reflect its improved nature.\n2.  The core algorithmic changes within the `search_algorithm` function.\n\nWhile the proposed changes increase the code length slightly, the primary goal is to improve the FITNESS SCORE by making the algorithm more effective at finding the global minimum. The original `EVOLVE-BLOCK` already exceeds 500 characters, so a moderate increase for significant algorithmic improvement is justified.\n\n<<<<<<< SEARCH\n    \"\"\"\n    A simple random search algorithm that often gets stuck in local minima.\n\n    Args:\n        iterations: Number of iterations to run\n        bounds: Bounds for the search space (min, max)\n\n    Returns:\n        Tuple of (best_x, best_y, best_value)\n    \"\"\"\n=======\n    \"\"\"\n    Hybrid search combining global random exploration with local exploitation,\n    adapting search radius and global jump probability over iterations to escape local minima.\n    \"\"\"\n>>>>>>> REPLACE\n<<<<<<< SEARCH\n    # Initialize with a random point\n    best_x = np.random.uniform(bounds[0], bounds[1])\n    best_y = np.random.uniform(bounds[0], bounds[1])\n    best_value = evaluate_function(best_x, best_y)\n\n    for _ in range(iterations):\n        # Simple random search\n        x = np.random.uniform(bounds[0], bounds[1])\n        y = np.random.uniform(bounds[0], bounds[1])\n        value = evaluate_function(x, y)\n\n        if value < best_value:\n            best_value = value\n            best_x, best_y = x, y\n\n    return best_x, best_y, best_value\n=======\n    # Initialize with a random point\n    best_x = np.random.uniform(bounds[0], bounds[1])\n    best_y = np.random.uniform(bounds[0], bounds[1])\n    best_value = evaluate_function(best_x, best_y)\n\n    search_range = bounds[1] - bounds[0]\n    \n    for i in range(iterations):\n        # Local search parameters: radius shrinks over iterations\n        local_radius_factor = 0.1 # Max local search radius is 10% of total search_range\n        min_local_radius = 1e-6 # Ensure radius never becomes zero\n        current_local_radius = search_range * local_radius_factor * (1 - i / iterations)\n        current_local_radius = max(current_local_radius, min_local_radius)\n        \n        # Global jump probability: decreases from 60% to 10% over iterations\n        global_jump_prob = 0.5 * (1 - i / iterations) + 0.1 \n\n        if np.random.rand() < global_jump_prob:\n            # Global random search (exploration)\n            x = np.random.uniform(bounds[0], bounds[1])\n            y = np.random.uniform(bounds[0], bounds[1])\n        else:\n            # Local perturbation around current best (exploitation)\n            x = best_x + np.random.uniform(-current_local_radius, current_local_radius)\n            y = best_y + np.random.uniform(-current_local_radius, current_local_radius)\n            \n            # Ensure points stay within bounds\n            x = np.clip(x, bounds[0], bounds[1])\n            y = np.clip(y, bounds[0], bounds[1])\n\n        value = evaluate_function(x, y)\n\n        if value < best_value:\n            best_value = value\n            best_x, best_y = x, y\n\n    return best_x, best_y, best_value\n>>>>>>> REPLACE"]}}, "artifacts_json": "{\"stage1_result\": \"Found solution at x=-1.7041, y=0.6768 with value=-1.5187\", \"distance_to_global\": \"0.0012\", \"solution_quality\": \"Distance < 0.5: Very close\", \"convergence_info\": \"Converged in 10 trials with 10 successes\", \"best_position\": \"Final position: x=-1.7045, y=0.6767\", \"average_distance_to_global\": \"0.0020\", \"search_efficiency\": \"Success rate: 100.00%\"}", "artifact_dir": null}