{"id": "5acf1bca-40d7-4b3a-8ab9-3e52f0375ec2", "code": "# EVOLVE-BLOCK-START\n\"\"\"Function minimization example for OpenEvolve\"\"\"\nimport numpy as np\n\n\ndef search_algorithm(iterations=1000, bounds=(-5, 5)):\n    \"\"\"\n    A simple random search algorithm that often gets stuck in local minima.\n\n    Args:\n        iterations: Number of iterations to run\n        bounds: Bounds for the search space (min, max)\n\n    Returns:\n        Tuple of (best_x, best_y, best_value)\n    \"\"\"\n    # Initialize with a random point for both current and best\n    current_x = np.random.uniform(bounds[0], bounds[1])\n    current_y = np.random.uniform(bounds[0], bounds[1])\n    current_value = evaluate_function(current_x, current_y)\n\n    best_x, best_y, best_value = current_x, current_y, current_value\n\n    # Simulated Annealing parameters\n    temperature = 1.0  # Initial temperature, adjusted based on function value scale\n    cooling_rate = 0.99  # How fast temperature decreases\n    step_range = (bounds[1] - bounds[0]) # Total range for a dimension\n\n    for i in range(iterations):\n        # Generate a candidate point (neighbor or global jump)\n        if np.random.rand() < 0.1:  # 10% chance of a global jump for broad exploration\n            new_x = np.random.uniform(bounds[0], bounds[1])\n            new_y = np.random.uniform(bounds[0], bounds[1])\n        else:\n            # Perturb current position, step size scales with temperature\n            # Max step is 10% of the total range, scaled by current temperature\n            step_size = step_range * 0.1 * (temperature / 1.0)\n            new_x = current_x + np.random.uniform(-step_size, step_size)\n            new_y = current_y + np.random.uniform(-step_size, step_size)\n            # Ensure candidate stays within bounds\n            new_x = np.clip(new_x, bounds[0], bounds[1])\n            new_y = np.clip(new_y, bounds[0], bounds[1])\n\n        new_value = evaluate_function(new_x, new_y)\n\n        # Simulated Annealing acceptance criterion\n        if new_value < current_value:\n            current_x, current_y, current_value = new_x, new_y, new_value\n            if new_value < best_value: # Update global best if a new best is found\n                best_x, best_y, best_value = new_x, new_y, new_value\n        elif temperature > 0: # Avoid division by zero\n            # Accept worse solution with a probability (Metropolis criterion)\n            acceptance_probability = np.exp((current_value - new_value) / temperature)\n            if np.random.rand() < acceptance_probability:\n                current_x, current_y, current_value = new_x, new_y, new_value\n\n        # Cool down the temperature\n        temperature *= cooling_rate\n        if temperature < 1e-6: # Set a floor for temperature to prevent it from becoming too small\n            temperature = 1e-6\n\n    return best_x, best_y, best_value\n\n\n# EVOLVE-BLOCK-END\n\n\n# This part remains fixed (not evolved)\ndef evaluate_function(x, y):\n    \"\"\"The complex function we're trying to minimize\"\"\"\n    return np.sin(x) * np.cos(y) + np.sin(x * y) + (x**2 + y**2) / 20\n\n\ndef run_search():\n    x, y, value = search_algorithm()\n    return x, y, value\n\n\nif __name__ == \"__main__\":\n    x, y, value = run_search()\n    print(f\"Found minimum at ({x}, {y}) with value {value}\")\n", "language": "python", "parent_id": "8063f6f8-81b7-494b-84f9-f2d42690ba5f", "generation": 1, "timestamp": 1759151674.7867615, "iteration_found": 6, "metrics": {"runs_successfully": 1.0, "value_score": 0.9781256696233198, "distance_score": 0.5446690919569102, "combined_score": 1.0229562748784795, "reliability_score": 1.0}, "complexity": 0.0, "diversity": 0.0, "metadata": {"changes": "Change 1: Replace 16 lines with 46 lines", "parent_metrics": {"runs_successfully": 1.0, "value_score": 0.9417587299889709, "distance_score": 0.7565915427363771, "combined_score": 1.2147685971231066}, "island": 0}, "prompts": {"diff_user": {"system": "You are an expert programmer specializing in optimization algorithms. Your task is to improve a function minimization algorithm to find the global minimum of a complex function with many local minima. The function is f(x, y) = sin(x) * cos(y) + sin(x*y) + (x^2 + y^2)/20. Focus on improving the search_algorithm function to reliably find the global minimum, escaping local minima that might trap simple algorithms.", "user": "# Current Program Information\n- Fitness: 1.2148\n- Feature coordinates: No feature coordinates\n- Focus areas: - Fitness unchanged at 1.2148\n- Consider simplifying - code length exceeds 500 characters\n\n\n\n# Program Evolution History\n## Previous Attempts\n\n### Attempt 1\n- Changes: Unknown changes\n- Metrics: runs_successfully: 1.0000, value_score: 0.9418, distance_score: 0.7566, combined_score: 1.2148\n- Outcome: Improvement in all metrics\n\n## Top Performing Programs\n\n### Program 1 (Score: 1.2148)\n```python\n# EVOLVE-BLOCK-START\n\"\"\"Function minimization example for OpenEvolve\"\"\"\nimport numpy as np\n\n\ndef search_algorithm(iterations=1000, bounds=(-5, 5)):\n    \"\"\"\n    A simple random search algorithm that often gets stuck in local minima.\n\n    Args:\n        iterations: Number of iterations to run\n        bounds: Bounds for the search space (min, max)\n\n    Returns:\n        Tuple of (best_x, best_y, best_value)\n    \"\"\"\n    # Initialize with a random point\n    best_x = np.random.uniform(bounds[0], bounds[1])\n    best_y = np.random.uniform(bounds[0], bounds[1])\n    best_value = evaluate_function(best_x, best_y)\n\n    for _ in range(iterations):\n        # Simple random search\n        x = np.random.uniform(bounds[0], bounds[1])\n        y = np.random.uniform(bounds[0], bounds[1])\n        value = evaluate_function(x, y)\n\n        if value < best_value:\n            best_value = value\n            best_x, best_y = x, y\n\n    return best_x, best_y, best_value\n\n\n# EVOLVE-BLOCK-END\n\n\n# This part remains fixed (not evolved)\ndef evaluate_function(x, y):\n    \"\"\"The complex function we're trying to minimize\"\"\"\n    return np.sin(x) * np.cos(y) + np.sin(x * y) + (x**2 + y**2) / 20\n\n\ndef run_search():\n    x, y, value = search_algorithm()\n    return x, y, value\n\n\nif __name__ == \"__main__\":\n    x, y, value = run_search()\n    print(f\"Found minimum at ({x}, {y}) with value {value}\")\n\n```\nKey features: Performs well on runs_successfully (1.0000), Performs well on value_score (0.9418), Performs well on distance_score (0.7566), Performs well on combined_score (1.2148)\n\n\n\n# Current Program\n```python\n# EVOLVE-BLOCK-START\n\"\"\"Function minimization example for OpenEvolve\"\"\"\nimport numpy as np\n\n\ndef search_algorithm(iterations=1000, bounds=(-5, 5)):\n    \"\"\"\n    A simple random search algorithm that often gets stuck in local minima.\n\n    Args:\n        iterations: Number of iterations to run\n        bounds: Bounds for the search space (min, max)\n\n    Returns:\n        Tuple of (best_x, best_y, best_value)\n    \"\"\"\n    # Initialize with a random point\n    best_x = np.random.uniform(bounds[0], bounds[1])\n    best_y = np.random.uniform(bounds[0], bounds[1])\n    best_value = evaluate_function(best_x, best_y)\n\n    for _ in range(iterations):\n        # Simple random search\n        x = np.random.uniform(bounds[0], bounds[1])\n        y = np.random.uniform(bounds[0], bounds[1])\n        value = evaluate_function(x, y)\n\n        if value < best_value:\n            best_value = value\n            best_x, best_y = x, y\n\n    return best_x, best_y, best_value\n\n\n# EVOLVE-BLOCK-END\n\n\n# This part remains fixed (not evolved)\ndef evaluate_function(x, y):\n    \"\"\"The complex function we're trying to minimize\"\"\"\n    return np.sin(x) * np.cos(y) + np.sin(x * y) + (x**2 + y**2) / 20\n\n\ndef run_search():\n    x, y, value = search_algorithm()\n    return x, y, value\n\n\nif __name__ == \"__main__\":\n    x, y, value = run_search()\n    print(f\"Found minimum at ({x}, {y}) with value {value}\")\n\n```\n\n# Task\nSuggest improvements to the program that will improve its FITNESS SCORE.\nThe system maintains diversity across these dimensions: complexity, diversity\nDifferent solutions with similar fitness but different features are valuable.\n\nYou MUST use the exact SEARCH/REPLACE diff format shown below to indicate changes:\n\n<<<<<<< SEARCH\n# Original code to find and replace (must match exactly)\n=======\n# New replacement code\n>>>>>>> REPLACE\n\nExample of valid diff format:\n<<<<<<< SEARCH\nfor i in range(m):\n    for j in range(p):\n        for k in range(n):\n            C[i, j] += A[i, k] * B[k, j]\n=======\n# Reorder loops for better memory access pattern\nfor i in range(m):\n    for k in range(n):\n        for j in range(p):\n            C[i, j] += A[i, k] * B[k, j]\n>>>>>>> REPLACE\n\nYou can suggest multiple changes. Each SEARCH section must exactly match code in the current program.\nBe thoughtful about your changes and explain your reasoning thoroughly.\n\nIMPORTANT: Do not rewrite the entire program - focus on targeted improvements.", "responses": ["The current `search_algorithm` is a simple random search, which is explicitly stated to \"often get stuck in local minima\". To reliably find the global minimum of a complex function like `f(x, y) = sin(x) * cos(y) + sin(x*y) + (x^2 + y^2)/20`, a more sophisticated optimization algorithm is needed.\n\nThe proposed improvement replaces the simple random search with a Simulated Annealing (SA) inspired approach. Simulated Annealing is a metaheuristic that allows the algorithm to escape local minima by occasionally accepting worse solutions, with a probability that decreases over time (temperature cooling). This balances exploration of the search space with exploitation of promising regions.\n\nKey changes and their benefits:\n1.  **Current vs. Best State:** The algorithm now maintains both a `current_x, current_y, current_value` (which can move to worse positions to explore) and a `best_x, best_y, best_value` (which always tracks the lowest value found so far).\n2.  **Temperature Scheduling:** An `initial temperature` and a `cooling_rate` are introduced. The temperature decreases over iterations, gradually reducing the probability of accepting worse solutions and the magnitude of local steps.\n3.  **Hybrid Step Generation:**\n    *   **Local Perturbation:** Most of the time, new candidate points (`new_x, new_y`) are generated by perturbing the `current_x, current_y` with a step size that scales with the current temperature. This allows for fine-grained local search.\n    *   **Global Jump:** A small probability (10%) is introduced for generating a completely random point within the bounds. This ensures global exploration even when the temperature is low, preventing the algorithm from getting permanently stuck in a very deep but non-global local minimum.\n4.  **Metropolis Acceptance Criterion:** A new solution is always accepted if it's better than the current one. If it's worse, it's accepted with a probability `exp((current_value - new_value) / temperature)`. This allows the algorithm to \"climb out\" of local minima early in the search when the temperature is high.\n5.  **Bounds Clipping:** `np.clip` is used to ensure that perturbed points remain within the defined search `bounds`.\n6.  **Temperature Floor:** A minimum temperature (`1e-6`) is set to prevent division by zero and ensure the algorithm doesn't completely stop exploring due to an extremely small `temperature`.\n\nThis approach significantly enhances the algorithm's ability to escape local minima and find the global minimum more reliably compared to a pure random search. While it increases the code complexity, it directly addresses the core problem of robust global optimization.\n\n<<<<<<< SEARCH\n    # Initialize with a random point\n    best_x = np.random.uniform(bounds[0], bounds[1])\n    best_y = np.random.uniform(bounds[0], bounds[1])\n    best_value = evaluate_function(best_x, best_y)\n\n    for _ in range(iterations):\n        # Simple random search\n        x = np.random.uniform(bounds[0], bounds[1])\n        y = np.random.uniform(bounds[0], bounds[1])\n        value = evaluate_function(x, y)\n\n        if value < best_value:\n            best_value = value\n            best_x, best_y = x, y\n\n    return best_x, best_y, best_value\n=======\n    # Initialize with a random point for both current and best\n    current_x = np.random.uniform(bounds[0], bounds[1])\n    current_y = np.random.uniform(bounds[0], bounds[1])\n    current_value = evaluate_function(current_x, current_y)\n\n    best_x, best_y, best_value = current_x, current_y, current_value\n\n    # Simulated Annealing parameters\n    temperature = 1.0  # Initial temperature, adjusted based on function value scale\n    cooling_rate = 0.99  # How fast temperature decreases\n    step_range = (bounds[1] - bounds[0]) # Total range for a dimension\n\n    for i in range(iterations):\n        # Generate a candidate point (neighbor or global jump)\n        if np.random.rand() < 0.1:  # 10% chance of a global jump for broad exploration\n            new_x = np.random.uniform(bounds[0], bounds[1])\n            new_y = np.random.uniform(bounds[0], bounds[1])\n        else:\n            # Perturb current position, step size scales with temperature\n            # Max step is 10% of the total range, scaled by current temperature\n            step_size = step_range * 0.1 * (temperature / 1.0)\n            new_x = current_x + np.random.uniform(-step_size, step_size)\n            new_y = current_y + np.random.uniform(-step_size, step_size)\n            # Ensure candidate stays within bounds\n            new_x = np.clip(new_x, bounds[0], bounds[1])\n            new_y = np.clip(new_y, bounds[0], bounds[1])\n\n        new_value = evaluate_function(new_x, new_y)\n\n        # Simulated Annealing acceptance criterion\n        if new_value < current_value:\n            current_x, current_y, current_value = new_x, new_y, new_value\n            if new_value < best_value: # Update global best if a new best is found\n                best_x, best_y, best_value = new_x, new_y, new_value\n        elif temperature > 0: # Avoid division by zero\n            # Accept worse solution with a probability (Metropolis criterion)\n            acceptance_probability = np.exp((current_value - new_value) / temperature)\n            if np.random.rand() < acceptance_probability:\n                current_x, current_y, current_value = new_x, new_y, new_value\n\n        # Cool down the temperature\n        temperature *= cooling_rate\n        if temperature < 1e-6: # Set a floor for temperature to prevent it from becoming too small\n            temperature = 1e-6\n\n    return best_x, best_y, best_value\n>>>>>>> REPLACE"]}}, "artifacts_json": "{\"stage1_result\": \"Found solution at x=-1.7293, y=0.7259 with value=-1.5133\", \"distance_to_global\": \"0.0542\", \"solution_quality\": \"Distance < 0.5: Very close\", \"convergence_info\": \"Converged in 10 trials with 10 successes\", \"best_position\": \"Final position: x=1.5830, y=2.9529\", \"average_distance_to_global\": \"0.8360\", \"search_efficiency\": \"Success rate: 100.00%\"}", "artifact_dir": null}