{"id": "ac2aa837-0bc3-4ca3-96e8-b39e5bdde730", "code": "# EVOLVE-BLOCK-START\n\"\"\"Function minimization example for OpenEvolve\"\"\"\nimport numpy as np\n\n\ndef search_algorithm(iterations=1000, bounds=(-5, 5)):\n    \"\"\"\n    A simple random search algorithm that often gets stuck in local minima.\n\n    Args:\n        iterations: Number of iterations to run\n        bounds: Bounds for the search space (min, max)\n\n    Returns:\n        Tuple of (best_x, best_y, best_value)\n    \"\"\"\n    lower_bound, upper_bound = bounds\n    \n    # Initialize current and best solution with a random point\n    current_x = np.random.uniform(lower_bound, upper_bound)\n    current_y = np.random.uniform(lower_bound, upper_bound)\n    current_value = evaluate_function(current_x, current_y)\n\n    # The overall best solution found\n    best_x, best_y, best_value = current_x, current_y, current_value\n\n    # Simulated Annealing parameters\n    initial_temperature = 1.0\n    cooling_rate = 0.995  # Slower cooling to allow more exploration for longer\n    \n    # Initial step scale for perturbations, proportional to search space range\n    initial_step_scale = (upper_bound - lower_bound) / 10.0 \n    \n    for i in range(iterations):\n        # Decrease temperature over iterations\n        temperature = initial_temperature * (cooling_rate ** i)\n        # Prevent division by very small numbers in exp() if temperature drops too low\n        if temperature < 1e-10:\n            temperature = 1e-10\n\n        # Adaptive step size for perturbations, scales with temperature\n        step_size = initial_step_scale * (temperature / initial_temperature) \n        \n        # Propose a new point: mostly local perturbation, sometimes a global jump\n        if np.random.rand() < 0.05:  # 5% chance of a global jump for better exploration\n            next_x = np.random.uniform(lower_bound, upper_bound)\n            next_y = np.random.uniform(lower_bound, upper_bound)\n        else:  # 95% chance of a local perturbation around the current point\n            next_x = current_x + np.random.normal(0, step_size)\n            next_y = current_y + np.random.normal(0, step_size)\n            \n            # Ensure new point stays within bounds\n            next_x = np.clip(next_x, lower_bound, upper_bound)\n            next_y = np.clip(next_y, lower_bound, upper_bound)\n\n        next_value = evaluate_function(next_x, next_y)\n\n        # Acceptance criterion (Metropolis-Hastings)\n        if next_value < current_value:\n            # Always accept better solutions\n            current_x, current_y, current_value = next_x, next_y, next_value\n            # Update overall best if current solution is the best found so far\n            if current_value < best_value:\n                best_x, best_y, best_value = current_x, current_y, current_value\n        elif temperature > 0 and np.random.rand() < np.exp(-(next_value - current_value) / temperature):\n            # Accept worse solutions with a probability that decreases with temperature\n            current_x, current_y, current_value = next_x, next_y, current_value\n            # Note: best_value is NOT updated here, as current_value is worse than previous current_value.\n\n    return best_x, best_y, best_value\n\n\n# EVOLVE-BLOCK-END\n\n\n# This part remains fixed (not evolved)\ndef evaluate_function(x, y):\n    \"\"\"The complex function we're trying to minimize\"\"\"\n    return np.sin(x) * np.cos(y) + np.sin(x * y) + (x**2 + y**2) / 20\n\n\ndef run_search():\n    x, y, value = search_algorithm()\n    return x, y, value\n\n\nif __name__ == \"__main__\":\n    x, y, value = run_search()\n    print(f\"Found minimum at ({x}, {y}) with value {value}\")\n", "language": "python", "parent_id": "91219a92-72c0-4e91-b51f-c3834b9446e8", "generation": 1, "timestamp": 1759267751.9259875, "iteration_found": 1, "metrics": {"runs_successfully": 1.0, "value_score": 0.927341850529491, "distance_score": 0.5376243885877694, "combined_score": 0.9899498902092916, "reliability_score": 1.0}, "complexity": 0.0, "diversity": 0.0, "metadata": {"changes": "Change 1: Replace 16 lines with 54 lines", "parent_metrics": {"runs_successfully": 1.0, "value_score": 0.9417587299889709, "distance_score": 0.7565915427363771, "combined_score": 1.2147685971231066}, "island": 0}, "prompts": {"diff_user": {"system": "You are an expert programmer specializing in optimization algorithms. Your task is to improve a function minimization algorithm to find the global minimum of a complex function with many local minima. The function is f(x, y) = sin(x) * cos(y) + sin(x*y) + (x^2 + y^2)/20. Focus on improving the search_algorithm function to reliably find the global minimum, escaping local minima that might trap simple algorithms.", "user": "# Current Program Information\n- Fitness: 1.2148\n- Feature coordinates: No feature coordinates\n- Focus areas: - Fitness unchanged at 1.2148\n- Consider simplifying - code length exceeds 500 characters\n\n\n\n# Program Evolution History\n## Previous Attempts\n\n### Attempt 1\n- Changes: Unknown changes\n- Metrics: runs_successfully: 1.0000, value_score: 0.9418, distance_score: 0.7566, combined_score: 1.2148\n- Outcome: Improvement in all metrics\n\n## Top Performing Programs\n\n### Program 1 (Score: 1.2148)\n```python\n# EVOLVE-BLOCK-START\n\"\"\"Function minimization example for OpenEvolve\"\"\"\nimport numpy as np\n\n\ndef search_algorithm(iterations=1000, bounds=(-5, 5)):\n    \"\"\"\n    A simple random search algorithm that often gets stuck in local minima.\n\n    Args:\n        iterations: Number of iterations to run\n        bounds: Bounds for the search space (min, max)\n\n    Returns:\n        Tuple of (best_x, best_y, best_value)\n    \"\"\"\n    # Initialize with a random point\n    best_x = np.random.uniform(bounds[0], bounds[1])\n    best_y = np.random.uniform(bounds[0], bounds[1])\n    best_value = evaluate_function(best_x, best_y)\n\n    for _ in range(iterations):\n        # Simple random search\n        x = np.random.uniform(bounds[0], bounds[1])\n        y = np.random.uniform(bounds[0], bounds[1])\n        value = evaluate_function(x, y)\n\n        if value < best_value:\n            best_value = value\n            best_x, best_y = x, y\n\n    return best_x, best_y, best_value\n\n\n# EVOLVE-BLOCK-END\n\n\n# This part remains fixed (not evolved)\ndef evaluate_function(x, y):\n    \"\"\"The complex function we're trying to minimize\"\"\"\n    return np.sin(x) * np.cos(y) + np.sin(x * y) + (x**2 + y**2) / 20\n\n\ndef run_search():\n    x, y, value = search_algorithm()\n    return x, y, value\n\n\nif __name__ == \"__main__\":\n    x, y, value = run_search()\n    print(f\"Found minimum at ({x}, {y}) with value {value}\")\n\n```\nKey features: Performs well on runs_successfully (1.0000), Performs well on value_score (0.9418), Performs well on distance_score (0.7566), Performs well on combined_score (1.2148)\n\n\n\n# Current Program\n```python\n# EVOLVE-BLOCK-START\n\"\"\"Function minimization example for OpenEvolve\"\"\"\nimport numpy as np\n\n\ndef search_algorithm(iterations=1000, bounds=(-5, 5)):\n    \"\"\"\n    A simple random search algorithm that often gets stuck in local minima.\n\n    Args:\n        iterations: Number of iterations to run\n        bounds: Bounds for the search space (min, max)\n\n    Returns:\n        Tuple of (best_x, best_y, best_value)\n    \"\"\"\n    # Initialize with a random point\n    best_x = np.random.uniform(bounds[0], bounds[1])\n    best_y = np.random.uniform(bounds[0], bounds[1])\n    best_value = evaluate_function(best_x, best_y)\n\n    for _ in range(iterations):\n        # Simple random search\n        x = np.random.uniform(bounds[0], bounds[1])\n        y = np.random.uniform(bounds[0], bounds[1])\n        value = evaluate_function(x, y)\n\n        if value < best_value:\n            best_value = value\n            best_x, best_y = x, y\n\n    return best_x, best_y, best_value\n\n\n# EVOLVE-BLOCK-END\n\n\n# This part remains fixed (not evolved)\ndef evaluate_function(x, y):\n    \"\"\"The complex function we're trying to minimize\"\"\"\n    return np.sin(x) * np.cos(y) + np.sin(x * y) + (x**2 + y**2) / 20\n\n\ndef run_search():\n    x, y, value = search_algorithm()\n    return x, y, value\n\n\nif __name__ == \"__main__\":\n    x, y, value = run_search()\n    print(f\"Found minimum at ({x}, {y}) with value {value}\")\n\n```\n\n# Task\nSuggest improvements to the program that will improve its FITNESS SCORE.\nThe system maintains diversity across these dimensions: complexity, diversity\nDifferent solutions with similar fitness but different features are valuable.\n\nYou MUST use the exact SEARCH/REPLACE diff format shown below to indicate changes:\n\n<<<<<<< SEARCH\n# Original code to find and replace (must match exactly)\n=======\n# New replacement code\n>>>>>>> REPLACE\n\nExample of valid diff format:\n<<<<<<< SEARCH\nfor i in range(m):\n    for j in range(p):\n        for k in range(n):\n            C[i, j] += A[i, k] * B[k, j]\n=======\n# Reorder loops for better memory access pattern\nfor i in range(m):\n    for k in range(n):\n        for j in range(p):\n            C[i, j] += A[i, k] * B[k, j]\n>>>>>>> REPLACE\n\nYou can suggest multiple changes. Each SEARCH section must exactly match code in the current program.\nBe thoughtful about your changes and explain your reasoning thoroughly.\n\nIMPORTANT: Do not rewrite the entire program - focus on targeted improvements.", "responses": ["The current `search_algorithm` employs a simple random search, which is highly prone to getting trapped in local minima, especially for complex functions like `f(x, y) = sin(x) * cos(y) + sin(x*y) + (x^2 + y^2)/20` that exhibit numerous oscillations. The `(x^2 + y^2)/20` term pulls the global minimum towards the origin, while the sine and cosine terms create many local valleys. The reported fitness of 1.2148 suggests the current algorithm is not reliably finding low negative values, which are characteristic of the global minimum for this function.\n\nTo address this, I propose replacing the simple random search with a **Simulated Annealing (SA)** algorithm. Simulated Annealing is a metaheuristic for global optimization that is designed to escape local minima by allowing the search to occasionally accept \"worse\" solutions with a probability that decreases over time (controlled by a \"temperature\" parameter). This balance between exploration (accepting worse solutions) and exploitation (moving towards better solutions) makes it effective for finding global optima in multimodal landscapes.\n\nKey improvements of the proposed Simulated Annealing approach:\n1.  **Escape Local Minima:** By allowing uphill moves (acceptance of worse solutions) with a decreasing probability, SA can effectively jump out of local minima and explore other regions of the search space.\n2.  **Adaptive Exploration/Exploitation:**\n    *   **Temperature (T):** Starts high, allowing more exploration (more frequent acceptance of worse solutions and larger step sizes). It gradually decreases, leading to more exploitation (focusing on local improvements).\n    *   **Step Size:** The perturbation size for proposing new points is scaled by the temperature, allowing for larger jumps early on and finer adjustments later.\n    *   **Hybrid Proposal:** A small probability of a global random jump is retained to ensure continuous broad exploration, complementing the local perturbations.\n3.  **Current vs. Best Solution:** The algorithm maintains both a `current_x, current_y` (which moves around the search space) and a `best_x, best_y` (which tracks the best solution found so far).\n\nThis change will lead to a more robust and reliable search for the global minimum, significantly improving the `value_score` and thus the overall `FITNESS SCORE`. While the code length within the `EVOLVE-BLOCK` will increase, this complexity is necessary to overcome the limitations of the simple random search for this type of problem, and it directly addresses the problem statement's focus on \"escaping local minima\".\n\n<<<<<<< SEARCH\n    # Initialize with a random point\n    best_x = np.random.uniform(bounds[0], bounds[1])\n    best_y = np.random.uniform(bounds[0], bounds[1])\n    best_value = evaluate_function(best_x, best_y)\n\n    for _ in range(iterations):\n        # Simple random search\n        x = np.random.uniform(bounds[0], bounds[1])\n        y = np.random.uniform(bounds[0], bounds[1])\n        value = evaluate_function(x, y)\n\n        if value < best_value:\n            best_value = value\n            best_x, best_y = x, y\n\n    return best_x, best_y, best_value\n=======\n    lower_bound, upper_bound = bounds\n    \n    # Initialize current and best solution with a random point\n    current_x = np.random.uniform(lower_bound, upper_bound)\n    current_y = np.random.uniform(lower_bound, upper_bound)\n    current_value = evaluate_function(current_x, current_y)\n\n    # The overall best solution found\n    best_x, best_y, best_value = current_x, current_y, current_value\n\n    # Simulated Annealing parameters\n    initial_temperature = 1.0\n    cooling_rate = 0.995  # Slower cooling to allow more exploration for longer\n    \n    # Initial step scale for perturbations, proportional to search space range\n    initial_step_scale = (upper_bound - lower_bound) / 10.0 \n    \n    for i in range(iterations):\n        # Decrease temperature over iterations\n        temperature = initial_temperature * (cooling_rate ** i)\n        # Prevent division by very small numbers in exp() if temperature drops too low\n        if temperature < 1e-10:\n            temperature = 1e-10\n\n        # Adaptive step size for perturbations, scales with temperature\n        step_size = initial_step_scale * (temperature / initial_temperature) \n        \n        # Propose a new point: mostly local perturbation, sometimes a global jump\n        if np.random.rand() < 0.05:  # 5% chance of a global jump for better exploration\n            next_x = np.random.uniform(lower_bound, upper_bound)\n            next_y = np.random.uniform(lower_bound, upper_bound)\n        else:  # 95% chance of a local perturbation around the current point\n            next_x = current_x + np.random.normal(0, step_size)\n            next_y = current_y + np.random.normal(0, step_size)\n            \n            # Ensure new point stays within bounds\n            next_x = np.clip(next_x, lower_bound, upper_bound)\n            next_y = np.clip(next_y, lower_bound, upper_bound)\n\n        next_value = evaluate_function(next_x, next_y)\n\n        # Acceptance criterion (Metropolis-Hastings)\n        if next_value < current_value:\n            # Always accept better solutions\n            current_x, current_y, current_value = next_x, next_y, next_value\n            # Update overall best if current solution is the best found so far\n            if current_value < best_value:\n                best_x, best_y, best_value = current_x, current_y, current_value\n        elif temperature > 0 and np.random.rand() < np.exp(-(next_value - current_value) / temperature):\n            # Accept worse solutions with a probability that decreases with temperature\n            current_x, current_y, current_value = next_x, next_y, current_value\n            # Note: best_value is NOT updated here, as current_value is worse than previous current_value.\n\n    return best_x, best_y, best_value\n>>>>>>> REPLACE"]}}, "artifacts_json": "{\"stage1_result\": \"Found solution at x=-1.6482, y=0.6026 with value=-1.5052\", \"distance_to_global\": \"0.0938\", \"solution_quality\": \"Distance < 0.5: Very close\", \"convergence_info\": \"Converged in 10 trials with 10 successes\", \"best_position\": \"Final position: x=-1.6979, y=0.6852\", \"average_distance_to_global\": \"0.8600\", \"search_efficiency\": \"Success rate: 100.00%\"}", "artifact_dir": null}