{"id": "b857a2f1-62b5-4dd3-aa45-c719d508a4b0", "code": "# EVOLVE-BLOCK-START\n\"\"\"Function minimization example for OpenEvolve\"\"\"\nimport numpy as np\n\n\ndef search_algorithm(iterations=1000, bounds=(-5, 5)):\n    \"\"\"\n    A hybrid random search algorithm combining global exploration and local exploitation.\n    Aims to escape local minima by balancing large jumps with fine-tuned steps.\n\n    Args:\n        iterations: Number of iterations to run\n        bounds: Bounds for the search space (min, max)\n\n    Returns:\n        Tuple of (best_x, best_y, best_value)\n    \"\"\"\n    min_bound, max_bound = bounds\n\n    # Initialize with a random point\n    best_x = np.random.uniform(min_bound, max_bound)\n    best_y = np.random.uniform(min_bound, max_bound)\n    best_value = evaluate_function(best_x, best_y)\n\n    # Parameters for hybrid search\n    # Gradually decrease exploration probability over iterations\n    # Start with higher exploration to find global minima, then focus on local exploitation\n    initial_explore_prob = 0.5  # Higher initial probability for global exploration\n    min_explore_prob = 0.05     # Minimum probability to ensure occasional global jumps\n    explore_probability = max(min_explore_prob, initial_explore_prob * (1.0 - (_ / iterations)))\n\n    # Local search step size decreases as exploration probability decreases\n    # This allows for finer tuning as we get closer to a minimum\n    local_step_std = (max_bound - min_bound) / 10.0 * (1.0 - explore_probability) # Scale std by exploration factor\n\n    for _ in range(iterations):\n        x_candidate, y_candidate = best_x, best_y # Start candidate at current best\n\n        if np.random.rand() < explore_probability:\n            # Global exploration: sample a new point anywhere in the bounds\n            x_candidate = np.random.uniform(min_bound, max_bound)\n            y_candidate = np.random.uniform(min_bound, max_bound)\n        else:\n            # Local exploitation: perturb the current best point\n            # Ensure local_step_std is not too small to prevent stagnation\n            current_local_step = max(1e-4, local_step_std)\n            x_candidate = best_x + np.random.normal(0, current_local_step)\n            y_candidate = best_y + np.random.normal(0, current_local_step)\n            \n            # Ensure candidate stays within bounds\n            x_candidate = np.clip(x_candidate, min_bound, max_bound)\n            y_candidate = np.clip(y_candidate, min_bound, max_bound)\n\n        value_candidate = evaluate_function(x_candidate, y_candidate)\n\n        if value_candidate < best_value:\n            best_value = value_candidate\n            best_x, best_y = x_candidate, y_candidate\n\n    return best_x, best_y, best_value\n\n\n# EVOLVE-BLOCK-END\n\n\n# This part remains fixed (not evolved)\ndef evaluate_function(x, y):\n    \"\"\"The complex function we're trying to minimize\"\"\"\n    return np.sin(x) * np.cos(y) + np.sin(x * y) + (x**2 + y**2) / 20\n\n\ndef run_search():\n    x, y, value = search_algorithm()\n    return x, y, value\n\n\nif __name__ == \"__main__\":\n    x, y, value = run_search()\n    print(f\"Found minimum at ({x}, {y}) with value {value}\")\n", "language": "python", "parent_id": "26d2707a-85be-4bf7-99fd-7d73dcdca629", "generation": 2, "timestamp": 1759151667.4018285, "iteration_found": 8, "metrics": {"runs_successfully": 0.0, "combined_score": 0.0, "error": "cannot access local variable '_' where it is not associated with a value"}, "complexity": 0.0, "diversity": 0.0, "metadata": {"changes": "Change 1: Replace 25 lines with 34 lines", "parent_metrics": {"runs_successfully": 1.0, "value_score": 0.966300226913939, "distance_score": 0.445112635964733, "combined_score": 0.9800206850956672, "reliability_score": 1.0}, "island": 0}, "prompts": {"diff_user": {"system": "You are an expert programmer specializing in optimization algorithms. Your task is to improve a function minimization algorithm to find the global minimum of a complex function with many local minima. The function is f(x, y) = sin(x) * cos(y) + sin(x*y) + (x^2 + y^2)/20. Focus on improving the search_algorithm function to reliably find the global minimum, escaping local minima that might trap simple algorithms.", "user": "# Current Program Information\n- Fitness: 0.9800\n- Feature coordinates: No feature coordinates\n- Focus areas: - Fitness unchanged at 0.9800\n- Consider simplifying - code length exceeds 500 characters\n\n## Last Execution Output\n\n### stage1_result\n```\nFound solution at x=-1.7434, y=0.6511 with value=-1.5170\n```\n\n### distance_to_global\n```\n0.0477\n```\n\n### solution_quality\n```\nDistance < 0.5: Very close\n```\n\n### convergence_info\n```\nConverged in 10 trials with 10 successes\n```\n\n### best_position\n```\nFinal position: x=-1.7285, y=0.6283\n```\n\n### average_distance_to_global\n```\n1.2466\n```\n\n### search_efficiency\n```\nSuccess rate: 100.00%\n```\n\n# Program Evolution History\n## Previous Attempts\n\n### Attempt 3\n- Changes: Change 1: Replace 26 lines with 45 lines\n- Metrics: runs_successfully: 1.0000, value_score: 0.9663, distance_score: 0.4451, combined_score: 0.9800, reliability_score: 1.0000\n- Outcome: Mixed results\n\n### Attempt 2\n- Changes: Unknown changes\n- Metrics: runs_successfully: 1.0000, value_score: 0.9418, distance_score: 0.7566, combined_score: 1.2148\n- Outcome: Improvement in all metrics\n\n### Attempt 1\n- Changes: Change 1: Replace 16 lines with 35 lines\n- Metrics: runs_successfully: 1.0000, value_score: 0.9997, distance_score: 0.9980, combined_score: 1.4989, reliability_score: 1.0000\n- Outcome: Mixed results\n\n## Top Performing Programs\n\n### Program 1 (Score: 1.4989)\n```python\n# EVOLVE-BLOCK-START\n\"\"\"Function minimization example for OpenEvolve\"\"\"\nimport numpy as np\n\n\ndef search_algorithm(iterations=1000, bounds=(-5, 5)):\n    \"\"\"\n    A simple random search algorithm that often gets stuck in local minima.\n\n    Args:\n        iterations: Number of iterations to run\n        bounds: Bounds for the search space (min, max)\n\n    Returns:\n        Tuple of (best_x, best_y, best_value)\n    \"\"\"\n    # Initialize with a random point\n    best_x = np.random.uniform(bounds[0], bounds[1])\n    best_y = np.random.uniform(bounds[0], bounds[1])\n    best_value = evaluate_function(best_x, best_y)\n\n    total_range = bounds[1] - bounds[0]\n\n    for i in range(iterations):\n        # Gradually shift from global exploration to local exploitation\n        # `explore_prob` decreases over time, `current_local_span` shrinks\n        # Minimum `explore_prob` of 0.05 ensures occasional global jumps to escape local minima\n        explore_prob = max(0.05, 1.0 - i / iterations)\n        # Local search span shrinks from 20% of total_range down to a very small value\n        current_local_span = total_range * (1.0 - i / iterations) * 0.2\n\n        if np.random.rand() < explore_prob: # Global exploration\n            x_candidate = np.random.uniform(bounds[0], bounds[1])\n            y_candidate = np.random.uniform(bounds[0], bounds[1])\n        else: # Local exploitation around the current best point\n            # Ensure local_span is not zero for sampling\n            half_span = max(1e-5, current_local_span / 2.0)\n            x_candidate = best_x + np.random.uniform(-half_span, half_span)\n            y_candidate = best_y + np.random.uniform(-half_span, half_span)\n\n            # Ensure candidate points are within global bounds\n            x_candidate = np.clip(x_candidate, bounds[0], bounds[1])\n            y_candidate = np.clip(y_candidate, bounds[0], bounds[1])\n\n        value = evaluate_function(x_candidate, y_candidate)\n\n        if value < best_value:\n            best_value = value\n            best_x, best_y = x_candidate, y_candidate\n\n    return best_x, best_y, best_value\n\n\n# EVOLVE-BLOCK-END\n\n\n# This part remains fixed (not evolved)\ndef evaluate_function(x, y):\n    \"\"\"The complex function we're trying to minimize\"\"\"\n    return np.sin(x) * np.cos(y) + np.sin(x * y) + (x**2 + y**2) / 20\n\n\ndef run_search():\n    x, y, value = search_algorithm()\n    return x, y, value\n\n\nif __name__ == \"__main__\":\n    x, y, value = run_search()\n    print(f\"Found minimum at ({x}, {y}) with value {value}\")\n\n```\nKey features: Performs well on runs_successfully (1.0000), Performs well on value_score (0.9997), Performs well on distance_score (0.9980), Performs well on combined_score (1.4989), Performs well on reliability_score (1.0000)\n\n### Program 2 (Score: 1.2148)\n```python\n# EVOLVE-BLOCK-START\n\"\"\"Function minimization example for OpenEvolve\"\"\"\nimport numpy as np\n\n\ndef search_algorithm(iterations=1000, bounds=(-5, 5)):\n    \"\"\"\n    A simple random search algorithm that often gets stuck in local minima.\n\n    Args:\n        iterations: Number of iterations to run\n        bounds: Bounds for the search space (min, max)\n\n    Returns:\n        Tuple of (best_x, best_y, best_value)\n    \"\"\"\n    # Initialize with a random point\n    best_x = np.random.uniform(bounds[0], bounds[1])\n    best_y = np.random.uniform(bounds[0], bounds[1])\n    best_value = evaluate_function(best_x, best_y)\n\n    for _ in range(iterations):\n        # Simple random search\n        x = np.random.uniform(bounds[0], bounds[1])\n        y = np.random.uniform(bounds[0], bounds[1])\n        value = evaluate_function(x, y)\n\n        if value < best_value:\n            best_value = value\n            best_x, best_y = x, y\n\n    return best_x, best_y, best_value\n\n\n# EVOLVE-BLOCK-END\n\n\n# This part remains fixed (not evolved)\ndef evaluate_function(x, y):\n    \"\"\"The complex function we're trying to minimize\"\"\"\n    return np.sin(x) * np.cos(y) + np.sin(x * y) + (x**2 + y**2) / 20\n\n\ndef run_search():\n    x, y, value = search_algorithm()\n    return x, y, value\n\n\nif __name__ == \"__main__\":\n    x, y, value = run_search()\n    print(f\"Found minimum at ({x}, {y}) with value {value}\")\n\n```\nKey features: Performs well on runs_successfully (1.0000), Performs well on value_score (0.9418), Performs well on distance_score (0.7566), Performs well on combined_score (1.2148)\n\n### Program 3 (Score: 0.9800)\n```python\n# EVOLVE-BLOCK-START\n\"\"\"Function minimization example for OpenEvolve\"\"\"\nimport numpy as np\n\n\ndef search_algorithm(iterations=1000, bounds=(-5, 5)):\n    \"\"\"\n    A hybrid random search algorithm combining global exploration and local exploitation.\n    Aims to escape local minima by balancing large jumps with fine-tuned steps.\n\n    Args:\n        iterations: Number of iterations to run\n        bounds: Bounds for the search space (min, max)\n\n    Returns:\n        Tuple of (best_x, best_y, best_value)\n    \"\"\"\n    min_bound, max_bound = bounds\n\n    # Initialize with a random point\n    best_x = np.random.uniform(min_bound, max_bound)\n    best_y = np.random.uniform(min_bound, max_bound)\n    best_value = evaluate_function(best_x, best_y)\n\n    # Parameters for hybrid search\n    explore_probability = 0.2 # Probability of making a global jump\n    local_step_std = (max_bound - min_bound) / 10.0 # Standard deviation for local steps\n\n    for _ in range(iterations):\n        x_candidate, y_candidate = best_x, best_y # Start candidate at current best\n\n        if np.random.rand() < explore_probability:\n            # Global exploration: sample a new point anywhere in the bounds\n            x_candidate = np.random.uniform(min_bound, max_bound)\n            y_candidate = np.random.uniform(min_bound, max_bound)\n        else:\n            # Local exploitation: perturb the current best point\n            x_candidate = best_x + np.random.normal(0, local_step_std)\n            y_candidate = best_y + np.random.normal(0, local_step_std)\n            \n            # Ensure candidate stays within bounds\n            x_candidate = np.clip(x_candidate, min_bound, max_bound)\n            y_candidate = np.clip(y_candidate, min_bound, max_bound)\n\n        value_candidate = evaluate_function(x_candidate, y_candidate)\n\n        if value_candidate < best_value:\n            best_value = value_candidate\n            best_x, best_y = x_candidate, y_candidate\n\n    return best_x, best_y, best_value\n\n\n# EVOLVE-BLOCK-END\n\n\n# This part remains fixed (not evolved)\ndef evaluate_function(x, y):\n    \"\"\"The complex function we're trying to minimize\"\"\"\n    return np.sin(x) * np.cos(y) + np.sin(x * y) + (x**2 + y**2) / 20\n\n\ndef run_search():\n    x, y, value = search_algorithm()\n    return x, y, value\n\n\nif __name__ == \"__main__\":\n    x, y, value = run_search()\n    print(f\"Found minimum at ({x}, {y}) with value {value}\")\n\n```\nKey features: Performs well on runs_successfully (1.0000), Performs well on value_score (0.9663), Performs well on distance_score (0.4451), Performs well on combined_score (0.9800), Performs well on reliability_score (1.0000)\n\n## Inspiration Programs\n\nThese programs represent diverse approaches and creative solutions that may inspire new ideas:\n\n### Inspiration 1 (Score: 1.4989, Type: High-Performer)\n```python\n# EVOLVE-BLOCK-START\n\"\"\"Function minimization example for OpenEvolve\"\"\"\nimport numpy as np\n\n\ndef search_algorithm(iterations=1000, bounds=(-5, 5)):\n    \"\"\"\n    A simple random search algorithm that often gets stuck in local minima.\n\n    Args:\n        iterations: Number of iterations to run\n        bounds: Bounds for the search space (min, max)\n\n    Returns:\n        Tuple of (best_x, best_y, best_value)\n    \"\"\"\n    # Initialize with a random point\n    best_x = np.random.uniform(bounds[0], bounds[1])\n    best_y = np.random.uniform(bounds[0], bounds[1])\n    best_value = evaluate_function(best_x, best_y)\n\n    total_range = bounds[1] - bounds[0]\n\n    for i in range(iterations):\n        # Gradually shift from global exploration to local exploitation\n        # `explore_prob` decreases over time, `current_local_span` shrinks\n        # Minimum `explore_prob` of 0.05 ensures occasional global jumps to escape local minima\n        explore_prob = max(0.05, 1.0 - i / iterations)\n        # Local search span shrinks from 20% of total_range down to a very small value\n        current_local_span = total_range * (1.0 - i / iterations) * 0.2\n\n        if np.random.rand() < explore_prob: # Global exploration\n            x_candidate = np.random.uniform(bounds[0], bounds[1])\n            y_candidate = np.random.uniform(bounds[0], bounds[1])\n        else: # Local exploitation around the current best point\n            # Ensure local_span is not zero for sampling\n            half_span = max(1e-5, current_local_span / 2.0)\n            x_candidate = best_x + np.random.uniform(-half_span, half_span)\n            y_candidate = best_y + np.random.uniform(-half_span, half_span)\n\n            # Ensure candidate points are within global bounds\n            x_candidate = np.clip(x_candidate, bounds[0], bounds[1])\n            y_candidate = np.clip(y_candidate, bounds[0], bounds[1])\n\n        value = evaluate_function(x_candidate, y_candidate)\n\n        if value < best_value:\n            best_value = value\n            best_x, best_y = x_candidate, y_candidate\n\n    return best_x, best_y, best_value\n\n\n# EVOLVE-BLOCK-END\n\n\n# This part remains fixed (not evolved)\ndef evaluate_function(x, y):\n    \"\"\"The complex function we're trying to minimize\"\"\"\n    return np.sin(x) * np.cos(y) + np.sin(x * y) + (x**2 + y**2) / 20\n\n\ndef run_search():\n    x, y, value = search_algorithm()\n    return x, y, value\n\n\nif __name__ == \"__main__\":\n    x, y, value = run_search()\n    print(f\"Found minimum at ({x}, {y}) with value {value}\")\n\n```\nUnique approach: Modification: Change 1: Replace 16 lines with 35 lines, Excellent runs_successfully (1.000), Excellent value_score (1.000)\n\n### Inspiration 2 (Score: 1.2148, Type: High-Performer)\n```python\n# EVOLVE-BLOCK-START\n\"\"\"Function minimization example for OpenEvolve\"\"\"\nimport numpy as np\n\n\ndef search_algorithm(iterations=1000, bounds=(-5, 5)):\n    \"\"\"\n    A simple random search algorithm that often gets stuck in local minima.\n\n    Args:\n        iterations: Number of iterations to run\n        bounds: Bounds for the search space (min, max)\n\n    Returns:\n        Tuple of (best_x, best_y, best_value)\n    \"\"\"\n    # Initialize with a random point\n    best_x = np.random.uniform(bounds[0], bounds[1])\n    best_y = np.random.uniform(bounds[0], bounds[1])\n    best_value = evaluate_function(best_x, best_y)\n\n    for _ in range(iterations):\n        # Simple random search\n        x = np.random.uniform(bounds[0], bounds[1])\n        y = np.random.uniform(bounds[0], bounds[1])\n        value = evaluate_function(x, y)\n\n        if value < best_value:\n            best_value = value\n            best_x, best_y = x, y\n\n    return best_x, best_y, best_value\n\n\n# EVOLVE-BLOCK-END\n\n\n# This part remains fixed (not evolved)\ndef evaluate_function(x, y):\n    \"\"\"The complex function we're trying to minimize\"\"\"\n    return np.sin(x) * np.cos(y) + np.sin(x * y) + (x**2 + y**2) / 20\n\n\ndef run_search():\n    x, y, value = search_algorithm()\n    return x, y, value\n\n\nif __name__ == \"__main__\":\n    x, y, value = run_search()\n    print(f\"Found minimum at ({x}, {y}) with value {value}\")\n\n```\nUnique approach: Excellent runs_successfully (1.000), Excellent value_score (0.942), Excellent combined_score (1.215)\n\n# Current Program\n```python\n# EVOLVE-BLOCK-START\n\"\"\"Function minimization example for OpenEvolve\"\"\"\nimport numpy as np\n\n\ndef search_algorithm(iterations=1000, bounds=(-5, 5)):\n    \"\"\"\n    A hybrid random search algorithm combining global exploration and local exploitation.\n    Aims to escape local minima by balancing large jumps with fine-tuned steps.\n\n    Args:\n        iterations: Number of iterations to run\n        bounds: Bounds for the search space (min, max)\n\n    Returns:\n        Tuple of (best_x, best_y, best_value)\n    \"\"\"\n    min_bound, max_bound = bounds\n\n    # Initialize with a random point\n    best_x = np.random.uniform(min_bound, max_bound)\n    best_y = np.random.uniform(min_bound, max_bound)\n    best_value = evaluate_function(best_x, best_y)\n\n    # Parameters for hybrid search\n    explore_probability = 0.2 # Probability of making a global jump\n    local_step_std = (max_bound - min_bound) / 10.0 # Standard deviation for local steps\n\n    for _ in range(iterations):\n        x_candidate, y_candidate = best_x, best_y # Start candidate at current best\n\n        if np.random.rand() < explore_probability:\n            # Global exploration: sample a new point anywhere in the bounds\n            x_candidate = np.random.uniform(min_bound, max_bound)\n            y_candidate = np.random.uniform(min_bound, max_bound)\n        else:\n            # Local exploitation: perturb the current best point\n            x_candidate = best_x + np.random.normal(0, local_step_std)\n            y_candidate = best_y + np.random.normal(0, local_step_std)\n            \n            # Ensure candidate stays within bounds\n            x_candidate = np.clip(x_candidate, min_bound, max_bound)\n            y_candidate = np.clip(y_candidate, min_bound, max_bound)\n\n        value_candidate = evaluate_function(x_candidate, y_candidate)\n\n        if value_candidate < best_value:\n            best_value = value_candidate\n            best_x, best_y = x_candidate, y_candidate\n\n    return best_x, best_y, best_value\n\n\n# EVOLVE-BLOCK-END\n\n\n# This part remains fixed (not evolved)\ndef evaluate_function(x, y):\n    \"\"\"The complex function we're trying to minimize\"\"\"\n    return np.sin(x) * np.cos(y) + np.sin(x * y) + (x**2 + y**2) / 20\n\n\ndef run_search():\n    x, y, value = search_algorithm()\n    return x, y, value\n\n\nif __name__ == \"__main__\":\n    x, y, value = run_search()\n    print(f\"Found minimum at ({x}, {y}) with value {value}\")\n\n```\n\n# Task\nSuggest improvements to the program that will improve its FITNESS SCORE.\nThe system maintains diversity across these dimensions: complexity, diversity\nDifferent solutions with similar fitness but different features are valuable.\n\nYou MUST use the exact SEARCH/REPLACE diff format shown below to indicate changes:\n\n<<<<<<< SEARCH\n# Original code to find and replace (must match exactly)\n=======\n# New replacement code\n>>>>>>> REPLACE\n\nExample of valid diff format:\n<<<<<<< SEARCH\nfor i in range(m):\n    for j in range(p):\n        for k in range(n):\n            C[i, j] += A[i, k] * B[k, j]\n=======\n# Reorder loops for better memory access pattern\nfor i in range(m):\n    for k in range(n):\n        for j in range(p):\n            C[i, j] += A[i, k] * B[k, j]\n>>>>>>> REPLACE\n\nYou can suggest multiple changes. Each SEARCH section must exactly match code in the current program.\nBe thoughtful about your changes and explain your reasoning thoroughly.\n\nIMPORTANT: Do not rewrite the entire program - focus on targeted improvements.", "responses": ["The current program (Program 3) has a good score of 0.9800, but there's still room for improvement, especially in reliably finding the global minimum of a complex function with many local minima. The current hybrid approach balances global exploration and local exploitation, but the fixed `explore_probability` might not be optimal throughout the search.\n\nInspiration Program 1, which achieved a higher score (1.4989), uses a decaying `explore_prob` that starts high and gradually decreases, ensuring more global exploration early on and finer local search later. This adaptive strategy is likely more effective at escaping initial local minima and then refining the solution.\n\nLet's incorporate a similar adaptive exploration strategy into the current program.\n\nHere's the proposed change:\n\n<<<<<<< SEARCH\n    # Parameters for hybrid search\n    explore_probability = 0.2 # Probability of making a global jump\n    local_step_std = (max_bound - min_bound) / 10.0 # Standard deviation for local steps\n\n    for _ in range(iterations):\n        x_candidate, y_candidate = best_x, best_y # Start candidate at current best\n\n        if np.random.rand() < explore_probability:\n            # Global exploration: sample a new point anywhere in the bounds\n            x_candidate = np.random.uniform(min_bound, max_bound)\n            y_candidate = np.random.uniform(min_bound, max_bound)\n        else:\n            # Local exploitation: perturb the current best point\n            x_candidate = best_x + np.random.normal(0, local_step_std)\n            y_candidate = best_y + np.random.normal(0, local_step_std)\n            \n            # Ensure candidate stays within bounds\n            x_candidate = np.clip(x_candidate, min_bound, max_bound)\n            y_candidate = np.clip(y_candidate, min_bound, max_bound)\n\n        value_candidate = evaluate_function(x_candidate, y_candidate)\n\n        if value_candidate < best_value:\n            best_value = value_candidate\n            best_x, best_y = x_candidate, y_candidate\n=======\n    # Parameters for hybrid search\n    # Gradually decrease exploration probability over iterations\n    # Start with higher exploration to find global minima, then focus on local exploitation\n    initial_explore_prob = 0.5  # Higher initial probability for global exploration\n    min_explore_prob = 0.05     # Minimum probability to ensure occasional global jumps\n    explore_probability = max(min_explore_prob, initial_explore_prob * (1.0 - (_ / iterations)))\n\n    # Local search step size decreases as exploration probability decreases\n    # This allows for finer tuning as we get closer to a minimum\n    local_step_std = (max_bound - min_bound) / 10.0 * (1.0 - explore_probability) # Scale std by exploration factor\n\n    for _ in range(iterations):\n        x_candidate, y_candidate = best_x, best_y # Start candidate at current best\n\n        if np.random.rand() < explore_probability:\n            # Global exploration: sample a new point anywhere in the bounds\n            x_candidate = np.random.uniform(min_bound, max_bound)\n            y_candidate = np.random.uniform(min_bound, max_bound)\n        else:\n            # Local exploitation: perturb the current best point\n            # Ensure local_step_std is not too small to prevent stagnation\n            current_local_step = max(1e-4, local_step_std)\n            x_candidate = best_x + np.random.normal(0, current_local_step)\n            y_candidate = best_y + np.random.normal(0, current_local_step)\n            \n            # Ensure candidate stays within bounds\n            x_candidate = np.clip(x_candidate, min_bound, max_bound)\n            y_candidate = np.clip(y_candidate, min_bound, max_bound)\n\n        value_candidate = evaluate_function(x_candidate, y_candidate)\n\n        if value_candidate < best_value:\n            best_value = value_candidate\n            best_x, best_y = x_candidate, y_candidate\n>>>>>>> REPLACE\n\n**Reasoning for the changes:**\n\n1.  **Adaptive `explore_probability`**: The original program used a fixed `explore_probability` of 0.2. The proposed change introduces a decaying `explore_probability` that starts higher (0.5) and reduces over iterations, with a minimum threshold (0.05). This strategy is inspired by the top-performing \"Inspiration Program 1\".\n    *   **Why it helps**: In the early stages of the search, a higher `explore_probability` allows the algorithm to make larger jumps across the search space, increasing the chances of discovering promising regions and escaping initial local minima. As the search progresses, a lower `explore_probability` focuses the search on exploiting the neighborhood of the current best solution, leading to finer refinement and convergence to a minimum.\n\n2.  **Adaptive `local_step_std`**: The standard deviation for local steps (`local_step_std`) is now scaled by `(1.0 - explore_probability)`. This means that as the `explore_probability` decreases, the `local_step_std` also decreases, leading to smaller, more precise steps when exploiting locally.\n    *   **Why it helps**: This ensures that as the algorithm transitions from global exploration to local exploitation, the step size for local perturbations becomes smaller, allowing for more accurate convergence to the minimum.\n\n3.  **Minimum `local_step_std`**: A small minimum value (`1e-4`) is enforced for `current_local_step` to prevent it from becoming zero and causing the search to stagnate completely if `local_step_std` becomes very small.\n    *   **Why it helps**: This guarantees that even in the final stages of local exploitation, there's always a small amount of random perturbation, which can sometimes help to jump out of very shallow local minima or plateaus.\n\nBy making the exploration and exploitation strategies dynamic and adaptive to the progress of the search, this modification aims to improve the algorithm's ability to find the global minimum more reliably, especially in complex functions with many local optima. This should lead to a better `value_score` and `distance_score`, ultimately improving the overall `combined_score` and `fitness`."]}}, "artifacts_json": "{\"error_type\": \"UnboundLocalError\", \"error_message\": \"Stage 1: cannot access local variable '_' where it is not associated with a value\", \"full_traceback\": \"Traceback (most recent call last):\\n  File \\\"C:\\\\Windows\\\\System32\\\\openevolve\\\\examples\\\\function_minimization\\\\evaluator.py\\\", line 294, in evaluate_stage1\\n    result = run_with_timeout(program.run_search, timeout_seconds=5)\\n             ^^^^^^^^^^^^^^^^^^^^^^^^^^^^^^^^^^^^^^^^^^^^^^^^^^^^^^^\\n  File \\\"C:\\\\Windows\\\\System32\\\\openevolve\\\\examples\\\\function_minimization\\\\evaluator.py\\\", line 30, in run_with_timeout\\n    result = future.result(timeout=timeout_seconds)\\n             ^^^^^^^^^^^^^^^^^^^^^^^^^^^^^^^^^^^^^^\\n  File \\\"C:\\\\Users\\\\kfg4s\\\\AppData\\\\Local\\\\Programs\\\\Python\\\\Python311\\\\Lib\\\\concurrent\\\\futures\\\\_base.py\\\", line 449, in result\\n    return self.__get_result()\\n           ^^^^^^^^^^^^^^^^^^^\\n  File \\\"C:\\\\Users\\\\kfg4s\\\\AppData\\\\Local\\\\Programs\\\\Python\\\\Python311\\\\Lib\\\\concurrent\\\\futures\\\\_base.py\\\", line 401, in __get_result\\n    raise self._exception\\n  File \\\"C:\\\\Users\\\\kfg4s\\\\AppData\\\\Local\\\\Programs\\\\Python\\\\Python311\\\\Lib\\\\concurrent\\\\futures\\\\thread.py\\\", line 58, in run\\n    result = self.fn(*self.args, **self.kwargs)\\n             ^^^^^^^^^^^^^^^^^^^^^^^^^^^^^^^^^^\\n  File \\\"C:\\\\Users\\\\kfg4s\\\\AppData\\\\Local\\\\Temp\\\\tmpzw1gzrnw.py\\\", line 73, in run_search\\n    x, y, value = search_algorithm()\\n                  ^^^^^^^^^^^^^^^^^^\\n  File \\\"C:\\\\Users\\\\kfg4s\\\\AppData\\\\Local\\\\Temp\\\\tmpzw1gzrnw.py\\\", line 30, in search_algorithm\\n    explore_probability = max(min_explore_prob, initial_explore_prob * (1.0 - (_ / iterations)))\\n                                                                               ^\\nUnboundLocalError: cannot access local variable '_' where it is not associated with a value\\n\", \"suggestion\": \"Unexpected error occurred. Check the traceback for specific issue\"}", "artifact_dir": null}