{"id": "b8d7ae8f-ac2d-4c15-9435-9a1306a774fb", "code": "# EVOLVE-BLOCK-START\n\"\"\"Function minimization example for OpenEvolve\"\"\"\nimport numpy as np\n\n\ndef search_algorithm(iterations=1000, bounds=(-5, 5)):\n    \"\"\"\n    A simple random search algorithm that often gets stuck in local minima.\n\n    Args:\n        iterations: Number of iterations to run\n        bounds: Bounds for the search space (min, max)\n\n    Returns:\n        Tuple of (best_x, best_y, best_value)\n    \"\"\"\n    # Initialize with a random point\n    best_x = np.random.uniform(bounds[0], bounds[1])\n    best_y = np.random.uniform(bounds[0], bounds[1])\n    best_value = evaluate_function(best_x, best_y)\n\n    # Parameters for the hybrid search strategy\n    global_search_prob = 0.20  # Slightly increased probability for global exploration\n    initial_local_step_factor = 0.7  # Slightly reduced initial step for more focused local search\n    final_local_step_factor = 0.002 # Further reduced final step for finer tuning\n    \n    search_range = bounds[1] - bounds[0] # Total range of the search space\n\n    # Parameters for detecting stagnation and triggering restarts\n    stagnation_threshold = 50  # Number of iterations without improvement to trigger a restart\n    no_improvement_count = 0\n\n    for i in range(iterations):\n        # Determine whether to perform a global jump or a local perturbation\n        if np.random.rand() < global_search_prob:\n            # Global random search: explore new, distant areas to escape local minima\n            x = np.random.uniform(bounds[0], bounds[1])\n            y = np.random.uniform(bounds[0], bounds[1])\n            # Reset stagnation counter when a global jump is made\n            no_improvement_count = 0 \n        else:\n            # Local search: exploit promising regions around the current best point\n            # The step size for local search decreases linearly over iterations (annealing-like behavior)\n            t = i / iterations # Normalized iteration progress (0 to 1)\n            current_local_step_factor = initial_local_step_factor * (1 - t) + final_local_step_factor * t\n            local_range = search_range * current_local_step_factor\n            \n            # Generate a candidate point by perturbing the current best_x, best_y\n            x_candidate = np.random.uniform(best_x - local_range/2, best_x + local_range/2)\n            y_candidate = np.random.uniform(best_y - local_range/2, best_y + local_range/2)\n            \n            # Clip candidates to ensure they stay within the overall defined search bounds\n            x = np.clip(x_candidate, bounds[0], bounds[1])\n            y = np.clip(y_candidate, bounds[0], bounds[1])\n            \n        value = evaluate_function(x, y)\n\n        # Update the best found solution if the current candidate is better\n        if value < best_value:\n            best_value = value\n            best_x, best_y = x, y\n            no_improvement_count = 0  # Reset counter because we found a better solution\n        else:\n            no_improvement_count += 1\n\n        # If stuck in a local minimum, perform a restart\n        if no_improvement_count >= stagnation_threshold:\n            print(f\"Restarting search at iteration {i} due to stagnation.\")\n            # Re-initialize with a new random point\n            best_x = np.random.uniform(bounds[0], bounds[1])\n            best_y = np.random.uniform(bounds[0], bounds[1])\n            best_value = evaluate_function(best_x, best_y)\n            no_improvement_count = 0 # Reset counter after restart\n\n    return best_x, best_y, best_value\n\n\n# EVOLVE-BLOCK-END\n\n\n# This part remains fixed (not evolved)\ndef evaluate_function(x, y):\n    \"\"\"The complex function we're trying to minimize\"\"\"\n    return np.sin(x) * np.cos(y) + np.sin(x * y) + (x**2 + y**2) / 20\n\n\ndef run_search():\n    x, y, value = search_algorithm()\n    return x, y, value\n\n\nif __name__ == \"__main__\":\n    x, y, value = run_search()\n    print(f\"Found minimum at ({x}, {y}) with value {value}\")\n", "language": "python", "parent_id": "fe0879ec-0bc9-4fb2-81a4-918ac44168de", "generation": 2, "timestamp": 1759267861.019421, "iteration_found": 9, "metrics": {"runs_successfully": 1.0, "value_score": 0.9899032704217837, "distance_score": 0.7116371485885971, "combined_score": 1.3626641696812065, "reliability_score": 1.0}, "complexity": 0.0, "diversity": 0.0, "metadata": {"changes": "Change 1: Replace 36 lines with 54 lines", "parent_metrics": {"runs_successfully": 1.0, "value_score": 0.9995029824720072, "distance_score": 0.9868259863959938, "combined_score": 1.4936989307322026, "reliability_score": 1.0}, "island": 0}, "prompts": {"diff_user": {"system": "You are an expert programmer specializing in optimization algorithms. Your task is to improve a function minimization algorithm to find the global minimum of a complex function with many local minima. The function is f(x, y) = sin(x) * cos(y) + sin(x*y) + (x^2 + y^2)/20. Focus on improving the search_algorithm function to reliably find the global minimum, escaping local minima that might trap simple algorithms.", "user": "# Current Program Information\n- Fitness: 1.4937\n- Feature coordinates: No feature coordinates\n- Focus areas: - Fitness improved: 0.9899 \u00e2\u2020\u2019 1.4937\n- Consider simplifying - code length exceeds 500 characters\n\n## Last Execution Output\n\n### stage1_result\n```\nFound solution at x=-1.6990, y=0.6706 with value=-1.5186\n```\n\n### distance_to_global\n```\n0.0089\n```\n\n### solution_quality\n```\nDistance < 0.5: Very close\n```\n\n### convergence_info\n```\nConverged in 10 trials with 10 successes\n```\n\n### best_position\n```\nFinal position: x=-1.6908, y=0.6707\n```\n\n### average_distance_to_global\n```\n0.0133\n```\n\n### search_efficiency\n```\nSuccess rate: 100.00%\n```\n\n# Program Evolution History\n## Previous Attempts\n\n### Attempt 3\n- Changes: Change 1: Replace 16 lines with 54 lines\n- Metrics: runs_successfully: 1.0000, value_score: 0.9273, distance_score: 0.5376, combined_score: 0.9899, reliability_score: 1.0000\n- Outcome: Mixed results\n\n### Attempt 2\n- Changes: Unknown changes\n- Metrics: runs_successfully: 1.0000, value_score: 0.9418, distance_score: 0.7566, combined_score: 1.2148\n- Outcome: Improvement in all metrics\n\n### Attempt 1\n- Changes: Change 1: Replace 16 lines with 41 lines\n- Metrics: runs_successfully: 1.0000, value_score: 0.9995, distance_score: 0.9868, combined_score: 1.4937, reliability_score: 1.0000\n- Outcome: Mixed results\n\n## Top Performing Programs\n\n### Program 1 (Score: 1.4937)\n```python\n# EVOLVE-BLOCK-START\n\"\"\"Function minimization example for OpenEvolve\"\"\"\nimport numpy as np\n\n\ndef search_algorithm(iterations=1000, bounds=(-5, 5)):\n    \"\"\"\n    A simple random search algorithm that often gets stuck in local minima.\n\n    Args:\n        iterations: Number of iterations to run\n        bounds: Bounds for the search space (min, max)\n\n    Returns:\n        Tuple of (best_x, best_y, best_value)\n    \"\"\"\n    # Initialize with a random point\n    best_x = np.random.uniform(bounds[0], bounds[1])\n    best_y = np.random.uniform(bounds[0], bounds[1])\n    best_value = evaluate_function(best_x, best_y)\n\n    # Parameters for the hybrid search strategy\n    global_search_prob = 0.15  # Probability of performing a global random jump (exploration)\n    initial_local_step_factor = 0.8  # Initial relative range for local search (e.g., 0.8 * total_range)\n    final_local_step_factor = 0.005 # Final relative range for local search (e.g., 0.005 * total_range)\n    \n    search_range = bounds[1] - bounds[0] # Total range of the search space\n\n    for i in range(iterations):\n        # Determine whether to perform a global jump or a local perturbation\n        if np.random.rand() < global_search_prob:\n            # Global random search: explore new, distant areas to escape local minima\n            x = np.random.uniform(bounds[0], bounds[1])\n            y = np.random.uniform(bounds[0], bounds[1])\n        else:\n            # Local search: exploit promising regions around the current best point\n            # The step size for local search decreases linearly over iterations (annealing-like behavior)\n            t = i / iterations # Normalized iteration progress (0 to 1)\n            current_local_step_factor = initial_local_step_factor * (1 - t) + final_local_step_factor * t\n            local_range = search_range * current_local_step_factor\n            \n            # Generate a candidate point by perturbing the current best_x, best_y\n            x_candidate = np.random.uniform(best_x - local_range/2, best_x + local_range/2)\n            y_candidate = np.random.uniform(best_y - local_range/2, best_y + local_range/2)\n            \n            # Clip candidates to ensure they stay within the overall defined search bounds\n            x = np.clip(x_candidate, bounds[0], bounds[1])\n            y = np.clip(y_candidate, bounds[0], bounds[1])\n            \n        value = evaluate_function(x, y)\n\n        # Update the best found solution if the current candidate is better\n        if value < best_value:\n            best_value = value\n            best_x, best_y = x, y\n\n    return best_x, best_y, best_value\n\n\n# EVOLVE-BLOCK-END\n\n\n# This part remains fixed (not evolved)\ndef evaluate_function(x, y):\n    \"\"\"The complex function we're trying to minimize\"\"\"\n    return np.sin(x) * np.cos(y) + np.sin(x * y) + (x**2 + y**2) / 20\n\n\ndef run_search():\n    x, y, value = search_algorithm()\n    return x, y, value\n\n\nif __name__ == \"__main__\":\n    x, y, value = run_search()\n    print(f\"Found minimum at ({x}, {y}) with value {value}\")\n\n```\nKey features: Performs well on runs_successfully (1.0000), Performs well on value_score (0.9995), Performs well on distance_score (0.9868), Performs well on combined_score (1.4937), Performs well on reliability_score (1.0000)\n\n### Program 2 (Score: 1.2148)\n```python\n# EVOLVE-BLOCK-START\n\"\"\"Function minimization example for OpenEvolve\"\"\"\nimport numpy as np\n\n\ndef search_algorithm(iterations=1000, bounds=(-5, 5)):\n    \"\"\"\n    A simple random search algorithm that often gets stuck in local minima.\n\n    Args:\n        iterations: Number of iterations to run\n        bounds: Bounds for the search space (min, max)\n\n    Returns:\n        Tuple of (best_x, best_y, best_value)\n    \"\"\"\n    # Initialize with a random point\n    best_x = np.random.uniform(bounds[0], bounds[1])\n    best_y = np.random.uniform(bounds[0], bounds[1])\n    best_value = evaluate_function(best_x, best_y)\n\n    for _ in range(iterations):\n        # Simple random search\n        x = np.random.uniform(bounds[0], bounds[1])\n        y = np.random.uniform(bounds[0], bounds[1])\n        value = evaluate_function(x, y)\n\n        if value < best_value:\n            best_value = value\n            best_x, best_y = x, y\n\n    return best_x, best_y, best_value\n\n\n# EVOLVE-BLOCK-END\n\n\n# This part remains fixed (not evolved)\ndef evaluate_function(x, y):\n    \"\"\"The complex function we're trying to minimize\"\"\"\n    return np.sin(x) * np.cos(y) + np.sin(x * y) + (x**2 + y**2) / 20\n\n\ndef run_search():\n    x, y, value = search_algorithm()\n    return x, y, value\n\n\nif __name__ == \"__main__\":\n    x, y, value = run_search()\n    print(f\"Found minimum at ({x}, {y}) with value {value}\")\n\n```\nKey features: Performs well on runs_successfully (1.0000), Performs well on value_score (0.9418), Performs well on distance_score (0.7566), Performs well on combined_score (1.2148)\n\n### Program 3 (Score: 0.9899)\n```python\n# EVOLVE-BLOCK-START\n\"\"\"Function minimization example for OpenEvolve\"\"\"\nimport numpy as np\n\n\ndef search_algorithm(iterations=1000, bounds=(-5, 5)):\n    \"\"\"\n    A simple random search algorithm that often gets stuck in local minima.\n\n    Args:\n        iterations: Number of iterations to run\n        bounds: Bounds for the search space (min, max)\n\n    Returns:\n        Tuple of (best_x, best_y, best_value)\n    \"\"\"\n    lower_bound, upper_bound = bounds\n    \n    # Initialize current and best solution with a random point\n    current_x = np.random.uniform(lower_bound, upper_bound)\n    current_y = np.random.uniform(lower_bound, upper_bound)\n    current_value = evaluate_function(current_x, current_y)\n\n    # The overall best solution found\n    best_x, best_y, best_value = current_x, current_y, current_value\n\n    # Simulated Annealing parameters\n    initial_temperature = 1.0\n    cooling_rate = 0.995  # Slower cooling to allow more exploration for longer\n    \n    # Initial step scale for perturbations, proportional to search space range\n    initial_step_scale = (upper_bound - lower_bound) / 10.0 \n    \n    for i in range(iterations):\n        # Decrease temperature over iterations\n        temperature = initial_temperature * (cooling_rate ** i)\n        # Prevent division by very small numbers in exp() if temperature drops too low\n        if temperature < 1e-10:\n            temperature = 1e-10\n\n        # Adaptive step size for perturbations, scales with temperature\n        step_size = initial_step_scale * (temperature / initial_temperature) \n        \n        # Propose a new point: mostly local perturbation, sometimes a global jump\n        if np.random.rand() < 0.05:  # 5% chance of a global jump for better exploration\n            next_x = np.random.uniform(lower_bound, upper_bound)\n            next_y = np.random.uniform(lower_bound, upper_bound)\n        else:  # 95% chance of a local perturbation around the current point\n            next_x = current_x + np.random.normal(0, step_size)\n            next_y = current_y + np.random.normal(0, step_size)\n            \n            # Ensure new point stays within bounds\n            next_x = np.clip(next_x, lower_bound, upper_bound)\n            next_y = np.clip(next_y, lower_bound, upper_bound)\n\n        next_value = evaluate_function(next_x, next_y)\n\n        # Acceptance criterion (Metropolis-Hastings)\n        if next_value < current_value:\n            # Always accept better solutions\n            current_x, current_y, current_value = next_x, next_y, next_value\n            # Update overall best if current solution is the best found so far\n            if current_value < best_value:\n                best_x, best_y, best_value = current_x, current_y, current_value\n        elif temperature > 0 and np.random.rand() < np.exp(-(next_value - current_value) / temperature):\n            # Accept worse solutions with a probability that decreases with temperature\n            current_x, current_y, current_value = next_x, next_y, current_value\n            # Note: best_value is NOT updated here, as current_value is worse than previous current_value.\n\n    return best_x, best_y, best_value\n\n\n# EVOLVE-BLOCK-END\n\n\n# This part remains fixed (not evolved)\ndef evaluate_function(x, y):\n    \"\"\"The complex function we're trying to minimize\"\"\"\n    return np.sin(x) * np.cos(y) + np.sin(x * y) + (x**2 + y**2) / 20\n\n\ndef run_search():\n    x, y, value = search_algorithm()\n    return x, y, value\n\n\nif __name__ == \"__main__\":\n    x, y, value = run_search()\n    print(f\"Found minimum at ({x}, {y}) with value {value}\")\n\n```\nKey features: Performs well on runs_successfully (1.0000), Performs well on value_score (0.9273), Performs well on distance_score (0.5376), Performs well on combined_score (0.9899), Performs well on reliability_score (1.0000)\n\n\n\n## Diverse Programs\n\n### Program D1 (Score: 0.9823)\n```python\n# EVOLVE-BLOCK-START\n\"\"\"Function minimization example for OpenEvolve\"\"\"\nimport numpy as np\n\n\ndef search_algorithm(iterations=1000, bounds=(-5, 5)):\n    \"\"\"\n    Hybrid optimization combining global random search with local exploitation.\n    Designed to escape local minima by balancing exploration and exploitation.\n    \"\"\"\n    best_x = np.random.uniform(bounds[0], bounds[1])\n    best_y = np.random.uniform(bounds[0], bounds[1])\n    best_value = evaluate_function(best_x, best_y)\n\n    # Current point for local exploration, can temporarily be in a local minimum\n    current_x, current_y, current_value = best_x, best_y, best_value\n\n    global_jump_prob = 0.15 # Probability of taking a global random jump\n    search_range = bounds[1] - bounds[0]\n\n    for i in range(iterations):\n        if np.random.rand() < global_jump_prob:\n            # Global exploration: completely random jump\n            x_candidate = np.random.uniform(bounds[0], bounds[1])\n            y_candidate = np.random.uniform(bounds[0], bounds[1])\n        else:\n            # Local exploitation: perturb around current point with decaying step size\n            # Step size decays linearly from a fraction of search_range to a minimum\n            step_size = search_range * (1.0 - i / iterations) * 0.1 + 0.01\n            \n            x_candidate = current_x + np.random.uniform(-step_size, step_size)\n            y_candidate = current_y + np.random.uniform(-step_size, step_size)\n\n            # Ensure candidate point stays within bounds\n            x_candidate = np.clip(x_candidate, bounds[0], bounds[1])\n            y_candidate = np.clip(y_candidate, bounds[0], bounds[1])\n        \n        value_candidate = evaluate_function(x_candidate, y_candidate)\n\n        if value_candidate < current_value:\n            # If candidate is better than current, move current to candidate\n            current_x, current_y, current_value = x_candidate, y_candidate, value_candidate\n            # If current point improved, check if it's the new global best\n            if current_value < best_value:\n                best_value = current_value\n                best_x, best_y = current_x, current_y\n        elif value_candidate < best_value:\n            # If candidate is not better than current_value (e.g., current is stuck in a local minimum),\n            # but is better than the global best found so far, update global best and reset current\n            # to this new best to exploit this promising region.\n            best_value = value_candidate\n            best_x, best_y = x_candidate, y_candidate\n            current_x, current_y, current_value = x_candidate, y_candidate, value_candidate\n\n    return best_x, best_y, best_value\n\n\n# EVOLVE-BLOCK-END\n\n\n# This part remains fixed (not evolved)\ndef evaluate_function(x, y):\n    \"\"\"The complex function we're trying to minimize\"\"\"\n    return np.sin(x) * np.cos(y) + np.sin(x * y) + (x**2 + y**2) / 20\n\n\ndef run_search():\n    x, y, value = search_algorithm()\n    return x, y, value\n\n\nif __name__ == \"__main__\":\n    x, y, value = run_search()\n    print(f\"Found minimum at ({x}, {y}) with value {value}\")\n\n```\nKey features: Alternative approach to runs_successfully, Alternative approach to value_score\n\n## Inspiration Programs\n\nThese programs represent diverse approaches and creative solutions that may inspire new ideas:\n\n### Inspiration 1 (Score: 0.9899, Type: High-Performer)\n```python\n# EVOLVE-BLOCK-START\n\"\"\"Function minimization example for OpenEvolve\"\"\"\nimport numpy as np\n\n\ndef search_algorithm(iterations=1000, bounds=(-5, 5)):\n    \"\"\"\n    A simple random search algorithm that often gets stuck in local minima.\n\n    Args:\n        iterations: Number of iterations to run\n        bounds: Bounds for the search space (min, max)\n\n    Returns:\n        Tuple of (best_x, best_y, best_value)\n    \"\"\"\n    lower_bound, upper_bound = bounds\n    \n    # Initialize current and best solution with a random point\n    current_x = np.random.uniform(lower_bound, upper_bound)\n    current_y = np.random.uniform(lower_bound, upper_bound)\n    current_value = evaluate_function(current_x, current_y)\n\n    # The overall best solution found\n    best_x, best_y, best_value = current_x, current_y, current_value\n\n    # Simulated Annealing parameters\n    initial_temperature = 1.0\n    cooling_rate = 0.995  # Slower cooling to allow more exploration for longer\n    \n    # Initial step scale for perturbations, proportional to search space range\n    initial_step_scale = (upper_bound - lower_bound) / 10.0 \n    \n    for i in range(iterations):\n        # Decrease temperature over iterations\n        temperature = initial_temperature * (cooling_rate ** i)\n        # Prevent division by very small numbers in exp() if temperature drops too low\n        if temperature < 1e-10:\n            temperature = 1e-10\n\n        # Adaptive step size for perturbations, scales with temperature\n        step_size = initial_step_scale * (temperature / initial_temperature) \n        \n        # Propose a new point: mostly local perturbation, sometimes a global jump\n        if np.random.rand() < 0.05:  # 5% chance of a global jump for better exploration\n            next_x = np.random.uniform(lower_bound, upper_bound)\n            next_y = np.random.uniform(lower_bound, upper_bound)\n        else:  # 95% chance of a local perturbation around the current point\n            next_x = current_x + np.random.normal(0, step_size)\n            next_y = current_y + np.random.normal(0, step_size)\n            \n            # Ensure new point stays within bounds\n            next_x = np.clip(next_x, lower_bound, upper_bound)\n            next_y = np.clip(next_y, lower_bound, upper_bound)\n\n        next_value = evaluate_function(next_x, next_y)\n\n        # Acceptance criterion (Metropolis-Hastings)\n        if next_value < current_value:\n            # Always accept better solutions\n            current_x, current_y, current_value = next_x, next_y, next_value\n            # Update overall best if current solution is the best found so far\n            if current_value < best_value:\n                best_x, best_y, best_value = current_x, current_y, current_value\n        elif temperature > 0 and np.random.rand() < np.exp(-(next_value - current_value) / temperature):\n            # Accept worse solutions with a probability that decreases with temperature\n            current_x, current_y, current_value = next_x, next_y, current_value\n            # Note: best_value is NOT updated here, as current_value is worse than previous current_value.\n\n    return best_x, best_y, best_value\n\n\n# EVOLVE-BLOCK-END\n\n\n# This part remains fixed (not evolved)\ndef evaluate_function(x, y):\n    \"\"\"The complex function we're trying to minimize\"\"\"\n    return np.sin(x) * np.cos(y) + np.sin(x * y) + (x**2 + y**2) / 20\n\n\ndef run_search():\n    x, y, value = search_algorithm()\n    return x, y, value\n\n\nif __name__ == \"__main__\":\n    x, y, value = run_search()\n    print(f\"Found minimum at ({x}, {y}) with value {value}\")\n\n```\nUnique approach: Modification: Change 1: Replace 16 lines with 54 lines, Excellent runs_successfully (1.000), Excellent value_score (0.927)\n\n### Inspiration 2 (Score: 0.9823, Type: High-Performer)\n```python\n# EVOLVE-BLOCK-START\n\"\"\"Function minimization example for OpenEvolve\"\"\"\nimport numpy as np\n\n\ndef search_algorithm(iterations=1000, bounds=(-5, 5)):\n    \"\"\"\n    Hybrid optimization combining global random search with local exploitation.\n    Designed to escape local minima by balancing exploration and exploitation.\n    \"\"\"\n    best_x = np.random.uniform(bounds[0], bounds[1])\n    best_y = np.random.uniform(bounds[0], bounds[1])\n    best_value = evaluate_function(best_x, best_y)\n\n    # Current point for local exploration, can temporarily be in a local minimum\n    current_x, current_y, current_value = best_x, best_y, best_value\n\n    global_jump_prob = 0.15 # Probability of taking a global random jump\n    search_range = bounds[1] - bounds[0]\n\n    for i in range(iterations):\n        if np.random.rand() < global_jump_prob:\n            # Global exploration: completely random jump\n            x_candidate = np.random.uniform(bounds[0], bounds[1])\n            y_candidate = np.random.uniform(bounds[0], bounds[1])\n        else:\n            # Local exploitation: perturb around current point with decaying step size\n            # Step size decays linearly from a fraction of search_range to a minimum\n            step_size = search_range * (1.0 - i / iterations) * 0.1 + 0.01\n            \n            x_candidate = current_x + np.random.uniform(-step_size, step_size)\n            y_candidate = current_y + np.random.uniform(-step_size, step_size)\n\n            # Ensure candidate point stays within bounds\n            x_candidate = np.clip(x_candidate, bounds[0], bounds[1])\n            y_candidate = np.clip(y_candidate, bounds[0], bounds[1])\n        \n        value_candidate = evaluate_function(x_candidate, y_candidate)\n\n        if value_candidate < current_value:\n            # If candidate is better than current, move current to candidate\n            current_x, current_y, current_value = x_candidate, y_candidate, value_candidate\n            # If current point improved, check if it's the new global best\n            if current_value < best_value:\n                best_value = current_value\n                best_x, best_y = current_x, current_y\n        elif value_candidate < best_value:\n            # If candidate is not better than current_value (e.g., current is stuck in a local minimum),\n            # but is better than the global best found so far, update global best and reset current\n            # to this new best to exploit this promising region.\n            best_value = value_candidate\n            best_x, best_y = x_candidate, y_candidate\n            current_x, current_y, current_value = x_candidate, y_candidate, value_candidate\n\n    return best_x, best_y, best_value\n\n\n# EVOLVE-BLOCK-END\n\n\n# This part remains fixed (not evolved)\ndef evaluate_function(x, y):\n    \"\"\"The complex function we're trying to minimize\"\"\"\n    return np.sin(x) * np.cos(y) + np.sin(x * y) + (x**2 + y**2) / 20\n\n\ndef run_search():\n    x, y, value = search_algorithm()\n    return x, y, value\n\n\nif __name__ == \"__main__\":\n    x, y, value = run_search()\n    print(f\"Found minimum at ({x}, {y}) with value {value}\")\n\n```\nUnique approach: Modification: Change 1: Replace 26 lines with 49 lines, Excellent runs_successfully (1.000), Excellent value_score (0.967)\n\n### Inspiration 3 (Score: 1.2148, Type: High-Performer)\n```python\n# EVOLVE-BLOCK-START\n\"\"\"Function minimization example for OpenEvolve\"\"\"\nimport numpy as np\n\n\ndef search_algorithm(iterations=1000, bounds=(-5, 5)):\n    \"\"\"\n    A simple random search algorithm that often gets stuck in local minima.\n\n    Args:\n        iterations: Number of iterations to run\n        bounds: Bounds for the search space (min, max)\n\n    Returns:\n        Tuple of (best_x, best_y, best_value)\n    \"\"\"\n    # Initialize with a random point\n    best_x = np.random.uniform(bounds[0], bounds[1])\n    best_y = np.random.uniform(bounds[0], bounds[1])\n    best_value = evaluate_function(best_x, best_y)\n\n    for _ in range(iterations):\n        # Simple random search\n        x = np.random.uniform(bounds[0], bounds[1])\n        y = np.random.uniform(bounds[0], bounds[1])\n        value = evaluate_function(x, y)\n\n        if value < best_value:\n            best_value = value\n            best_x, best_y = x, y\n\n    return best_x, best_y, best_value\n\n\n# EVOLVE-BLOCK-END\n\n\n# This part remains fixed (not evolved)\ndef evaluate_function(x, y):\n    \"\"\"The complex function we're trying to minimize\"\"\"\n    return np.sin(x) * np.cos(y) + np.sin(x * y) + (x**2 + y**2) / 20\n\n\ndef run_search():\n    x, y, value = search_algorithm()\n    return x, y, value\n\n\nif __name__ == \"__main__\":\n    x, y, value = run_search()\n    print(f\"Found minimum at ({x}, {y}) with value {value}\")\n\n```\nUnique approach: Excellent runs_successfully (1.000), Excellent value_score (0.942), Excellent combined_score (1.215)\n\n# Current Program\n```python\n# EVOLVE-BLOCK-START\n\"\"\"Function minimization example for OpenEvolve\"\"\"\nimport numpy as np\n\n\ndef search_algorithm(iterations=1000, bounds=(-5, 5)):\n    \"\"\"\n    A simple random search algorithm that often gets stuck in local minima.\n\n    Args:\n        iterations: Number of iterations to run\n        bounds: Bounds for the search space (min, max)\n\n    Returns:\n        Tuple of (best_x, best_y, best_value)\n    \"\"\"\n    # Initialize with a random point\n    best_x = np.random.uniform(bounds[0], bounds[1])\n    best_y = np.random.uniform(bounds[0], bounds[1])\n    best_value = evaluate_function(best_x, best_y)\n\n    # Parameters for the hybrid search strategy\n    global_search_prob = 0.15  # Probability of performing a global random jump (exploration)\n    initial_local_step_factor = 0.8  # Initial relative range for local search (e.g., 0.8 * total_range)\n    final_local_step_factor = 0.005 # Final relative range for local search (e.g., 0.005 * total_range)\n    \n    search_range = bounds[1] - bounds[0] # Total range of the search space\n\n    for i in range(iterations):\n        # Determine whether to perform a global jump or a local perturbation\n        if np.random.rand() < global_search_prob:\n            # Global random search: explore new, distant areas to escape local minima\n            x = np.random.uniform(bounds[0], bounds[1])\n            y = np.random.uniform(bounds[0], bounds[1])\n        else:\n            # Local search: exploit promising regions around the current best point\n            # The step size for local search decreases linearly over iterations (annealing-like behavior)\n            t = i / iterations # Normalized iteration progress (0 to 1)\n            current_local_step_factor = initial_local_step_factor * (1 - t) + final_local_step_factor * t\n            local_range = search_range * current_local_step_factor\n            \n            # Generate a candidate point by perturbing the current best_x, best_y\n            x_candidate = np.random.uniform(best_x - local_range/2, best_x + local_range/2)\n            y_candidate = np.random.uniform(best_y - local_range/2, best_y + local_range/2)\n            \n            # Clip candidates to ensure they stay within the overall defined search bounds\n            x = np.clip(x_candidate, bounds[0], bounds[1])\n            y = np.clip(y_candidate, bounds[0], bounds[1])\n            \n        value = evaluate_function(x, y)\n\n        # Update the best found solution if the current candidate is better\n        if value < best_value:\n            best_value = value\n            best_x, best_y = x, y\n\n    return best_x, best_y, best_value\n\n\n# EVOLVE-BLOCK-END\n\n\n# This part remains fixed (not evolved)\ndef evaluate_function(x, y):\n    \"\"\"The complex function we're trying to minimize\"\"\"\n    return np.sin(x) * np.cos(y) + np.sin(x * y) + (x**2 + y**2) / 20\n\n\ndef run_search():\n    x, y, value = search_algorithm()\n    return x, y, value\n\n\nif __name__ == \"__main__\":\n    x, y, value = run_search()\n    print(f\"Found minimum at ({x}, {y}) with value {value}\")\n\n```\n\n# Task\nSuggest improvements to the program that will improve its FITNESS SCORE.\nThe system maintains diversity across these dimensions: complexity, diversity\nDifferent solutions with similar fitness but different features are valuable.\n\nYou MUST use the exact SEARCH/REPLACE diff format shown below to indicate changes:\n\n<<<<<<< SEARCH\n# Original code to find and replace (must match exactly)\n=======\n# New replacement code\n>>>>>>> REPLACE\n\nExample of valid diff format:\n<<<<<<< SEARCH\nfor i in range(m):\n    for j in range(p):\n        for k in range(n):\n            C[i, j] += A[i, k] * B[k, j]\n=======\n# Reorder loops for better memory access pattern\nfor i in range(m):\n    for k in range(n):\n        for j in range(p):\n            C[i, j] += A[i, k] * B[k, j]\n>>>>>>> REPLACE\n\nYou can suggest multiple changes. Each SEARCH section must exactly match code in the current program.\nBe thoughtful about your changes and explain your reasoning thoroughly.\n\nIMPORTANT: Do not rewrite the entire program - focus on targeted improvements.", "responses": ["The current program, Program 1, achieves the highest fitness score of 1.4937, indicating it's the best performing among the provided options. It implements a hybrid search strategy that balances global random jumps (exploration) with local perturbations around the current best solution (exploitation). The step size for local search also decreases over iterations, mimicking an annealing process.\n\nHowever, to further improve its ability to find the global minimum and potentially increase its fitness score, we can consider a few enhancements. The function `f(x, y) = sin(x) * cos(y) + sin(x*y) + (x^2 + y^2)/20` has many local minima, and escaping them is key.\n\nHere are some suggestions:\n\n1.  **Introduce a more robust exploration mechanism:** While random global jumps are good, they might not be efficient enough for complex landscapes. We can explore strategies that are more directed in their exploration, perhaps by periodically restarting the search from a new random location if the progress stalls.\n\n2.  **Adaptive step size for local search:** The current linear decay of the local step size is a good start. However, a more adaptive approach could adjust the step size based on the success rate of local moves. If local moves are consistently finding improvements, the step size could be slightly increased to explore more broadly in a promising area. Conversely, if progress stagnates, a smaller step size might be more appropriate for fine-tuning.\n\n3.  **Incorporate a mechanism to escape local minima more aggressively:** When the algorithm detects it might be stuck in a local minimum (e.g., no improvement for a certain number of iterations), it could trigger a more significant perturbation or a temporary increase in the global search probability.\n\nLet's focus on a specific improvement that combines elements of restarting and adaptive exploration. We can introduce a mechanism to periodically \"reset\" the search to a new random point if the current best solution hasn't improved for a certain number of iterations. This helps to jump out of deep local minima. We will also slightly adjust the probabilities and step sizes to encourage more exploration.\n\n<<<<<<< SEARCH\n    # Parameters for the hybrid search strategy\n    global_search_prob = 0.15  # Probability of performing a global random jump (exploration)\n    initial_local_step_factor = 0.8  # Initial relative range for local search (e.g., 0.8 * total_range)\n    final_local_step_factor = 0.005 # Final relative range for local search (e.g., 0.005 * total_range)\n    \n    search_range = bounds[1] - bounds[0] # Total range of the search space\n\n    for i in range(iterations):\n        # Determine whether to perform a global jump or a local perturbation\n        if np.random.rand() < global_search_prob:\n            # Global random search: explore new, distant areas to escape local minima\n            x = np.random.uniform(bounds[0], bounds[1])\n            y = np.random.uniform(bounds[0], bounds[1])\n        else:\n            # Local search: exploit promising regions around the current best point\n            # The step size for local search decreases linearly over iterations (annealing-like behavior)\n            t = i / iterations # Normalized iteration progress (0 to 1)\n            current_local_step_factor = initial_local_step_factor * (1 - t) + final_local_step_factor * t\n            local_range = search_range * current_local_step_factor\n            \n            # Generate a candidate point by perturbing the current best_x, best_y\n            x_candidate = np.random.uniform(best_x - local_range/2, best_x + local_range/2)\n            y_candidate = np.random.uniform(best_y - local_range/2, best_y + local_range/2)\n            \n            # Clip candidates to ensure they stay within the overall defined search bounds\n            x = np.clip(x_candidate, bounds[0], bounds[1])\n            y = np.clip(y_candidate, bounds[0], bounds[1])\n            \n        value = evaluate_function(x, y)\n\n        # Update the best found solution if the current candidate is better\n        if value < best_value:\n            best_value = value\n            best_x, best_y = x, y\n\n    return best_x, best_y, best_value\n=======\n    # Parameters for the hybrid search strategy\n    global_search_prob = 0.20  # Slightly increased probability for global exploration\n    initial_local_step_factor = 0.7  # Slightly reduced initial step for more focused local search\n    final_local_step_factor = 0.002 # Further reduced final step for finer tuning\n    \n    search_range = bounds[1] - bounds[0] # Total range of the search space\n\n    # Parameters for detecting stagnation and triggering restarts\n    stagnation_threshold = 50  # Number of iterations without improvement to trigger a restart\n    no_improvement_count = 0\n\n    for i in range(iterations):\n        # Determine whether to perform a global jump or a local perturbation\n        if np.random.rand() < global_search_prob:\n            # Global random search: explore new, distant areas to escape local minima\n            x = np.random.uniform(bounds[0], bounds[1])\n            y = np.random.uniform(bounds[0], bounds[1])\n            # Reset stagnation counter when a global jump is made\n            no_improvement_count = 0 \n        else:\n            # Local search: exploit promising regions around the current best point\n            # The step size for local search decreases linearly over iterations (annealing-like behavior)\n            t = i / iterations # Normalized iteration progress (0 to 1)\n            current_local_step_factor = initial_local_step_factor * (1 - t) + final_local_step_factor * t\n            local_range = search_range * current_local_step_factor\n            \n            # Generate a candidate point by perturbing the current best_x, best_y\n            x_candidate = np.random.uniform(best_x - local_range/2, best_x + local_range/2)\n            y_candidate = np.random.uniform(best_y - local_range/2, best_y + local_range/2)\n            \n            # Clip candidates to ensure they stay within the overall defined search bounds\n            x = np.clip(x_candidate, bounds[0], bounds[1])\n            y = np.clip(y_candidate, bounds[0], bounds[1])\n            \n        value = evaluate_function(x, y)\n\n        # Update the best found solution if the current candidate is better\n        if value < best_value:\n            best_value = value\n            best_x, best_y = x, y\n            no_improvement_count = 0  # Reset counter because we found a better solution\n        else:\n            no_improvement_count += 1\n\n        # If stuck in a local minimum, perform a restart\n        if no_improvement_count >= stagnation_threshold:\n            print(f\"Restarting search at iteration {i} due to stagnation.\")\n            # Re-initialize with a new random point\n            best_x = np.random.uniform(bounds[0], bounds[1])\n            best_y = np.random.uniform(bounds[0], bounds[1])\n            best_value = evaluate_function(best_x, best_y)\n            no_improvement_count = 0 # Reset counter after restart\n\n    return best_x, best_y, best_value\n>>>>>>> REPLACE"]}}, "artifacts_json": "{\"stage1_result\": \"Found solution at x=-1.7054, y=0.6691 with value=-1.5186\", \"distance_to_global\": \"0.0091\", \"solution_quality\": \"Distance < 0.5: Very close\", \"convergence_info\": \"Converged in 10 trials with 10 successes\", \"best_position\": \"Final position: x=-1.7135, y=0.6790\", \"average_distance_to_global\": \"0.4052\", \"search_efficiency\": \"Success rate: 100.00%\"}", "artifact_dir": null}