{"id": "c76cf160-fd06-4e28-9bb1-c8e0cd9ec3d6", "code": "# EVOLVE-BLOCK-START\n\"\"\"Function minimization example for OpenEvolve\"\"\"\nimport numpy as np\n\n\ndef search_algorithm(iterations=1000, bounds=(-5, 5)):\n    \"\"\"\n    A simple random search algorithm that often gets stuck in local minima.\n\n    Args:\n        iterations: Number of iterations to run\n        bounds: Bounds for the search space (min, max)\n\n    Returns:\n        Tuple of (best_x, best_y, best_value)\n    \"\"\"\n    # Initialize with a random point\n    best_x = np.random.uniform(bounds[0], bounds[1])\n    best_y = np.random.uniform(bounds[0], bounds[1])\n    best_value = evaluate_function(best_x, best_y)\n\n    # Parameters for the hybrid search strategy\n    global_search_prob = 0.20  # Increased probability of performing a global random jump (exploration)\n    initial_local_step_factor = 0.9  # Increased initial relative range for local search to explore more broadly\n    final_local_step_factor = 0.005 # Final relative range for local search (e.g., 0.005 * total_range)\n    \n    search_range = bounds[1] - bounds[0] # Total range of the search space\n\n    for i in range(iterations):\n        # Determine whether to perform a global jump or a local perturbation\n        if np.random.rand() < global_search_prob:\n            # Global random search: explore new, distant areas to escape local minima\n            x = np.random.uniform(bounds[0], bounds[1])\n            y = np.random.uniform(bounds[0], bounds[1])\n        else:\n            # Local search: exploit promising regions around the current best point\n            # The step size for local search decreases linearly over iterations (annealing-like behavior)\n            t = i / iterations # Normalized iteration progress (0 to 1)\n            current_local_step_factor = initial_local_step_factor * (1 - t) + final_local_step_factor * t\n            local_range = search_range * current_local_step_factor\n            \n            # Generate a candidate point by perturbing the current best_x, best_y\n            x_candidate = np.random.uniform(best_x - local_range/2, best_x + local_range/2)\n            y_candidate = np.random.uniform(best_y - local_range/2, best_y + local_range/2)\n            \n            # Clip candidates to ensure they stay within the overall defined search bounds\n            x = np.clip(x_candidate, bounds[0], bounds[1])\n            y = np.clip(y_candidate, bounds[0], bounds[1])\n            \n        value = evaluate_function(x, y)\n\n        # Update the best found solution if the current candidate is better\n        if value < best_value:\n            best_value = value\n            best_x, best_y = x, y\n\n    return best_x, best_y, best_value\n\n\n# EVOLVE-BLOCK-END\n\n\n# This part remains fixed (not evolved)\ndef evaluate_function(x, y):\n    \"\"\"The complex function we're trying to minimize\"\"\"\n    return np.sin(x) * np.cos(y) + np.sin(x * y) + (x**2 + y**2) / 20\n\n\ndef run_search():\n    x, y, value = search_algorithm()\n    return x, y, value\n\n\nif __name__ == \"__main__\":\n    x, y, value = run_search()\n    print(f\"Found minimum at ({x}, {y}) with value {value}\")\n", "language": "python", "parent_id": "cd48c551-8217-4bcc-88a1-25ba5c577df4", "generation": 2, "timestamp": 1759267869.7038727, "iteration_found": 10, "metrics": {"runs_successfully": 1.0, "value_score": 0.9897904463422256, "distance_score": 0.709258500322337, "combined_score": 1.3615091599017206, "reliability_score": 1.0}, "complexity": 0.0, "diversity": 0.0, "metadata": {"changes": "Change 1: Replace 4 lines with 4 lines", "parent_metrics": {"runs_successfully": 1.0, "value_score": 0.9995029824720072, "distance_score": 0.9868259863959938, "combined_score": 1.4936989307322026, "reliability_score": 1.0}, "island": 1}, "prompts": {"diff_user": {"system": "You are an expert programmer specializing in optimization algorithms. Your task is to improve a function minimization algorithm to find the global minimum of a complex function with many local minima. The function is f(x, y) = sin(x) * cos(y) + sin(x*y) + (x^2 + y^2)/20. Focus on improving the search_algorithm function to reliably find the global minimum, escaping local minima that might trap simple algorithms.", "user": "# Current Program Information\n- Fitness: 1.4937\n- Feature coordinates: No feature coordinates\n- Focus areas: - Fitness unchanged at 1.4937\n- Consider simplifying - code length exceeds 500 characters\n\n## Last Execution Output\n\n### stage1_result\n```\nFound solution at x=-1.6990, y=0.6706 with value=-1.5186\n```\n\n### distance_to_global\n```\n0.0089\n```\n\n### solution_quality\n```\nDistance < 0.5: Very close\n```\n\n### convergence_info\n```\nConverged in 10 trials with 10 successes\n```\n\n### best_position\n```\nFinal position: x=-1.6908, y=0.6707\n```\n\n### average_distance_to_global\n```\n0.0133\n```\n\n### search_efficiency\n```\nSuccess rate: 100.00%\n```\n\n# Program Evolution History\n## Previous Attempts\n\n### Attempt 1\n- Changes: Unknown changes\n- Metrics: runs_successfully: 1.0000, value_score: 0.9995, distance_score: 0.9868, combined_score: 1.4937, reliability_score: 1.0000\n- Outcome: Improvement in all metrics\n\n## Top Performing Programs\n\n### Program 1 (Score: 1.4937)\n```python\n# EVOLVE-BLOCK-START\n\"\"\"Function minimization example for OpenEvolve\"\"\"\nimport numpy as np\n\n\ndef search_algorithm(iterations=1000, bounds=(-5, 5)):\n    \"\"\"\n    A simple random search algorithm that often gets stuck in local minima.\n\n    Args:\n        iterations: Number of iterations to run\n        bounds: Bounds for the search space (min, max)\n\n    Returns:\n        Tuple of (best_x, best_y, best_value)\n    \"\"\"\n    # Initialize with a random point\n    best_x = np.random.uniform(bounds[0], bounds[1])\n    best_y = np.random.uniform(bounds[0], bounds[1])\n    best_value = evaluate_function(best_x, best_y)\n\n    # Parameters for the hybrid search strategy\n    global_search_prob = 0.15  # Probability of performing a global random jump (exploration)\n    initial_local_step_factor = 0.8  # Initial relative range for local search (e.g., 0.8 * total_range)\n    final_local_step_factor = 0.005 # Final relative range for local search (e.g., 0.005 * total_range)\n    \n    search_range = bounds[1] - bounds[0] # Total range of the search space\n\n    for i in range(iterations):\n        # Determine whether to perform a global jump or a local perturbation\n        if np.random.rand() < global_search_prob:\n            # Global random search: explore new, distant areas to escape local minima\n            x = np.random.uniform(bounds[0], bounds[1])\n            y = np.random.uniform(bounds[0], bounds[1])\n        else:\n            # Local search: exploit promising regions around the current best point\n            # The step size for local search decreases linearly over iterations (annealing-like behavior)\n            t = i / iterations # Normalized iteration progress (0 to 1)\n            current_local_step_factor = initial_local_step_factor * (1 - t) + final_local_step_factor * t\n            local_range = search_range * current_local_step_factor\n            \n            # Generate a candidate point by perturbing the current best_x, best_y\n            x_candidate = np.random.uniform(best_x - local_range/2, best_x + local_range/2)\n            y_candidate = np.random.uniform(best_y - local_range/2, best_y + local_range/2)\n            \n            # Clip candidates to ensure they stay within the overall defined search bounds\n            x = np.clip(x_candidate, bounds[0], bounds[1])\n            y = np.clip(y_candidate, bounds[0], bounds[1])\n            \n        value = evaluate_function(x, y)\n\n        # Update the best found solution if the current candidate is better\n        if value < best_value:\n            best_value = value\n            best_x, best_y = x, y\n\n    return best_x, best_y, best_value\n\n\n# EVOLVE-BLOCK-END\n\n\n# This part remains fixed (not evolved)\ndef evaluate_function(x, y):\n    \"\"\"The complex function we're trying to minimize\"\"\"\n    return np.sin(x) * np.cos(y) + np.sin(x * y) + (x**2 + y**2) / 20\n\n\ndef run_search():\n    x, y, value = search_algorithm()\n    return x, y, value\n\n\nif __name__ == \"__main__\":\n    x, y, value = run_search()\n    print(f\"Found minimum at ({x}, {y}) with value {value}\")\n\n```\nKey features: Performs well on runs_successfully (1.0000), Performs well on value_score (0.9995), Performs well on distance_score (0.9868), Performs well on combined_score (1.4937), Performs well on reliability_score (1.0000)\n\n\n\n# Current Program\n```python\n# EVOLVE-BLOCK-START\n\"\"\"Function minimization example for OpenEvolve\"\"\"\nimport numpy as np\n\n\ndef search_algorithm(iterations=1000, bounds=(-5, 5)):\n    \"\"\"\n    A simple random search algorithm that often gets stuck in local minima.\n\n    Args:\n        iterations: Number of iterations to run\n        bounds: Bounds for the search space (min, max)\n\n    Returns:\n        Tuple of (best_x, best_y, best_value)\n    \"\"\"\n    # Initialize with a random point\n    best_x = np.random.uniform(bounds[0], bounds[1])\n    best_y = np.random.uniform(bounds[0], bounds[1])\n    best_value = evaluate_function(best_x, best_y)\n\n    # Parameters for the hybrid search strategy\n    global_search_prob = 0.15  # Probability of performing a global random jump (exploration)\n    initial_local_step_factor = 0.8  # Initial relative range for local search (e.g., 0.8 * total_range)\n    final_local_step_factor = 0.005 # Final relative range for local search (e.g., 0.005 * total_range)\n    \n    search_range = bounds[1] - bounds[0] # Total range of the search space\n\n    for i in range(iterations):\n        # Determine whether to perform a global jump or a local perturbation\n        if np.random.rand() < global_search_prob:\n            # Global random search: explore new, distant areas to escape local minima\n            x = np.random.uniform(bounds[0], bounds[1])\n            y = np.random.uniform(bounds[0], bounds[1])\n        else:\n            # Local search: exploit promising regions around the current best point\n            # The step size for local search decreases linearly over iterations (annealing-like behavior)\n            t = i / iterations # Normalized iteration progress (0 to 1)\n            current_local_step_factor = initial_local_step_factor * (1 - t) + final_local_step_factor * t\n            local_range = search_range * current_local_step_factor\n            \n            # Generate a candidate point by perturbing the current best_x, best_y\n            x_candidate = np.random.uniform(best_x - local_range/2, best_x + local_range/2)\n            y_candidate = np.random.uniform(best_y - local_range/2, best_y + local_range/2)\n            \n            # Clip candidates to ensure they stay within the overall defined search bounds\n            x = np.clip(x_candidate, bounds[0], bounds[1])\n            y = np.clip(y_candidate, bounds[0], bounds[1])\n            \n        value = evaluate_function(x, y)\n\n        # Update the best found solution if the current candidate is better\n        if value < best_value:\n            best_value = value\n            best_x, best_y = x, y\n\n    return best_x, best_y, best_value\n\n\n# EVOLVE-BLOCK-END\n\n\n# This part remains fixed (not evolved)\ndef evaluate_function(x, y):\n    \"\"\"The complex function we're trying to minimize\"\"\"\n    return np.sin(x) * np.cos(y) + np.sin(x * y) + (x**2 + y**2) / 20\n\n\ndef run_search():\n    x, y, value = search_algorithm()\n    return x, y, value\n\n\nif __name__ == \"__main__\":\n    x, y, value = run_search()\n    print(f\"Found minimum at ({x}, {y}) with value {value}\")\n\n```\n\n# Task\nSuggest improvements to the program that will improve its FITNESS SCORE.\nThe system maintains diversity across these dimensions: complexity, diversity\nDifferent solutions with similar fitness but different features are valuable.\n\nYou MUST use the exact SEARCH/REPLACE diff format shown below to indicate changes:\n\n<<<<<<< SEARCH\n# Original code to find and replace (must match exactly)\n=======\n# New replacement code\n>>>>>>> REPLACE\n\nExample of valid diff format:\n<<<<<<< SEARCH\nfor i in range(m):\n    for j in range(p):\n        for k in range(n):\n            C[i, j] += A[i, k] * B[k, j]\n=======\n# Reorder loops for better memory access pattern\nfor i in range(m):\n    for k in range(n):\n        for j in range(p):\n            C[i, j] += A[i, k] * B[k, j]\n>>>>>>> REPLACE\n\nYou can suggest multiple changes. Each SEARCH section must exactly match code in the current program.\nBe thoughtful about your changes and explain your reasoning thoroughly.\n\nIMPORTANT: Do not rewrite the entire program - focus on targeted improvements.", "responses": ["The current `search_algorithm` uses a hybrid approach of random global jumps and a decaying local search. While this is better than pure random search, it can still get stuck in local minima, especially if the global search probability is too low or the local search step decays too quickly. The function `f(x, y) = sin(x) * cos(y) + sin(x*y) + (x^2 + y^2)/20` has a complex landscape with multiple local minima due to the trigonometric terms, and the quadratic term `(x^2 + y^2)/20` pushes towards a global minimum around (0,0) but with oscillations.\n\nTo improve the chances of finding the global minimum, we can make the following modifications:\n\n1.  **Increase the probability of global search:** A higher `global_search_prob` will encourage more exploration of the search space, making it less likely to get trapped in a local minimum.\n2.  **Introduce a more sophisticated local search:** Instead of a simple uniform perturbation, we can use a more directed local search. One common technique is to use a gradient-based approach (if gradients were available) or a more intelligent random perturbation that considers the current best solution. For this problem, a simple improvement could be to adjust the `local_range` to be more adaptive or to use a different distribution for the local perturbation. However, given the constraint of not adding external libraries or complex gradient calculations, we can try to make the existing local search more effective.\n3.  **Consider multiple starting points:** While the current algorithm starts with one random point, running the entire search multiple times with different random seeds can significantly increase the probability of finding the global minimum. This is a form of ensemble or multi-start optimization.\n4.  **Adaptive local step size:** The current linear decay of `current_local_step_factor` might be too rigid. We could make it more adaptive, for example, by increasing the step size if no improvement is found for a certain number of iterations, or by using a non-linear decay.\n\nGiven the current code structure and the desire to keep it relatively simple and within character limits, let's focus on increasing exploration and making the local search slightly more robust.\n\n**Proposed Changes:**\n\n*   **Increase `global_search_prob`**: This is the most direct way to improve exploration.\n*   **Modify `initial_local_step_factor` and `final_local_step_factor`**: Make the initial step size smaller to avoid jumping too far away from promising areas discovered by the global search, and ensure the final step doesn't become too small too quickly.\n*   **Introduce a \"reset\" mechanism for local search**: If the algorithm hasn't found a better solution for a certain number of iterations, it might indicate it's stuck. We can then increase the `local_range` temporarily to try and escape.\n\nLet's refine these ideas. The current `global_search_prob = 0.15` might be too low. Let's increase it. The `initial_local_step_factor = 0.8` is quite large, which means the local search can initially explore a large area around the current best. This might be good for initial exploration but could also lead it away from a good local minimum. The `final_local_step_factor = 0.005` is quite small, which is good for fine-tuning.\n\nA simpler approach to enhance diversity and escape local minima without drastically changing the algorithm's core mechanics would be to:\n\n1.  **Increase `global_search_prob`**: More exploration is key.\n2.  **Introduce a small chance of a \"large jump\" even within the local search phase**: This could be a small probability event where, instead of a small perturbation, it makes a larger jump, akin to a global search but initiated from the local phase.\n3.  **Adjust the step size decay**: Make the decay slightly less aggressive initially.\n\nLet's try a combination of increasing `global_search_prob` and slightly adjusting the local search step. The current local search is uniform random. We can keep this but adjust the parameters.\n\nConsidering the constraint of code length, the most impactful changes would be to the parameters of the existing hybrid strategy.\n\nHere's a refined plan:\n1.  **Increase `global_search_prob`**: To encourage more exploration.\n2.  **Slightly reduce `initial_local_step_factor`**: To make the initial local search more focused.\n3.  **Slightly increase `final_local_step_factor`**: To allow for a bit more exploration at the end if needed.\n\nHowever, the output `stage1_result` shows `Found solution at x=-1.6990, y=0.6706 with value=-1.5186` and `best_position: Final position: x=-1.6908, y=0.6707`. The `distance_to_global` is `0.0089`, which is `Very close`. This suggests the current algorithm is already quite good at finding *a* minimum, and it's close to the global one. The fitness is `1.4937`.\n\nThe prompt asks to improve the fitness score, which is currently `1.4937`. The description of the current program states \"Performs well on ... combined_score: 1.4937\". This implies the current program *is* Program 1. The goal is to improve *this* program's fitness score.\n\nThe current program is already a hybrid random search with decaying local steps. The key to improving fitness on a function with many local minima is to enhance its ability to escape these minima and explore more broadly.\n\nLet's consider the specific function: `f(x, y) = sin(x) * cos(y) + sin(x*y) + (x^2 + y^2)/20`.\nThe global minimum is likely to be where `x` and `y` are relatively small due to the `(x^2 + y^2)/20` term, but the trigonometric terms introduce oscillations. The true global minimum is approximately at `x \u2248 -1.714`, `y \u2248 0.741` with a value of approximately `-1.536`.\n\nThe current best value found is `-1.5186`. The `distance_to_global` is `0.0089`, which is very good. However, the *fitness* is `1.4937`. This suggests that the fitness is not solely based on the `distance_to_global`. It's likely a combination of fitness (how close the found value is to the true global minimum value) and reliability/success rate.\n\nIf the current program is already achieving a high `distance_score` and `reliability_score`, and the `combined_score` is `1.4937`, then any improvement in `value_score` (finding a lower function value) or `distance_score` would improve the `combined_score`.\n\nLet's try to increase the exploration without sacrificing too much exploitation.\n\n**Improvement Strategy:**\n\n1.  **Increase `global_search_prob`**: A higher probability of a global jump will increase the chances of escaping local minima.\n2.  **Introduce a mechanism to re-evaluate the best solution periodically**: If a new, better solution is found, the local search should adapt to it. The current code already does this by updating `best_x` and `best_y`.\n3.  **Slightly adjust the local search range decay**: Make it decay slightly slower initially to allow for more local refinement.\n\nLet's try increasing `global_search_prob` and modifying the local step factor calculation.\n\n**Specific Changes:**\n\n*   Increase `global_search_prob` from `0.15` to `0.25`. This gives a 25% chance of a random jump.\n*   Modify the `current_local_step_factor` calculation to be slightly less aggressive in its decay. Instead of a purely linear decay, we can introduce a slight curvature or adjust the initial/final factors. However, keeping it simple, let's adjust the initial and final factors to balance exploration and exploitation.\n    *   Let's keep `initial_local_step_factor` at `0.8` for now, as it allows broad initial exploration.\n    *   Let's try to slightly increase `final_local_step_factor` to `0.01` from `0.005`. This means the local search doesn't become *as* fine-grained at the very end, leaving a bit more room for potential last-minute jumps.\n\nAlternatively, consider a different approach to local search. Instead of `np.random.uniform(best_x - local_range/2, best_x + local_range/2)`, we could use a Gaussian perturbation. However, this might increase code complexity.\n\nLet's stick to parameter tuning for now, as it's the most direct way to improve the existing strategy without significant code restructuring.\n\n**Focusing on escaping local minima:** The core issue is getting stuck. A higher `global_search_prob` is the most direct solution.\n\nLet's propose increasing `global_search_prob` and slightly increasing the initial local search range to allow for broader exploration around a newly found good point before it becomes too localized.\n\n**Revised Plan:**\n\n1.  **Increase `global_search_prob`**: From `0.15` to `0.2`. This gives a 20% chance of a global jump.\n2.  **Increase `initial_local_step_factor`**: From `0.8` to `0.9`. This makes the initial local search explore a wider area relative to the total search range.\n\nThis combination should lead to more exploration, which is crucial for functions with many local minima.\n\n```python\n# EVOLVE-BLOCK-START\n\"\"\"Function minimization example for OpenEvolve\"\"\"\nimport numpy as np\n\n\ndef search_algorithm(iterations=1000, bounds=(-5, 5)):\n    \"\"\"\n    A simple random search algorithm that often gets stuck in local minima.\n\n    Args:\n        iterations: Number of iterations to run\n        bounds: Bounds for the search space (min, max)\n\n    Returns:\n        Tuple of (best_x, best_y, best_value)\n    \"\"\"\n    # Initialize with a random point\n    best_x = np.random.uniform(bounds[0], bounds[1])\n    best_y = np.random.uniform(bounds[0], bounds[1])\n    best_value = evaluate_function(best_x, best_y)\n\n    # Parameters for the hybrid search strategy\n    global_search_prob = 0.20  # Increased probability of performing a global random jump (exploration)\n    initial_local_step_factor = 0.9  # Increased initial relative range for local search to explore more broadly\n    final_local_step_factor = 0.005 # Final relative range for local search (e.g., 0.005 * total_range)\n    \n    search_range = bounds[1] - bounds[0] # Total range of the search space\n\n    for i in range(iterations):\n        # Determine whether to perform a global jump or a local perturbation\n        if np.random.rand() < global_search_prob:\n            # Global random search: explore new, distant areas to escape local minima\n            x = np.random.uniform(bounds[0], bounds[1])\n            y = np.random.uniform(bounds[0], bounds[1])\n        else:\n            # Local search: exploit promising regions around the current best point\n            # The step size for local search decreases linearly over iterations (annealing-like behavior)\n            t = i / iterations # Normalized iteration progress (0 to 1)\n            current_local_step_factor = initial_local_step_factor * (1 - t) + final_local_step_factor * t\n            local_range = search_range * current_local_step_factor\n            \n            # Generate a candidate point by perturbing the current best_x, best_y\n            x_candidate = np.random.uniform(best_x - local_range/2, best_x + local_range/2)\n            y_candidate = np.random.uniform(best_y - local_range/2, best_y + local_range/2)\n            \n            # Clip candidates to ensure they stay within the overall defined search bounds\n            x = np.clip(x_candidate, bounds[0], bounds[1])\n            y = np.clip(y_candidate, bounds[0], bounds[1])\n            \n        value = evaluate_function(x, y)\n\n        # Update the best found solution if the current candidate is better\n        if value < best_value:\n            best_value = value\n            best_x, best_y = x, y\n\n    return best_x, best_y, best_value\n\n\n# EVOLVE-BLOCK-END\n```\n\n**Reasoning for changes:**\n\n*   **`global_search_prob = 0.20`**: The original `0.15` might be too low for a function with many local minima. Increasing this to `0.20` (a 33% increase) gives the algorithm more opportunities to jump out of local traps and explore new regions of the search space. This is a direct strategy to combat getting stuck.\n*   **`initial_local_step_factor = 0.9`**: The original `0.8` meant the initial local search could explore up to 80% of the total search range around the current best. Increasing this to `0.9` allows the local search to be slightly more exploratory in its initial phase. When a new, promising region is found (either by global jump or local refinement), a slightly larger initial step in the subsequent local search phase allows it to explore a wider vicinity around that new point, potentially discovering a better minimum within that broader area before the step size starts to shrink significantly. This helps in refining the search around newly discovered promising areas.\n\nThese changes aim to improve the balance between exploration and exploitation. By increasing the global search probability, we enhance the ability to escape local minima. By slightly increasing the initial local search factor, we ensure that when a promising region is found, the subsequent local search explores a wider area around it before converging. This should lead to finding a lower function value (improving `value_score`) and potentially a closer distance to the global minimum (improving `distance_score`), thus boosting the overall `combined_score` and `fitness`.\n\nLet's consider the complexity constraint. The current code is already quite long. These changes are minimal in terms of code characters.\n\nFinal check on the output:\nCurrent fitness: 1.4937\nCurrent distance to global: 0.0089 (Very close)\nCurrent value found: -1.5186\n\nThe goal is to improve the *fitness score*. Since the distance is already very good, the improvement must come from finding a *lower* `best_value`. The proposed changes are directly aimed at improving the chances of finding a lower `best_value` by increasing exploration.\n\nOne final thought: What if the `final_local_step_factor` is too small and prevents fine-tuning? The original `0.005` is quite small. However, changing it might make the algorithm too broad at the end. Given the current `very close` distance, it's unlikely the final step is the main bottleneck for finding a *better* value. The bottleneck is more likely getting stuck in a local minimum.\n\nTherefore, the proposed changes of increasing `global_search_prob` and `initial_local_step_factor` are the most promising for improving the fitness score by finding a lower function value.\n\n```python\n<<<<<<< SEARCH\n    # Parameters for the hybrid search strategy\n    global_search_prob = 0.15  # Probability of performing a global random jump (exploration)\n    initial_local_step_factor = 0.8  # Initial relative range for local search (e.g., 0.8 * total_range)\n    final_local_step_factor = 0.005 # Final relative range for local search (e.g., 0.005 * total_range)\n=======\n    # Parameters for the hybrid search strategy\n    global_search_prob = 0.20  # Increased probability of performing a global random jump (exploration)\n    initial_local_step_factor = 0.9  # Increased initial relative range for local search to explore more broadly\n    final_local_step_factor = 0.005 # Final relative range for local search (e.g., 0.005 * total_range)\n>>>>>>> REPLACE\n```"]}}, "artifacts_json": "{\"stage1_result\": \"Found solution at x=-1.7196, y=0.6753 with value=-1.5185\", \"distance_to_global\": \"0.0158\", \"solution_quality\": \"Distance < 0.5: Very close\", \"convergence_info\": \"Converged in 10 trials with 10 successes\", \"best_position\": \"Final position: x=-1.7404, y=0.6694\", \"average_distance_to_global\": \"0.4099\", \"search_efficiency\": \"Success rate: 100.00%\"}", "artifact_dir": null}