{"id": "fe0879ec-0bc9-4fb2-81a4-918ac44168de", "code": "# EVOLVE-BLOCK-START\n\"\"\"Function minimization example for OpenEvolve\"\"\"\nimport numpy as np\n\n\ndef search_algorithm(iterations=1000, bounds=(-5, 5)):\n    \"\"\"\n    A simple random search algorithm that often gets stuck in local minima.\n\n    Args:\n        iterations: Number of iterations to run\n        bounds: Bounds for the search space (min, max)\n\n    Returns:\n        Tuple of (best_x, best_y, best_value)\n    \"\"\"\n    # Initialize with a random point\n    best_x = np.random.uniform(bounds[0], bounds[1])\n    best_y = np.random.uniform(bounds[0], bounds[1])\n    best_value = evaluate_function(best_x, best_y)\n\n    # Parameters for the hybrid search strategy\n    global_search_prob = 0.15  # Probability of performing a global random jump (exploration)\n    initial_local_step_factor = 0.8  # Initial relative range for local search (e.g., 0.8 * total_range)\n    final_local_step_factor = 0.005 # Final relative range for local search (e.g., 0.005 * total_range)\n    \n    search_range = bounds[1] - bounds[0] # Total range of the search space\n\n    for i in range(iterations):\n        # Determine whether to perform a global jump or a local perturbation\n        if np.random.rand() < global_search_prob:\n            # Global random search: explore new, distant areas to escape local minima\n            x = np.random.uniform(bounds[0], bounds[1])\n            y = np.random.uniform(bounds[0], bounds[1])\n        else:\n            # Local search: exploit promising regions around the current best point\n            # The step size for local search decreases linearly over iterations (annealing-like behavior)\n            t = i / iterations # Normalized iteration progress (0 to 1)\n            current_local_step_factor = initial_local_step_factor * (1 - t) + final_local_step_factor * t\n            local_range = search_range * current_local_step_factor\n            \n            # Generate a candidate point by perturbing the current best_x, best_y\n            x_candidate = np.random.uniform(best_x - local_range/2, best_x + local_range/2)\n            y_candidate = np.random.uniform(best_y - local_range/2, best_y + local_range/2)\n            \n            # Clip candidates to ensure they stay within the overall defined search bounds\n            x = np.clip(x_candidate, bounds[0], bounds[1])\n            y = np.clip(y_candidate, bounds[0], bounds[1])\n            \n        value = evaluate_function(x, y)\n\n        # Update the best found solution if the current candidate is better\n        if value < best_value:\n            best_value = value\n            best_x, best_y = x, y\n\n    return best_x, best_y, best_value\n\n\n# EVOLVE-BLOCK-END\n\n\n# This part remains fixed (not evolved)\ndef evaluate_function(x, y):\n    \"\"\"The complex function we're trying to minimize\"\"\"\n    return np.sin(x) * np.cos(y) + np.sin(x * y) + (x**2 + y**2) / 20\n\n\ndef run_search():\n    x, y, value = search_algorithm()\n    return x, y, value\n\n\nif __name__ == \"__main__\":\n    x, y, value = run_search()\n    print(f\"Found minimum at ({x}, {y}) with value {value}\")\n", "language": "python", "parent_id": "91219a92-72c0-4e91-b51f-c3834b9446e8", "generation": 1, "timestamp": 1759267753.281734, "iteration_found": 3, "metrics": {"runs_successfully": 1.0, "value_score": 0.9995029824720072, "distance_score": 0.9868259863959938, "combined_score": 1.4936989307322026, "reliability_score": 1.0}, "complexity": 0.0, "diversity": 0.0, "metadata": {"changes": "Change 1: Replace 16 lines with 41 lines", "parent_metrics": {"runs_successfully": 1.0, "value_score": 0.9417587299889709, "distance_score": 0.7565915427363771, "combined_score": 1.2147685971231066}, "island": 0}, "prompts": {"diff_user": {"system": "You are an expert programmer specializing in optimization algorithms. Your task is to improve a function minimization algorithm to find the global minimum of a complex function with many local minima. The function is f(x, y) = sin(x) * cos(y) + sin(x*y) + (x^2 + y^2)/20. Focus on improving the search_algorithm function to reliably find the global minimum, escaping local minima that might trap simple algorithms.", "user": "# Current Program Information\n- Fitness: 1.2148\n- Feature coordinates: No feature coordinates\n- Focus areas: - Fitness unchanged at 1.2148\n- Consider simplifying - code length exceeds 500 characters\n\n\n\n# Program Evolution History\n## Previous Attempts\n\n### Attempt 1\n- Changes: Unknown changes\n- Metrics: runs_successfully: 1.0000, value_score: 0.9418, distance_score: 0.7566, combined_score: 1.2148\n- Outcome: Improvement in all metrics\n\n## Top Performing Programs\n\n### Program 1 (Score: 1.2148)\n```python\n# EVOLVE-BLOCK-START\n\"\"\"Function minimization example for OpenEvolve\"\"\"\nimport numpy as np\n\n\ndef search_algorithm(iterations=1000, bounds=(-5, 5)):\n    \"\"\"\n    A simple random search algorithm that often gets stuck in local minima.\n\n    Args:\n        iterations: Number of iterations to run\n        bounds: Bounds for the search space (min, max)\n\n    Returns:\n        Tuple of (best_x, best_y, best_value)\n    \"\"\"\n    # Initialize with a random point\n    best_x = np.random.uniform(bounds[0], bounds[1])\n    best_y = np.random.uniform(bounds[0], bounds[1])\n    best_value = evaluate_function(best_x, best_y)\n\n    for _ in range(iterations):\n        # Simple random search\n        x = np.random.uniform(bounds[0], bounds[1])\n        y = np.random.uniform(bounds[0], bounds[1])\n        value = evaluate_function(x, y)\n\n        if value < best_value:\n            best_value = value\n            best_x, best_y = x, y\n\n    return best_x, best_y, best_value\n\n\n# EVOLVE-BLOCK-END\n\n\n# This part remains fixed (not evolved)\ndef evaluate_function(x, y):\n    \"\"\"The complex function we're trying to minimize\"\"\"\n    return np.sin(x) * np.cos(y) + np.sin(x * y) + (x**2 + y**2) / 20\n\n\ndef run_search():\n    x, y, value = search_algorithm()\n    return x, y, value\n\n\nif __name__ == \"__main__\":\n    x, y, value = run_search()\n    print(f\"Found minimum at ({x}, {y}) with value {value}\")\n\n```\nKey features: Performs well on runs_successfully (1.0000), Performs well on value_score (0.9418), Performs well on distance_score (0.7566), Performs well on combined_score (1.2148)\n\n\n\n# Current Program\n```python\n# EVOLVE-BLOCK-START\n\"\"\"Function minimization example for OpenEvolve\"\"\"\nimport numpy as np\n\n\ndef search_algorithm(iterations=1000, bounds=(-5, 5)):\n    \"\"\"\n    A simple random search algorithm that often gets stuck in local minima.\n\n    Args:\n        iterations: Number of iterations to run\n        bounds: Bounds for the search space (min, max)\n\n    Returns:\n        Tuple of (best_x, best_y, best_value)\n    \"\"\"\n    # Initialize with a random point\n    best_x = np.random.uniform(bounds[0], bounds[1])\n    best_y = np.random.uniform(bounds[0], bounds[1])\n    best_value = evaluate_function(best_x, best_y)\n\n    for _ in range(iterations):\n        # Simple random search\n        x = np.random.uniform(bounds[0], bounds[1])\n        y = np.random.uniform(bounds[0], bounds[1])\n        value = evaluate_function(x, y)\n\n        if value < best_value:\n            best_value = value\n            best_x, best_y = x, y\n\n    return best_x, best_y, best_value\n\n\n# EVOLVE-BLOCK-END\n\n\n# This part remains fixed (not evolved)\ndef evaluate_function(x, y):\n    \"\"\"The complex function we're trying to minimize\"\"\"\n    return np.sin(x) * np.cos(y) + np.sin(x * y) + (x**2 + y**2) / 20\n\n\ndef run_search():\n    x, y, value = search_algorithm()\n    return x, y, value\n\n\nif __name__ == \"__main__\":\n    x, y, value = run_search()\n    print(f\"Found minimum at ({x}, {y}) with value {value}\")\n\n```\n\n# Task\nSuggest improvements to the program that will improve its FITNESS SCORE.\nThe system maintains diversity across these dimensions: complexity, diversity\nDifferent solutions with similar fitness but different features are valuable.\n\nYou MUST use the exact SEARCH/REPLACE diff format shown below to indicate changes:\n\n<<<<<<< SEARCH\n# Original code to find and replace (must match exactly)\n=======\n# New replacement code\n>>>>>>> REPLACE\n\nExample of valid diff format:\n<<<<<<< SEARCH\nfor i in range(m):\n    for j in range(p):\n        for k in range(n):\n            C[i, j] += A[i, k] * B[k, j]\n=======\n# Reorder loops for better memory access pattern\nfor i in range(m):\n    for k in range(n):\n        for j in range(p):\n            C[i, j] += A[i, k] * B[k, j]\n>>>>>>> REPLACE\n\nYou can suggest multiple changes. Each SEARCH section must exactly match code in the current program.\nBe thoughtful about your changes and explain your reasoning thoroughly.\n\nIMPORTANT: Do not rewrite the entire program - focus on targeted improvements.", "responses": ["The current `search_algorithm` employs a purely random search strategy. While this allows for global exploration, it is inefficient at converging to a minimum once a promising region is found, and it struggles to effectively escape local minima. To reliably find the global minimum of a complex function like `f(x, y) = sin(x) * cos(y) + sin(x*y) + (x^2 + y^2)/20`, which has many local minima, a more sophisticated approach is needed.\n\nThe proposed improvement implements a hybrid search strategy that combines:\n1.  **Global Random Jumps:** Periodically, the algorithm performs a completely random jump within the search space. This is crucial for escaping local minima and exploring diverse regions of the objective function.\n2.  **Local Perturbations with Adaptive Step Size:** For the majority of iterations, the algorithm generates candidate points by perturbing the current `best_x` and `best_y` with a small random step. The size of this step decreases over time (an annealing-like schedule), allowing the search to initially explore a wider neighborhood around the best point and then progressively fine-tune the search as it converges towards a minimum. This exploits promising regions more effectively.\n\nThis hybrid approach balances exploration (finding new, potentially better regions) and exploitation (refining solutions within known good regions), making it much more robust for global optimization than simple random search.\n\nThe parameters `global_search_prob`, `initial_local_step_factor`, and `final_local_step_factor` are introduced to control the balance between global and local search and the annealing schedule of the local step size. These parameters can be tuned further if needed.\n\nThe `_` in `for _ in range(iterations)` is replaced with `i` to allow for iteration-dependent logic (adaptive step size).\n\n<<<<<<< SEARCH\n    # Initialize with a random point\n    best_x = np.random.uniform(bounds[0], bounds[1])\n    best_y = np.random.uniform(bounds[0], bounds[1])\n    best_value = evaluate_function(best_x, best_y)\n\n    for _ in range(iterations):\n        # Simple random search\n        x = np.random.uniform(bounds[0], bounds[1])\n        y = np.random.uniform(bounds[0], bounds[1])\n        value = evaluate_function(x, y)\n\n        if value < best_value:\n            best_value = value\n            best_x, best_y = x, y\n\n    return best_x, best_y, best_value\n=======\n    # Initialize with a random point\n    best_x = np.random.uniform(bounds[0], bounds[1])\n    best_y = np.random.uniform(bounds[0], bounds[1])\n    best_value = evaluate_function(best_x, best_y)\n\n    # Parameters for the hybrid search strategy\n    global_search_prob = 0.15  # Probability of performing a global random jump (exploration)\n    initial_local_step_factor = 0.8  # Initial relative range for local search (e.g., 0.8 * total_range)\n    final_local_step_factor = 0.005 # Final relative range for local search (e.g., 0.005 * total_range)\n    \n    search_range = bounds[1] - bounds[0] # Total range of the search space\n\n    for i in range(iterations):\n        # Determine whether to perform a global jump or a local perturbation\n        if np.random.rand() < global_search_prob:\n            # Global random search: explore new, distant areas to escape local minima\n            x = np.random.uniform(bounds[0], bounds[1])\n            y = np.random.uniform(bounds[0], bounds[1])\n        else:\n            # Local search: exploit promising regions around the current best point\n            # The step size for local search decreases linearly over iterations (annealing-like behavior)\n            t = i / iterations # Normalized iteration progress (0 to 1)\n            current_local_step_factor = initial_local_step_factor * (1 - t) + final_local_step_factor * t\n            local_range = search_range * current_local_step_factor\n            \n            # Generate a candidate point by perturbing the current best_x, best_y\n            x_candidate = np.random.uniform(best_x - local_range/2, best_x + local_range/2)\n            y_candidate = np.random.uniform(best_y - local_range/2, best_y + local_range/2)\n            \n            # Clip candidates to ensure they stay within the overall defined search bounds\n            x = np.clip(x_candidate, bounds[0], bounds[1])\n            y = np.clip(y_candidate, bounds[0], bounds[1])\n            \n        value = evaluate_function(x, y)\n\n        # Update the best found solution if the current candidate is better\n        if value < best_value:\n            best_value = value\n            best_x, best_y = x, y\n\n    return best_x, best_y, best_value\n>>>>>>> REPLACE"]}}, "artifacts_json": "{\"stage1_result\": \"Found solution at x=-1.6990, y=0.6706 with value=-1.5186\", \"distance_to_global\": \"0.0089\", \"solution_quality\": \"Distance < 0.5: Very close\", \"convergence_info\": \"Converged in 10 trials with 10 successes\", \"best_position\": \"Final position: x=-1.6908, y=0.6707\", \"average_distance_to_global\": \"0.0133\", \"search_efficiency\": \"Success rate: 100.00%\"}", "artifact_dir": null}