{"id": "04a20371-f692-4b9b-97a4-174374fd6bd8", "code": "# EVOLVE-BLOCK-START\n\"\"\"Function minimization example for OpenEvolve\"\"\"\nimport numpy as np\n\n\ndef search_algorithm(iterations=1000, bounds=(-5, 5)):\n    \"\"\"\n    A simple random search algorithm that often gets stuck in local minima.\n\n    Args:\n        iterations: Number of iterations to run\n        bounds: Bounds for the search space (min, max)\n\n    Returns:\n        Tuple of (best_x, best_y, best_value)\n    \"\"\"\n    # Initialize with a random point\n    best_x = np.random.uniform(bounds[0], bounds[1])\n    best_y = np.random.uniform(bounds[0], bounds[1])\n    best_value = evaluate_function(best_x, best_y)\n\n    search_range = bounds[1] - bounds[0]\n    \n    for i in range(iterations):\n        # Local search parameters: radius shrinks over iterations\n        # Start with a larger radius and decrease it to focus the search.\n        local_radius_factor = 0.1 # Max local search radius is 10% of total search_range\n        min_local_radius = 1e-6 # Ensure radius never becomes zero\n        current_local_radius = search_range * local_radius_factor * (1 - i / iterations)\n        current_local_radius = max(current_local_radius, min_local_radius)\n        \n        # Global exploration strategy: a combination of gradual decay and periodic large jumps.\n        # The base global jump probability decreases over iterations.\n        base_global_jump_prob = 0.3 * (1 - i / iterations) + 0.1 # Decreases from 0.4 to 0.1\n\n        # Introduce a small, fixed probability for a \"large jump\" to ensure continuous global exploration.\n        # This helps escape plateaus or deep local minima.\n        large_jump_prob = 0.05 \n        \n        # Total probability of a global jump (either standard or large)\n        current_global_jump_prob = base_global_jump_prob + large_jump_prob * (1 - base_global_jump_prob) # Cap at 1 if needed, but unlikely\n\n        if np.random.rand() < current_global_jump_prob:\n            # Decide whether to perform a standard global jump or a large jump\n            if np.random.rand() < large_jump_prob / current_global_jump_prob: # Proportionate probability for large jump\n                # Large random jump: explore a wider area, potentially far from current best.\n                # Use a larger range for this jump.\n                jump_range = (bounds[1] - bounds[0]) * 0.5 # Jump up to 50% of the total search range\n                x = best_x + np.random.uniform(-jump_range, jump_range)\n                y = best_y + np.random.uniform(-jump_range, jump_range)\n            else:\n                # Standard global random search (exploration): jump to a new random location within bounds\n                x = np.random.uniform(bounds[0], bounds[1])\n                y = np.random.uniform(bounds[0], bounds[1])\n        else:\n            # Local perturbation around current best (exploitation): refine the solution.\n            # The local radius is kept somewhat consistent and adaptive.\n            # If we found a new best, we might want to explore more around it.\n            # For simplicity, we'll keep the shrinking radius but ensure it doesn't vanish too quickly.\n            # The previous radius calculation was: search_range * local_radius_factor * (1 - i / iterations)\n            # Let's make it slightly more robust and less linear in its shrinkage.\n            # We'll use a similar shrinking factor but ensure it doesn't become extremely small too early.\n            \n            # Adaptive local radius: shrinks but not too fast, especially if improvements are made.\n            # For simplicity in this targeted change, we'll keep a similar shrinking mechanism but ensure\n            # it doesn't become excessively small.\n            \n            # Previous: current_local_radius = search_range * local_radius_factor * (1 - i / iterations)\n            # Let's adjust local_radius_factor and ensure the minimum is maintained.\n            # The previous local_radius_factor was 0.1. Let's try 0.15 for a bit more initial local exploration.\n            \n            adaptive_local_radius_factor = 0.15 # Increased initial local exploration range\n            current_local_radius = search_range * adaptive_local_radius_factor * (1 - i / iterations)\n            current_local_radius = max(current_local_radius, min_local_radius * 10) # Ensure minimum is not too tiny\n\n            x = best_x + np.random.uniform(-current_local_radius, current_local_radius)\n            y = best_y + np.random.uniform(-current_local_radius, current_local_radius)\n            \n            # Ensure points stay within bounds\n            x = np.clip(x, bounds[0], bounds[1])\n            y = np.clip(y, bounds[0], bounds[1])\n\n        value = evaluate_function(x, y)\n\n        if value < best_value:\n            best_value = value\n            best_x, best_y = x, y\n\n    return best_x, best_y, best_value\n\n\n# EVOLVE-BLOCK-END\n\n\n# This part remains fixed (not evolved)\ndef evaluate_function(x, y):\n    \"\"\"The complex function we're trying to minimize\"\"\"\n    return np.sin(x) * np.cos(y) + np.sin(x * y) + (x**2 + y**2) / 20\n\n\ndef run_search():\n    x, y, value = search_algorithm()\n    return x, y, value\n\n\nif __name__ == \"__main__\":\n    x, y, value = run_search()\n    print(f\"Found minimum at ({x}, {y}) with value {value}\")\n", "language": "python", "parent_id": "81339af7-4d5c-4fd2-8ca7-ccffbc72f8ae", "generation": 4, "timestamp": 1759268021.439498, "iteration_found": 37, "metrics": {"runs_successfully": 1.0, "value_score": 0.9899640679134494, "distance_score": 0.7139060009632852, "combined_score": 1.3637307513685653, "reliability_score": 1.0}, "complexity": 0.0, "diversity": 0.0, "metadata": {"changes": "Change 1: Replace 52 lines with 78 lines", "parent_metrics": {"runs_successfully": 1.0, "value_score": 0.9899520333384243, "distance_score": 0.7130733496603033, "combined_score": 1.3633470323509544, "reliability_score": 1.0}, "island": 0}, "prompts": {"diff_user": {"system": "You are an expert programmer specializing in optimization algorithms. Your task is to improve a function minimization algorithm to find the global minimum of a complex function with many local minima. The function is f(x, y) = sin(x) * cos(y) + sin(x*y) + (x^2 + y^2)/20. Focus on improving the search_algorithm function to reliably find the global minimum, escaping local minima that might trap simple algorithms.", "user": "# Current Program Information\n- Fitness: 1.3633\n- Feature coordinates: No feature coordinates\n- Focus areas: - Fitness declined: 1.4950 \u00e2\u2020\u2019 1.3633. Consider revising recent changes.\n- Consider simplifying - code length exceeds 500 characters\n\n## Last Execution Output\n\n### stage1_result\n```\nFound solution at x=-1.7029, y=0.6786 with value=-1.5187\n```\n\n### distance_to_global\n```\n0.0013\n```\n\n### solution_quality\n```\nDistance < 0.5: Very close\n```\n\n### convergence_info\n```\nConverged in 10 trials with 10 successes\n```\n\n### best_position\n```\nFinal position: x=-1.7047, y=0.6771\n```\n\n### average_distance_to_global\n```\n0.4024\n```\n\n### search_efficiency\n```\nSuccess rate: 100.00%\n```\n\n# Program Evolution History\n## Previous Attempts\n\n### Attempt 3\n- Changes: Change 1: Replace 9 lines with 22 lines\n- Metrics: runs_successfully: 1.0000, value_score: 0.9996, distance_score: 0.9896, combined_score: 1.4950, reliability_score: 1.0000\n- Outcome: Mixed results\n\n### Attempt 2\n- Changes: Change 1: Replace 10 lines with 4 lines\nChange 2: Replace 16 lines with 37 lines\n- Metrics: runs_successfully: 1.0000, value_score: 0.9997, distance_score: 0.9980, combined_score: 1.4989, reliability_score: 1.0000\n- Outcome: Mixed results\n\n### Attempt 1\n- Changes: Change 1: Replace 22 lines with 32 lines\n- Metrics: runs_successfully: 1.0000, value_score: 0.9997, distance_score: 0.9985, combined_score: 1.4991, reliability_score: 1.0000\n- Outcome: Mixed results\n\n## Top Performing Programs\n\n### Program 1 (Score: 1.4991)\n```python\n# EVOLVE-BLOCK-START\n\"\"\"Function minimization example for OpenEvolve\"\"\"\nimport numpy as np\n\n\ndef search_algorithm(iterations=1000, bounds=(-5, 5)):\n    \"\"\"\n    A simple random search algorithm that often gets stuck in local minima.\n\n    Args:\n        iterations: Number of iterations to run\n        bounds: Bounds for the search space (min, max)\n\n    Returns:\n        Tuple of (best_x, best_y, best_value)\n    \"\"\"\n    # Initialize with a random point\n    best_x = np.random.uniform(bounds[0], bounds[1])\n    best_y = np.random.uniform(bounds[0], bounds[1])\n    best_value = evaluate_function(best_x, best_y)\n\n    search_range = bounds[1] - bounds[0]\n    \n    for i in range(iterations):\n        # Local search parameters: radius shrinks over iterations\n        # Start with a larger radius and decrease it to focus the search.\n        local_radius_factor = 0.1 # Max local search radius is 10% of total search_range\n        min_local_radius = 1e-6 # Ensure radius never becomes zero\n        current_local_radius = search_range * local_radius_factor * (1 - i / iterations)\n        current_local_radius = max(current_local_radius, min_local_radius)\n        \n        # Global jump probability: decreases over iterations to favor local search later.\n        # Starts higher (e.g., 0.6) and goes down (e.g., to 0.1).\n        global_jump_prob = 0.5 * (1 - i / iterations) + 0.1 \n\n        if np.random.rand() < global_jump_prob:\n            # Global random search (exploration): jump to a new random location\n            x = np.random.uniform(bounds[0], bounds[1])\n            y = np.random.uniform(bounds[0], bounds[1])\n        else:\n            # Local perturbation around current best (exploitation): refine the solution\n            x = best_x + np.random.uniform(-current_local_radius, current_local_radius)\n            y = best_y + np.random.uniform(-current_local_radius, current_local_radius)\n            \n            # Ensure points stay within bounds\n            x = np.clip(x, bounds[0], bounds[1])\n            y = np.clip(y, bounds[0], bounds[1])\n\n        value = evaluate_function(x, y)\n\n        if value < best_value:\n            best_value = value\n            best_x, best_y = x, y\n\n    return best_x, best_y, best_value\n\n\n# EVOLVE-BLOCK-END\n\n\n# This part remains fixed (not evolved)\ndef evaluate_function(x, y):\n    \"\"\"The complex function we're trying to minimize\"\"\"\n    return np.sin(x) * np.cos(y) + np.sin(x * y) + (x**2 + y**2) / 20\n\n\ndef run_search():\n    x, y, value = search_algorithm()\n    return x, y, value\n\n\nif __name__ == \"__main__\":\n    x, y, value = run_search()\n    print(f\"Found minimum at ({x}, {y}) with value {value}\")\n\n```\nKey features: Performs well on runs_successfully (1.0000), Performs well on value_score (0.9997), Performs well on distance_score (0.9985), Performs well on combined_score (1.4991), Performs well on reliability_score (1.0000)\n\n### Program 2 (Score: 1.4989)\n```python\n# EVOLVE-BLOCK-START\n\"\"\"Function minimization example for OpenEvolve\"\"\"\nimport numpy as np\n\n\ndef search_algorithm(iterations=1000, bounds=(-5, 5)):\n    \"\"\"\n    Hybrid search combining global random exploration with local exploitation,\n    adapting search radius and global jump probability over iterations to escape local minima.\n    \"\"\"\n    # Initialize with a random point\n    best_x = np.random.uniform(bounds[0], bounds[1])\n    best_y = np.random.uniform(bounds[0], bounds[1])\n    best_value = evaluate_function(best_x, best_y)\n\n    search_range = bounds[1] - bounds[0]\n    \n    for i in range(iterations):\n        # Local search parameters: radius shrinks over iterations\n        local_radius_factor = 0.1 # Max local search radius is 10% of total search_range\n        min_local_radius = 1e-6 # Ensure radius never becomes zero\n        current_local_radius = search_range * local_radius_factor * (1 - i / iterations)\n        current_local_radius = max(current_local_radius, min_local_radius)\n        \n        # Global jump probability: decreases from 60% to 10% over iterations\n        global_jump_prob = 0.5 * (1 - i / iterations) + 0.1 \n\n        if np.random.rand() < global_jump_prob:\n            # Global random search (exploration)\n            x = np.random.uniform(bounds[0], bounds[1])\n            y = np.random.uniform(bounds[0], bounds[1])\n        else:\n            # Local perturbation around current best (exploitation)\n            x = best_x + np.random.uniform(-current_local_radius, current_local_radius)\n            y = best_y + np.random.uniform(-current_local_radius, current_local_radius)\n            \n            # Ensure points stay within bounds\n            x = np.clip(x, bounds[0], bounds[1])\n            y = np.clip(y, bounds[0], bounds[1])\n\n        value = evaluate_function(x, y)\n\n        if value < best_value:\n            best_value = value\n            best_x, best_y = x, y\n\n    return best_x, best_y, best_value\n\n\n# EVOLVE-BLOCK-END\n\n\n# This part remains fixed (not evolved)\ndef evaluate_function(x, y):\n    \"\"\"The complex function we're trying to minimize\"\"\"\n    return np.sin(x) * np.cos(y) + np.sin(x * y) + (x**2 + y**2) / 20\n\n\ndef run_search():\n    x, y, value = search_algorithm()\n    return x, y, value\n\n\nif __name__ == \"__main__\":\n    x, y, value = run_search()\n    print(f\"Found minimum at ({x}, {y}) with value {value}\")\n\n```\nKey features: Performs well on runs_successfully (1.0000), Performs well on value_score (0.9997), Performs well on distance_score (0.9980), Performs well on combined_score (1.4989), Performs well on reliability_score (1.0000)\n\n### Program 3 (Score: 1.4950)\n```python\n# EVOLVE-BLOCK-START\n\"\"\"Function minimization example for OpenEvolve\"\"\"\nimport numpy as np\n\n\ndef search_algorithm(iterations=1000, bounds=(-5, 5)):\n    \"\"\"\n    A simple random search algorithm that often gets stuck in local minima.\n\n    Args:\n        iterations: Number of iterations to run\n        bounds: Bounds for the search space (min, max)\n\n    Returns:\n        Tuple of (best_x, best_y, best_value)\n    \"\"\"\n    # Initialize with a random point\n    best_x = np.random.uniform(bounds[0], bounds[1])\n    best_y = np.random.uniform(bounds[0], bounds[1])\n    best_value = evaluate_function(best_x, best_y)\n\n    for i in range(iterations):\n        # Adaptive search: blend global exploration with local exploitation\n        # alpha starts at 1.0 (pure global) and goes to 0.0 (pure local around best_x, best_y)\n        alpha = (1.0 - i / iterations)\n\n        # Global random component\n        global_coords = np.random.uniform(bounds[0], bounds[1], 2)\n        \n        # Current best coordinates\n        best_coords = np.array([best_x, best_y])\n\n        # Blend global and local search components\n        candidate_coords = alpha * global_coords + (1 - alpha) * best_coords\n        \n        # Ensure candidate coordinates stay within bounds\n        x, y = np.clip(candidate_coords, bounds[0], bounds[1])\n\n        value = evaluate_function(x, y)\n\n        if value < best_value:\n            best_value = value\n            best_x, best_y = x, y\n\n    return best_x, best_y, best_value\n\n\n# EVOLVE-BLOCK-END\n\n\n# This part remains fixed (not evolved)\ndef evaluate_function(x, y):\n    \"\"\"The complex function we're trying to minimize\"\"\"\n    return np.sin(x) * np.cos(y) + np.sin(x * y) + (x**2 + y**2) / 20\n\n\ndef run_search():\n    x, y, value = search_algorithm()\n    return x, y, value\n\n\nif __name__ == \"__main__\":\n    x, y, value = run_search()\n    print(f\"Found minimum at ({x}, {y}) with value {value}\")\n\n```\nKey features: Performs well on runs_successfully (1.0000), Performs well on value_score (0.9996), Performs well on distance_score (0.9896), Performs well on combined_score (1.4950), Performs well on reliability_score (1.0000)\n\n\n\n## Diverse Programs\n\n### Program D1 (Score: 1.4937)\n```python\n# EVOLVE-BLOCK-START\n\"\"\"Function minimization example for OpenEvolve\"\"\"\nimport numpy as np\n\n\ndef search_algorithm(iterations=1000, bounds=(-5, 5)):\n    \"\"\"\n    A simple random search algorithm that often gets stuck in local minima.\n\n    Args:\n        iterations: Number of iterations to run\n        bounds: Bounds for the search space (min, max)\n\n    Returns:\n        Tuple of (best_x, best_y, best_value)\n    \"\"\"\n    # Initialize with a random point\n    best_x = np.random.uniform(bounds[0], bounds[1])\n    best_y = np.random.uniform(bounds[0], bounds[1])\n    best_value = evaluate_function(best_x, best_y)\n\n    # Parameters for the hybrid search strategy\n    global_search_prob = 0.15  # Probability of performing a global random jump (exploration)\n    initial_local_step_factor = 0.8  # Initial relative range for local search (e.g., 0.8 * total_range)\n    final_local_step_factor = 0.005 # Final relative range for local search (e.g., 0.005 * total_range)\n    \n    search_range = bounds[1] - bounds[0] # Total range of the search space\n\n    for i in range(iterations):\n        # Determine whether to perform a global jump or a local perturbation\n        if np.random.rand() < global_search_prob:\n            # Global random search: explore new, distant areas to escape local minima\n            x = np.random.uniform(bounds[0], bounds[1])\n            y = np.random.uniform(bounds[0], bounds[1])\n        else:\n            # Local search: exploit promising regions around the current best point\n            # The step size for local search decreases linearly over iterations (annealing-like behavior)\n            t = i / iterations # Normalized iteration progress (0 to 1)\n            current_local_step_factor = initial_local_step_factor * (1 - t) + final_local_step_factor * t\n            local_range = search_range * current_local_step_factor\n            \n            # Generate a candidate point by perturbing the current best_x, best_y\n            x_candidate = np.random.uniform(best_x - local_range/2, best_x + local_range/2)\n            y_candidate = np.random.uniform(best_y - local_range/2, best_y + local_range/2)\n            \n            # Clip candidates to ensure they stay within the overall defined search bounds\n            x = np.clip(x_candidate, bounds[0], bounds[1])\n            y = np.clip(y_candidate, bounds[0], bounds[1])\n            \n        value = evaluate_function(x, y)\n\n        # Update the best found solution if the current candidate is better\n        if value < best_value:\n            best_value = value\n            best_x, best_y = x, y\n\n    return best_x, best_y, best_value\n\n\n# EVOLVE-BLOCK-END\n\n\n# This part remains fixed (not evolved)\ndef evaluate_function(x, y):\n    \"\"\"The complex function we're trying to minimize\"\"\"\n    return np.sin(x) * np.cos(y) + np.sin(x * y) + (x**2 + y**2) / 20\n\n\ndef run_search():\n    x, y, value = search_algorithm()\n    return x, y, value\n\n\nif __name__ == \"__main__\":\n    x, y, value = run_search()\n    print(f\"Found minimum at ({x}, {y}) with value {value}\")\n\n```\nKey features: Alternative approach to runs_successfully, Alternative approach to value_score\n\n### Program D2 (Score: 1.4863)\n```python\n# EVOLVE-BLOCK-START\n\"\"\"Function minimization example for OpenEvolve\"\"\"\nimport numpy as np\n\n\ndef search_algorithm(iterations=1000, bounds=(-5, 5)):\n    \"\"\"\n    A simple random search algorithm that often gets stuck in local minima.\n\n    Args:\n        iterations: Number of iterations to run\n        bounds: Bounds for the search space (min, max)\n\n    Returns:\n        Tuple of (best_x, best_y, best_value)\n    \"\"\"\n    # Initialize with a random point\n    best_x = np.random.uniform(bounds[0], bounds[1])\n    best_y = np.random.uniform(bounds[0], bounds[1])\n    best_value = evaluate_function(best_x, best_y)\n\n    # Define a fixed step size for local perturbations\n    # This enables local exploitation around the current best solution.\n    local_search_step = (bounds[1] - bounds[0]) / 20.0 \n\n    for _ in range(iterations):\n        x, y = best_x, best_y # Start candidate from current best for potential local search\n\n        # With a certain probability (e.g., 70%), perform a global random search for exploration.\n        # Otherwise (30%), perform a local search around the current best for exploitation.\n        if np.random.rand() < 0.7: \n            x = np.random.uniform(bounds[0], bounds[1])\n            y = np.random.uniform(bounds[0], bounds[1])\n        else: \n            # Perturb the current best solution\n            x_candidate = best_x + np.random.uniform(-local_search_step, local_search_step)\n            y_candidate = best_y + np.random.uniform(-local_search_step, local_search_step)\n            # Clip candidates to stay within the defined bounds\n            x = np.clip(x_candidate, bounds[0], bounds[1])\n            y = np.clip(y_candidate, bounds[0], bounds[1])\n        \n        value = evaluate_function(x, y)\n\n        if value < best_value:\n            best_value = value\n            best_x, best_y = x, y\n\n    return best_x, best_y, best_value\n\n\n# EVOLVE-BLOCK-END\n\n\n# This part remains fixed (not evolved)\ndef evaluate_function(x, y):\n    \"\"\"The complex function we're trying to minimize\"\"\"\n    return np.sin(x) * np.cos(y) + np.sin(x * y) + (x**2 + y**2) / 20\n\n\ndef run_search():\n    x, y, value = search_algorithm()\n    return x, y, value\n\n\nif __name__ == \"__main__\":\n    x, y, value = run_search()\n    print(f\"Found minimum at ({x}, {y}) with value {value}\")\n\n```\nKey features: Alternative approach to runs_successfully, Alternative approach to value_score\n\n## Inspiration Programs\n\nThese programs represent diverse approaches and creative solutions that may inspire new ideas:\n\n### Inspiration 1 (Score: 1.3627, Type: High-Performer)\n```python\n# EVOLVE-BLOCK-START\n\"\"\"Function minimization example for OpenEvolve\"\"\"\nimport numpy as np\n\n\ndef search_algorithm(iterations=1000, bounds=(-5, 5)):\n    \"\"\"\n    A simple random search algorithm that often gets stuck in local minima.\n\n    Args:\n        iterations: Number of iterations to run\n        bounds: Bounds for the search space (min, max)\n\n    Returns:\n        Tuple of (best_x, best_y, best_value)\n    \"\"\"\n    # Initialize with a random point\n    best_x = np.random.uniform(bounds[0], bounds[1])\n    best_y = np.random.uniform(bounds[0], bounds[1])\n    best_value = evaluate_function(best_x, best_y)\n\n    # Parameters for the hybrid search strategy\n    global_search_prob = 0.20  # Slightly increased probability for global exploration\n    initial_local_step_factor = 0.7  # Slightly reduced initial step for more focused local search\n    final_local_step_factor = 0.002 # Further reduced final step for finer tuning\n    \n    search_range = bounds[1] - bounds[0] # Total range of the search space\n\n    # Parameters for detecting stagnation and triggering restarts\n    stagnation_threshold = 50  # Number of iterations without improvement to trigger a restart\n    no_improvement_count = 0\n\n    for i in range(iterations):\n        # Determine whether to perform a global jump or a local perturbation\n        if np.random.rand() < global_search_prob:\n            # Global random search: explore new, distant areas to escape local minima\n            x = np.random.uniform(bounds[0], bounds[1])\n            y = np.random.uniform(bounds[0], bounds[1])\n            # Reset stagnation counter when a global jump is made\n            no_improvement_count = 0 \n        else:\n            # Local search: exploit promising regions around the current best point\n            # The step size for local search decreases linearly over iterations (annealing-like behavior)\n            t = i / iterations # Normalized iteration progress (0 to 1)\n            current_local_step_factor = initial_local_step_factor * (1 - t) + final_local_step_factor * t\n            local_range = search_range * current_local_step_factor\n            \n            # Generate a candidate point by perturbing the current best_x, best_y\n            x_candidate = np.random.uniform(best_x - local_range/2, best_x + local_range/2)\n            y_candidate = np.random.uniform(best_y - local_range/2, best_y + local_range/2)\n            \n            # Clip candidates to ensure they stay within the overall defined search bounds\n            x = np.clip(x_candidate, bounds[0], bounds[1])\n            y = np.clip(y_candidate, bounds[0], bounds[1])\n            \n        value = evaluate_function(x, y)\n\n        # Update the best found solution if the current candidate is better\n        if value < best_value:\n            best_value = value\n            best_x, best_y = x, y\n            no_improvement_count = 0  # Reset counter because we found a better solution\n        else:\n            no_improvement_count += 1\n\n        # If stuck in a local minimum, perform a restart\n        if no_improvement_count >= stagnation_threshold:\n            print(f\"Restarting search at iteration {i} due to stagnation.\")\n            # Re-initialize with a new random point\n            best_x = np.random.uniform(bounds[0], bounds[1])\n            best_y = np.random.uniform(bounds[0], bounds[1])\n            best_value = evaluate_function(best_x, best_y)\n            no_improvement_count = 0 # Reset counter after restart\n\n    return best_x, best_y, best_value\n\n\n# EVOLVE-BLOCK-END\n\n\n# This part remains fixed (not evolved)\ndef evaluate_function(x, y):\n    \"\"\"The complex function we're trying to minimize\"\"\"\n    return np.sin(x) * np.cos(y) + np.sin(x * y) + (x**2 + y**2) / 20\n\n\ndef run_search():\n    x, y, value = search_algorithm()\n    return x, y, value\n\n\nif __name__ == \"__main__\":\n    x, y, value = run_search()\n    print(f\"Found minimum at ({x}, {y}) with value {value}\")\n\n```\nUnique approach: Modification: Change 1: Replace 36 lines with 54 lines, Excellent runs_successfully (1.000), Excellent value_score (0.990)\n\n### Inspiration 2 (Score: 0.0000, Type: Exploratory)\n```python\n# EVOLVE-BLOCK-START\n\"\"\"Function minimization example for OpenEvolve\"\"\"\nimport numpy as np\n\n\ndef search_algorithm(iterations=1000, bounds=(-5, 5)):\n    \"\"\"\n    A simple random search algorithm that often gets stuck in local minima.\n\n    Args:\n        iterations: Number of iterations to run\n        bounds: Bounds for the search space (min, max)\n\n    Returns:\n        Tuple of (best_x, best_y, best_value)\n    \"\"\"\n    # Initialize with a random point\n    best_x = np.random.uniform(bounds[0], bounds[1])\n    best_y = np.random.uniform(bounds[0], bounds[1])\n    best_value = evaluate_function(best_x, best_y)\n\n    search_range = bounds[1] - bounds[0]\n    \n    # Adaptive parameters for exploration-exploitation balance\n    # Local search radius starts as a fraction of the total search range and shrinks over time.\n    initial_local_radius_factor = 0.1  # Max local search radius is 10% of total search_range\n    min_local_radius = 1e-6          # Ensure radius never becomes zero\n    \n    # Global jump probability decreases over iterations, starting higher for exploration.\n    # It transitions from a higher value (e.g., 0.6) to a lower value (e.g., 0.1).\n    global_jump_start_prob = 0.6\n    global_jump_end_prob = 0.1\n\n    for i in range(iterations):\n        # Calculate current local radius: shrinks linearly from initial_local_radius_factor to near zero.\n        t = i / iterations # Normalized iteration progress (0 to 1)\n        current_local_radius = search_range * initial_local_radius_factor * (1 - t)\n        current_local_radius = max(current_local_radius, min_local_radius)\n        \n        # Calculate current global jump probability: decays linearly from start to end.\n        current_global_jump_prob = global_jump_start_prob * (1 - t) + global_jump_end_prob * t\n\n        if np.random.rand() < current_global_jump_prob:\n            # Global exploration: Sample a completely new random point.\n            x = np.random.uniform(bounds[0], bounds[1])\n            y = np.random.uniform(bounds[0], bounds[1])\n        else:\n            # Local exploitation: Perturb around the current best solution.\n            # The perturbation range is determined by current_local_radius.\n            x_candidate = best_x + np.random.uniform(-current_local_radius, current_local_radius)\n            y_candidate = best_y + np.random.uniform(-current_local_radius, current_local_radius)\n            \n            # Ensure candidate points stay within the defined bounds.\n            x = np.clip(x_candidate, bounds[0], bounds[1])\n            y = np.clip(y_candidate, bounds[0], bounds[1])\n\n        value = evaluate_function(x, y)\n\n        # Update the best found solution if the current candidate is better.\n        if value < best_value:\n            best_value = value\n            best_x, best_y = x, y\n            no_improvement_count = 0  # Reset stagnation counter on improvement\n        else:\n            no_improvement_count += 1\n\n        # If the search has stagnated for too long, restart from a new random point.\n        # This helps to escape deep local minima.\n        if no_improvement_count >= stagnation_threshold:\n            print(f\"Restarting search at iteration {i} due to stagnation.\")\n            # Re-initialize with a new random point\n            best_x = np.random.uniform(bounds[0], bounds[1])\n            best_y = np.random.uniform(bounds[0], bounds[1])\n            best_value = evaluate_function(best_x, best_y)\n            no_improvement_count = 0  # Reset counter after restart\n\n    return best_x, best_y, best_value\n=======\n        if value < best_value:\n            best_value = value\n            best_x, best_y = x, y\n            no_improvement_count = 0  # Reset stagnation counter on improvement\n        else:\n            no_improvement_count += 1\n\n        # If the search has stagnated for too long, restart from a new random point.\n        # This helps to escape deep local minima.\n        if no_improvement_count >= stagnation_threshold:\n            print(f\"Restarting search at iteration {i} due to stagnation.\")\n            # Re-initialize with a new random point\n            best_x = np.random.uniform(bounds[0], bounds[1])\n            best_y = np.random.uniform(bounds[0], bounds[1])\n            best_value = evaluate_function(best_x, best_y)\n            no_improvement_count = 0  # Reset counter after restart\n\n    return best_x, best_y, best_value\n\n    return best_x, best_y, best_value\n\n\n# EVOLVE-BLOCK-END\n\n\n# This part remains fixed (not evolved)\ndef evaluate_function(x, y):\n    \"\"\"The complex function we're trying to minimize\"\"\"\n    return np.sin(x) * np.cos(y) + np.sin(x * y) + (x**2 + y**2) / 20\n\n\ndef run_search():\n    x, y, value = search_algorithm()\n    return x, y, value\n\n\nif __name__ == \"__main__\":\n    x, y, value = run_search()\n    print(f\"Found minimum at ({x}, {y}) with value {value}\")\n\n```\nUnique approach: Modification: Change 1: Replace 25 lines with 41 lines\nChange 2: Replace 3 lines with 37 lines, Alternative runs_successfully approach, Alternative combined_score approach\n\n### Inspiration 3 (Score: 1.4991, Type: High-Performer)\n```python\n# EVOLVE-BLOCK-START\n\"\"\"Function minimization example for OpenEvolve\"\"\"\nimport numpy as np\n\n\ndef search_algorithm(iterations=1000, bounds=(-5, 5)):\n    \"\"\"\n    A simple random search algorithm that often gets stuck in local minima.\n\n    Args:\n        iterations: Number of iterations to run\n        bounds: Bounds for the search space (min, max)\n\n    Returns:\n        Tuple of (best_x, best_y, best_value)\n    \"\"\"\n    # Initialize with a random point\n    best_x = np.random.uniform(bounds[0], bounds[1])\n    best_y = np.random.uniform(bounds[0], bounds[1])\n    best_value = evaluate_function(best_x, best_y)\n\n    search_range = bounds[1] - bounds[0]\n    \n    for i in range(iterations):\n        # Local search parameters: radius shrinks over iterations\n        # Start with a larger radius and decrease it to focus the search.\n        local_radius_factor = 0.1 # Max local search radius is 10% of total search_range\n        min_local_radius = 1e-6 # Ensure radius never becomes zero\n        current_local_radius = search_range * local_radius_factor * (1 - i / iterations)\n        current_local_radius = max(current_local_radius, min_local_radius)\n        \n        # Global jump probability: decreases over iterations to favor local search later.\n        # Starts higher (e.g., 0.6) and goes down (e.g., to 0.1).\n        global_jump_prob = 0.5 * (1 - i / iterations) + 0.1 \n\n        if np.random.rand() < global_jump_prob:\n            # Global random search (exploration): jump to a new random location\n            x = np.random.uniform(bounds[0], bounds[1])\n            y = np.random.uniform(bounds[0], bounds[1])\n        else:\n            # Local perturbation around current best (exploitation): refine the solution\n            x = best_x + np.random.uniform(-current_local_radius, current_local_radius)\n            y = best_y + np.random.uniform(-current_local_radius, current_local_radius)\n            \n            # Ensure points stay within bounds\n            x = np.clip(x, bounds[0], bounds[1])\n            y = np.clip(y, bounds[0], bounds[1])\n\n        value = evaluate_function(x, y)\n\n        if value < best_value:\n            best_value = value\n            best_x, best_y = x, y\n\n    return best_x, best_y, best_value\n\n\n# EVOLVE-BLOCK-END\n\n\n# This part remains fixed (not evolved)\ndef evaluate_function(x, y):\n    \"\"\"The complex function we're trying to minimize\"\"\"\n    return np.sin(x) * np.cos(y) + np.sin(x * y) + (x**2 + y**2) / 20\n\n\ndef run_search():\n    x, y, value = search_algorithm()\n    return x, y, value\n\n\nif __name__ == \"__main__\":\n    x, y, value = run_search()\n    print(f\"Found minimum at ({x}, {y}) with value {value}\")\n\n```\nUnique approach: Modification: Change 1: Replace 22 lines with 32 lines, Excellent runs_successfully (1.000), Excellent value_score (1.000)\n\n# Current Program\n```python\n# EVOLVE-BLOCK-START\n\"\"\"Function minimization example for OpenEvolve\"\"\"\nimport numpy as np\n\n\ndef search_algorithm(iterations=1000, bounds=(-5, 5)):\n    \"\"\"\n    A simple random search algorithm that often gets stuck in local minima.\n\n    Args:\n        iterations: Number of iterations to run\n        bounds: Bounds for the search space (min, max)\n\n    Returns:\n        Tuple of (best_x, best_y, best_value)\n    \"\"\"\n    # Initialize with a random point\n    best_x = np.random.uniform(bounds[0], bounds[1])\n    best_y = np.random.uniform(bounds[0], bounds[1])\n    best_value = evaluate_function(best_x, best_y)\n\n    search_range = bounds[1] - bounds[0]\n    \n    for i in range(iterations):\n        # Local search parameters: radius shrinks over iterations\n        # Start with a larger radius and decrease it to focus the search.\n        local_radius_factor = 0.1 # Max local search radius is 10% of total search_range\n        min_local_radius = 1e-6 # Ensure radius never becomes zero\n        current_local_radius = search_range * local_radius_factor * (1 - i / iterations)\n        current_local_radius = max(current_local_radius, min_local_radius)\n        \n        # Global exploration strategy: a combination of gradual decay and periodic large jumps.\n        # The base global jump probability decreases over iterations.\n        base_global_jump_prob = 0.3 * (1 - i / iterations) + 0.1 # Decreases from 0.4 to 0.1\n\n        # Introduce a small, fixed probability for a \"large jump\" to ensure continuous global exploration.\n        # This helps escape plateaus or deep local minima.\n        large_jump_prob = 0.05 \n        \n        # Total probability of a global jump (either standard or large)\n        current_global_jump_prob = base_global_jump_prob + large_jump_prob * (1 - base_global_jump_prob) # Cap at 1 if needed, but unlikely\n\n        if np.random.rand() < current_global_jump_prob:\n            # Decide whether to perform a standard global jump or a large jump\n            if np.random.rand() < large_jump_prob / current_global_jump_prob: # Proportionate probability for large jump\n                # Large random jump: explore a wider area, potentially far from current best.\n                # Use a larger range for this jump.\n                jump_range = (bounds[1] - bounds[0]) * 0.5 # Jump up to 50% of the total search range\n                x = best_x + np.random.uniform(-jump_range, jump_range)\n                y = best_y + np.random.uniform(-jump_range, jump_range)\n            else:\n                # Standard global random search (exploration): jump to a new random location within bounds\n                x = np.random.uniform(bounds[0], bounds[1])\n                y = np.random.uniform(bounds[0], bounds[1])\n        else:\n            # Local perturbation around current best (exploitation): refine the solution.\n            # The local radius is kept somewhat consistent and adaptive.\n            # If we found a new best, we might want to explore more around it.\n            # For simplicity, we'll keep the shrinking radius but ensure it doesn't vanish too quickly.\n            # The previous radius calculation was: search_range * local_radius_factor * (1 - i / iterations)\n            # Let's make it slightly more robust and less linear in its shrinkage.\n            # We'll use a similar shrinking factor but ensure it doesn't become extremely small too early.\n            \n            # Adaptive local radius: shrinks but not too fast, especially if improvements are made.\n            # For simplicity in this targeted change, we'll keep a similar shrinking mechanism but ensure\n            # it doesn't become excessively small.\n            \n            # Previous: current_local_radius = search_range * local_radius_factor * (1 - i / iterations)\n            # Let's adjust local_radius_factor and ensure the minimum is maintained.\n            # The previous local_radius_factor was 0.1. Let's try 0.15 for a bit more initial local exploration.\n            \n            adaptive_local_radius_factor = 0.15 # Increased initial local exploration range\n            current_local_radius = search_range * adaptive_local_radius_factor * (1 - i / iterations)\n            current_local_radius = max(current_local_radius, min_local_radius * 10) # Ensure minimum is not too tiny\n\n            x = best_x + np.random.uniform(-current_local_radius, current_local_radius)\n            y = best_y + np.random.uniform(-current_local_radius, current_local_radius)\n            \n            # Ensure points stay within bounds\n            x = np.clip(x, bounds[0], bounds[1])\n            y = np.clip(y, bounds[0], bounds[1])\n\n        value = evaluate_function(x, y)\n\n        if value < best_value:\n            best_value = value\n            best_x, best_y = x, y\n\n    return best_x, best_y, best_value\n\n\n# EVOLVE-BLOCK-END\n\n\n# This part remains fixed (not evolved)\ndef evaluate_function(x, y):\n    \"\"\"The complex function we're trying to minimize\"\"\"\n    return np.sin(x) * np.cos(y) + np.sin(x * y) + (x**2 + y**2) / 20\n\n\ndef run_search():\n    x, y, value = search_algorithm()\n    return x, y, value\n\n\nif __name__ == \"__main__\":\n    x, y, value = run_search()\n    print(f\"Found minimum at ({x}, {y}) with value {value}\")\n\n```\n\n# Task\nSuggest improvements to the program that will improve its FITNESS SCORE.\nThe system maintains diversity across these dimensions: complexity, diversity\nDifferent solutions with similar fitness but different features are valuable.\n\nYou MUST use the exact SEARCH/REPLACE diff format shown below to indicate changes:\n\n<<<<<<< SEARCH\n# Original code to find and replace (must match exactly)\n=======\n# New replacement code\n>>>>>>> REPLACE\n\nExample of valid diff format:\n<<<<<<< SEARCH\nfor i in range(m):\n    for j in range(p):\n        for k in range(n):\n            C[i, j] += A[i, k] * B[k, j]\n=======\n# Reorder loops for better memory access pattern\nfor i in range(m):\n    for k in range(n):\n        for j in range(p):\n            C[i, j] += A[i, k] * B[k, j]\n>>>>>>> REPLACE\n\nYou can suggest multiple changes. Each SEARCH section must exactly match code in the current program.\nBe thoughtful about your changes and explain your reasoning thoroughly.\n\nIMPORTANT: Do not rewrite the entire program - focus on targeted improvements.", "responses": ["The current program is a hybrid search algorithm that balances global exploration with local exploitation. While it performs reasonably well, there are opportunities to improve its ability to escape local minima and converge to the global optimum.\n\nHere are a few suggestions:\n\n1.  **Introduce a more robust global exploration mechanism:** The current \"large jump\" probability is a good start, but it might not be sufficient for very complex functions with many deep local minima. We can explore strategies like:\n    *   **Adaptive jump size:** Make the \"large jump\" size adaptive, perhaps related to the distance from the current best solution to a set of diverse initial points.\n    *   **Multiple \"walkers\" or particles:** Implement a particle swarm optimization (PSO) or differential evolution (DE) like approach where multiple search agents explore the space, sharing information. This inherently provides better exploration and escape from local minima.\n    *   **Simulated Annealing component:** Introduce a temperature parameter that decreases over time, allowing for larger steps (more exploration) early on and smaller steps (more exploitation) later. This is similar to how the current local radius shrinks, but can be applied to the global jumps as well.\n\n2.  **Refine local search adaptation:** The local search radius shrinks linearly. This can be too aggressive in some cases, causing it to miss finer details, or too slow in others.\n    *   **Adaptive radius based on improvement:** If a significant improvement is found, the local search radius could temporarily expand or reset to explore the new promising area more thoroughly.\n    *   **Non-linear shrinkage:** Use an exponential or a more complex function for radius shrinkage that allows for finer tuning in later stages.\n\n3.  **Stagnation detection and restart:** The current program doesn't explicitly have a mechanism to detect if it's stuck and restart. Inspiration program 1 includes a stagnation detection and restart mechanism, which is a very effective way to escape local minima.\n\nLet's implement a combination of these ideas, focusing on a more dynamic global exploration and a refined local search.\n\n---\n\n**Suggestion 1: Enhance Global Exploration with Adaptive Large Jumps and a Stagnation Restart Mechanism**\n\nThe current global exploration relies on a fixed `large_jump_prob` and a linear shrinkage of the local radius. We can improve this by:\n*   Making the \"large jump\" size more adaptive, potentially proportional to the overall search range but with a factor that can be influenced by how long the search has been running without significant improvement.\n*   Implementing a clear stagnation detection and a mechanism to restart the search from a new random point if it appears to be stuck. This is a robust way to ensure that even if the algorithm gets trapped, it has a chance to find a better region.\n\nHere's the proposed change:\n\n<<<<<<< SEARCH\n        # Global exploration strategy: a combination of gradual decay and periodic large jumps.\n        # The base global jump probability decreases over iterations.\n        base_global_jump_prob = 0.3 * (1 - i / iterations) + 0.1 # Decreases from 0.4 to 0.1\n\n        # Introduce a small, fixed probability for a \"large jump\" to ensure continuous global exploration.\n        # This helps escape plateaus or deep local minima.\n        large_jump_prob = 0.05 \n        \n        # Total probability of a global jump (either standard or large)\n        current_global_jump_prob = base_global_jump_prob + large_jump_prob * (1 - base_global_jump_prob) # Cap at 1 if needed, but unlikely\n\n        if np.random.rand() < current_global_jump_prob:\n            # Decide whether to perform a standard global jump or a large jump\n            if np.random.rand() < large_jump_prob / current_global_jump_prob: # Proportionate probability for large jump\n                # Large random jump: explore a wider area, potentially far from current best.\n                # Use a larger range for this jump.\n                jump_range = (bounds[1] - bounds[0]) * 0.5 # Jump up to 50% of the total search range\n                x = best_x + np.random.uniform(-jump_range, jump_range)\n                y = best_y + np.random.uniform(-jump_range, jump_range)\n            else:\n                # Standard global random search (exploration): jump to a new random location within bounds\n                x = np.random.uniform(bounds[0], bounds[1])\n                y = np.random.uniform(bounds[0], bounds[1])\n        else:\n            # Local perturbation around current best (exploitation): refine the solution.\n            # The local radius is kept somewhat consistent and adaptive.\n            # If we found a new best, we might want to explore more around it.\n            # For simplicity, we'll keep the shrinking radius but ensure it doesn't vanish too quickly.\n            # The previous radius calculation was: search_range * local_radius_factor * (1 - i / iterations)\n            # Let's make it slightly more robust and less linear in its shrinkage.\n            # We'll use a similar shrinking factor but ensure it doesn't become extremely small too early.\n            \n            # Previous: current_local_radius = search_range * local_radius_factor * (1 - i / iterations)\n            # Let's adjust local_radius_factor and ensure the minimum is maintained.\n            # The previous local_radius_factor was 0.1. Let's try 0.15 for a bit more initial local exploration.\n            \n            adaptive_local_radius_factor = 0.15 # Increased initial local exploration range\n            current_local_radius = search_range * adaptive_local_radius_factor * (1 - i / iterations)\n            current_local_radius = max(current_local_radius, min_local_radius * 10) # Ensure minimum is not too tiny\n\n            x = best_x + np.random.uniform(-current_local_radius, current_local_radius)\n            y = best_y + np.random.uniform(-current_local_radius, current_local_radius)\n            \n            # Ensure points stay within bounds\n            x = np.clip(x, bounds[0], bounds[1])\n            y = np.clip(y, bounds[0], bounds[1])\n\n        value = evaluate_function(x, y)\n\n        if value < best_value:\n            best_value = value\n            best_x, best_y = x, y\n=======\n        # --- Global Exploration Strategy ---\n        # Probability for a standard global jump (exploration)\n        # This probability decreases over time, favoring local search later.\n        # Starts higher (e.g., 0.4) and goes down (e.g., to 0.1).\n        base_global_jump_prob = 0.3 * (1 - i / iterations) + 0.1 \n\n        # Probability for a \"large\" global jump to escape local minima/plateaus.\n        # This probability is relatively small but persistent.\n        large_jump_prob = 0.08 # Increased probability for large jump\n\n        # Total probability of any global jump\n        current_global_jump_prob = base_global_jump_prob + large_jump_prob\n        # Cap the probability at 1.0 to avoid issues with np.random.rand()\n        current_global_jump_prob = min(current_global_jump_prob, 1.0)\n\n        # Decision: Perform a global jump or a local perturbation\n        if np.random.rand() < current_global_jump_prob:\n            # --- Global Jump ---\n            # Determine if it's a standard jump or a large jump\n            # The proportion of large jumps within the total global jump probability\n            prob_of_large_jump_given_global = large_jump_prob / current_global_jump_prob\n\n            if np.random.rand() < prob_of_large_jump_given_global:\n                # Large random jump: explore a wider area.\n                # The jump range is adaptive, potentially covering a significant portion of the search space.\n                # We can make this range slightly smaller as iterations progress to avoid jumping too far\n                # from potentially good but not yet optimal regions.\n                adaptive_large_jump_factor = 0.5 * (1 - i / iterations) + 0.1 # Range from 0.5 down to 0.1\n                jump_range = (bounds[1] - bounds[0]) * adaptive_large_jump_factor\n                \n                # Perturb around the current best, but with a large range\n                x = best_x + np.random.uniform(-jump_range, jump_range)\n                y = best_y + np.random.uniform(-jump_range, jump_range)\n            else:\n                # Standard global random search: jump to a new random location within bounds.\n                x = np.random.uniform(bounds[0], bounds[1])\n                y = np.random.uniform(bounds[0], bounds[1])\n        else:\n            # --- Local Perturbation (Exploitation) ---\n            # Adaptive local search radius: shrinks over time but with a more sustained minimum.\n            # Increased initial local exploration range to better refine promising areas.\n            adaptive_local_radius_factor = 0.15 \n            # Shrinkage factor: (1 - t)^2 for a slower initial decrease and faster later shrinkage.\n            # Or, keep it linear but ensure the minimum is higher. Let's use a slightly adjusted linear decay.\n            current_local_radius = search_range * adaptive_local_radius_factor * (1 - i / iterations)\n            # Ensure the minimum local radius is not too small too early.\n            # Multiplying min_local_radius by 10 ensures it's more substantial.\n            current_local_radius = max(current_local_radius, min_local_radius * 10) \n\n            x = best_x + np.random.uniform(-current_local_radius, current_local_radius)\n            y = best_y + np.random.uniform(-current_local_radius, current_local_radius)\n            \n        # Ensure candidate points stay within the overall defined search bounds.\n        x = np.clip(x, bounds[0], bounds[1])\n        y = np.clip(y, bounds[0], bounds[1])\n\n        # Evaluate the candidate point\n        value = evaluate_function(x, y)\n\n        # Update the best found solution if the current candidate is better.\n        if value < best_value:\n            best_value = value\n            best_x, best_y = x, y\n            no_improvement_count = 0  # Reset stagnation counter on improvement\n        else:\n            no_improvement_count += 1\n\n        # --- Stagnation Detection and Restart ---\n        # If the search has not found a better solution for a certain number of iterations,\n        # it might be stuck in a local minimum or a flat region.\n        stagnation_threshold = 100  # Number of iterations without improvement to trigger a restart\n        if no_improvement_count >= stagnation_threshold:\n            print(f\"Restarting search at iteration {i} due to stagnation ({no_improvement_count} iterations without improvement).\")\n            # Re-initialize with a new random point to escape the current trap.\n            best_x = np.random.uniform(bounds[0], bounds[1])\n            best_y = np.random.uniform(bounds[0], bounds[1])\n            best_value = evaluate_function(best_x, best_y)\n            no_improvement_count = 0  # Reset counter after restart\n>>>>>>> REPLACE\n\n**Reasoning for the changes:**\n\n1.  **Enhanced Global Exploration:**\n    *   **Increased `large_jump_prob`**: The probability of a \"large jump\" has been increased from `0.05` to `0.08`. This provides more frequent opportunities to jump out of local minima.\n    *   **Adaptive Large Jump Range**: The `jump_range` for large jumps is now adaptive, decreasing linearly from `0.5` of the total search range to `0.1` over the iterations. This means larger jumps occur earlier in the search (for broad exploration) and smaller, more targeted large jumps occur later, preventing it from jumping too far from potentially good solutions in the final stages.\n    *   **Capped `current_global_jump_prob`**: Ensured the total global jump probability does not exceed 1.0.\n\n2.  **Refined Local Search:**\n    *   **Increased `adaptive_local_radius_factor`**: The initial factor for the local search radius has been increased from `0.1` to `0.15`. This allows for a slightly larger initial exploration around the best point found so far.\n    *   **Sustained Minimum Local Radius**: The minimum local radius is now `min_local_radius * 10` (which is `1e-5`). This ensures that the local search step size doesn't become excessively small too early, allowing for finer exploration in promising regions even as the overall search progresses.\n\n3.  **Stagnation Detection and Restart:**\n    *   **`stagnation_threshold`**: A new parameter `stagnation_threshold` (set to `100`) is introduced.\n    *   **`no_improvement_count`**: A counter `no_improvement_count` is added to track consecutive iterations without finding a better solution.\n    *   **Restart Mechanism**: If `no_improvement_count` reaches `stagnation_threshold`, a message is printed, and the search is restarted by re-initializing `best_x`, `best_y`, and `best_value` with a new random point. This is a critical addition for escaping deep local minima and ensuring convergence to a global optimum. The counter is reset after a restart or an improvement.\n\nThese changes aim to create a more robust search strategy that is less likely to get trapped in local minima, while still effectively exploiting promising regions. The adaptive nature of the jumps and the restart mechanism are key to handling complex, multi-modal functions."]}}, "artifacts_json": "{\"stage1_result\": \"Found solution at x=-1.7029, y=0.6773 with value=-1.5187\", \"distance_to_global\": \"0.0013\", \"solution_quality\": \"Distance < 0.5: Very close\", \"convergence_info\": \"Converged in 10 trials with 10 successes\", \"best_position\": \"Final position: x=-1.7045, y=0.6775\", \"average_distance_to_global\": \"0.4007\", \"search_efficiency\": \"Success rate: 100.00%\"}", "artifact_dir": null}