{"id": "21ca33ef-83bc-460e-9c33-a863c33ee0cd", "code": "# EVOLVE-BLOCK-START\n\"\"\"Function minimization example for OpenEvolve\"\"\"\nimport numpy as np\n\n\ndef search_algorithm(iterations=1000, bounds=(-5, 5)):\n    \"\"\"\n    A simple random search algorithm that often gets stuck in local minima.\n\n    Args:\n        iterations: Number of iterations to run\n        bounds: Bounds for the search space (min, max)\n\n    Returns:\n        Tuple of (best_x, best_y, best_value)\n    \"\"\"\n    # Initialize with a random point\n    best_x = np.random.uniform(bounds[0], bounds[1])\n    best_y = np.random.uniform(bounds[0], bounds[1])\n    best_value = evaluate_function(best_x, best_y)\n\n    # Parameters for adaptive search\n    # Global search probability starts higher and decays non-linearly\n    initial_global_prob = 0.6  # Higher initial probability for exploration\n    final_global_prob = 0.1    # Lower final probability for exploitation\n\n    # Local search step decay: non-linear (e.g., quadratic decay)\n    initial_local_step_factor = 0.8  # Initial relative range for local search\n    final_local_step_factor = 0.001  # Smaller final relative range for local search\n\n    for i in range(iterations):\n        t = i / iterations # Normalized iteration progress (0 to 1)\n\n        # Adaptive global search probability (e.g., quadratic decay)\n        # This ensures more exploration at the start and finer tuning later\n        current_global_prob = initial_global_prob * (1 - t**2) + final_global_prob * t**2\n\n        # Determine whether to perform a global jump or a local perturbation\n        if np.random.rand() < current_global_prob:\n            # Global random search: explore new, distant areas to escape local minima\n            x = np.random.uniform(bounds[0], bounds[1])\n            y = np.random.uniform(bounds[0], bounds[1])\n        else:\n            # Local search: exploit promising regions around the current best point\n            # Non-linear decay for local search step size (e.g., quadratic)\n            current_local_step_factor = initial_local_step_factor * (1 - t**2) + final_local_step_factor * t**2\n            local_range = search_range * current_local_step_factor\n            \n            # Generate a candidate point by perturbing the current best_x, best_y\n            # Ensure the perturbation range is not excessively small too early\n            perturbation_range_x = np.random.uniform(-local_range/2, local_range/2)\n            perturbation_range_y = np.random.uniform(-local_range/2, local_range/2)\n            \n            x_candidate = best_x + perturbation_range_x\n            y_candidate = best_y + perturbation_range_y\n            \n            # Clip candidates to ensure they stay within the overall defined search bounds\n            x = np.clip(x_candidate, bounds[0], bounds[1])\n            y = np.clip(y_candidate, bounds[0], bounds[1])\n            \n        value = evaluate_function(x, y)\n\n        # Update the best found solution if the current candidate is better\n        if value < best_value:\n            best_value = value\n            best_x, best_y = x, y\n\n    return best_x, best_y, best_value\n\n\n# EVOLVE-BLOCK-END\n\n\n# This part remains fixed (not evolved)\ndef evaluate_function(x, y):\n    \"\"\"The complex function we're trying to minimize\"\"\"\n    return np.sin(x) * np.cos(y) + np.sin(x * y) + (x**2 + y**2) / 20\n\n\ndef run_search():\n    x, y, value = search_algorithm()\n    return x, y, value\n\n\nif __name__ == \"__main__\":\n    x, y, value = run_search()\n    print(f\"Found minimum at ({x}, {y}) with value {value}\")\n", "language": "python", "parent_id": "d67f1a3d-025d-4a57-8681-f2dee7651af4", "generation": 3, "timestamp": 1759268040.8636398, "iteration_found": 40, "metrics": {"runs_successfully": 0.0, "combined_score": 0.0, "error": "name 'search_range' is not defined"}, "complexity": 0.0, "diversity": 0.0, "metadata": {"changes": "Change 1: Replace 34 lines with 45 lines", "parent_metrics": {"runs_successfully": 1.0, "value_score": 0.9897621064401878, "distance_score": 0.7080569797674771, "combined_score": 1.3609472207255053, "reliability_score": 1.0}, "island": 0}, "prompts": {"diff_user": {"system": "You are an expert programmer specializing in optimization algorithms. Your task is to improve a function minimization algorithm to find the global minimum of a complex function with many local minima. The function is f(x, y) = sin(x) * cos(y) + sin(x*y) + (x^2 + y^2)/20. Focus on improving the search_algorithm function to reliably find the global minimum, escaping local minima that might trap simple algorithms.", "user": "# Current Program Information\n- Fitness: 1.3609\n- Feature coordinates: No feature coordinates\n- Focus areas: - Fitness declined: 1.4950 \u00e2\u2020\u2019 1.3609. Consider revising recent changes.\n- Consider simplifying - code length exceeds 500 characters\n\n## Last Execution Output\n\n### stage1_result\n```\nFound solution at x=-1.7239, y=0.6830 with value=-1.5183\n```\n\n### distance_to_global\n```\n0.0205\n```\n\n### solution_quality\n```\nDistance < 0.5: Very close\n```\n\n### convergence_info\n```\nConverged in 10 trials with 10 successes\n```\n\n### best_position\n```\nFinal position: x=1.5954, y=2.9248\n```\n\n### average_distance_to_global\n```\n0.4123\n```\n\n### search_efficiency\n```\nSuccess rate: 100.00%\n```\n\n# Program Evolution History\n## Previous Attempts\n\n### Attempt 3\n- Changes: Change 1: Replace 9 lines with 22 lines\n- Metrics: runs_successfully: 1.0000, value_score: 0.9996, distance_score: 0.9896, combined_score: 1.4950, reliability_score: 1.0000\n- Outcome: Mixed results\n\n### Attempt 2\n- Changes: Change 1: Replace 10 lines with 4 lines\nChange 2: Replace 16 lines with 37 lines\n- Metrics: runs_successfully: 1.0000, value_score: 0.9997, distance_score: 0.9980, combined_score: 1.4989, reliability_score: 1.0000\n- Outcome: Mixed results\n\n### Attempt 1\n- Changes: Change 1: Replace 22 lines with 32 lines\n- Metrics: runs_successfully: 1.0000, value_score: 0.9997, distance_score: 0.9985, combined_score: 1.4991, reliability_score: 1.0000\n- Outcome: Mixed results\n\n## Top Performing Programs\n\n### Program 1 (Score: 1.4991)\n```python\n# EVOLVE-BLOCK-START\n\"\"\"Function minimization example for OpenEvolve\"\"\"\nimport numpy as np\n\n\ndef search_algorithm(iterations=1000, bounds=(-5, 5)):\n    \"\"\"\n    A simple random search algorithm that often gets stuck in local minima.\n\n    Args:\n        iterations: Number of iterations to run\n        bounds: Bounds for the search space (min, max)\n\n    Returns:\n        Tuple of (best_x, best_y, best_value)\n    \"\"\"\n    # Initialize with a random point\n    best_x = np.random.uniform(bounds[0], bounds[1])\n    best_y = np.random.uniform(bounds[0], bounds[1])\n    best_value = evaluate_function(best_x, best_y)\n\n    search_range = bounds[1] - bounds[0]\n    \n    for i in range(iterations):\n        # Local search parameters: radius shrinks over iterations\n        # Start with a larger radius and decrease it to focus the search.\n        local_radius_factor = 0.1 # Max local search radius is 10% of total search_range\n        min_local_radius = 1e-6 # Ensure radius never becomes zero\n        current_local_radius = search_range * local_radius_factor * (1 - i / iterations)\n        current_local_radius = max(current_local_radius, min_local_radius)\n        \n        # Global jump probability: decreases over iterations to favor local search later.\n        # Starts higher (e.g., 0.6) and goes down (e.g., to 0.1).\n        global_jump_prob = 0.5 * (1 - i / iterations) + 0.1 \n\n        if np.random.rand() < global_jump_prob:\n            # Global random search (exploration): jump to a new random location\n            x = np.random.uniform(bounds[0], bounds[1])\n            y = np.random.uniform(bounds[0], bounds[1])\n        else:\n            # Local perturbation around current best (exploitation): refine the solution\n            x = best_x + np.random.uniform(-current_local_radius, current_local_radius)\n            y = best_y + np.random.uniform(-current_local_radius, current_local_radius)\n            \n            # Ensure points stay within bounds\n            x = np.clip(x, bounds[0], bounds[1])\n            y = np.clip(y, bounds[0], bounds[1])\n\n        value = evaluate_function(x, y)\n\n        if value < best_value:\n            best_value = value\n            best_x, best_y = x, y\n\n    return best_x, best_y, best_value\n\n\n# EVOLVE-BLOCK-END\n\n\n# This part remains fixed (not evolved)\ndef evaluate_function(x, y):\n    \"\"\"The complex function we're trying to minimize\"\"\"\n    return np.sin(x) * np.cos(y) + np.sin(x * y) + (x**2 + y**2) / 20\n\n\ndef run_search():\n    x, y, value = search_algorithm()\n    return x, y, value\n\n\nif __name__ == \"__main__\":\n    x, y, value = run_search()\n    print(f\"Found minimum at ({x}, {y}) with value {value}\")\n\n```\nKey features: Performs well on runs_successfully (1.0000), Performs well on value_score (0.9997), Performs well on distance_score (0.9985), Performs well on combined_score (1.4991), Performs well on reliability_score (1.0000)\n\n### Program 2 (Score: 1.4989)\n```python\n# EVOLVE-BLOCK-START\n\"\"\"Function minimization example for OpenEvolve\"\"\"\nimport numpy as np\n\n\ndef search_algorithm(iterations=1000, bounds=(-5, 5)):\n    \"\"\"\n    Hybrid search combining global random exploration with local exploitation,\n    adapting search radius and global jump probability over iterations to escape local minima.\n    \"\"\"\n    # Initialize with a random point\n    best_x = np.random.uniform(bounds[0], bounds[1])\n    best_y = np.random.uniform(bounds[0], bounds[1])\n    best_value = evaluate_function(best_x, best_y)\n\n    search_range = bounds[1] - bounds[0]\n    \n    for i in range(iterations):\n        # Local search parameters: radius shrinks over iterations\n        local_radius_factor = 0.1 # Max local search radius is 10% of total search_range\n        min_local_radius = 1e-6 # Ensure radius never becomes zero\n        current_local_radius = search_range * local_radius_factor * (1 - i / iterations)\n        current_local_radius = max(current_local_radius, min_local_radius)\n        \n        # Global jump probability: decreases from 60% to 10% over iterations\n        global_jump_prob = 0.5 * (1 - i / iterations) + 0.1 \n\n        if np.random.rand() < global_jump_prob:\n            # Global random search (exploration)\n            x = np.random.uniform(bounds[0], bounds[1])\n            y = np.random.uniform(bounds[0], bounds[1])\n        else:\n            # Local perturbation around current best (exploitation)\n            x = best_x + np.random.uniform(-current_local_radius, current_local_radius)\n            y = best_y + np.random.uniform(-current_local_radius, current_local_radius)\n            \n            # Ensure points stay within bounds\n            x = np.clip(x, bounds[0], bounds[1])\n            y = np.clip(y, bounds[0], bounds[1])\n\n        value = evaluate_function(x, y)\n\n        if value < best_value:\n            best_value = value\n            best_x, best_y = x, y\n\n    return best_x, best_y, best_value\n\n\n# EVOLVE-BLOCK-END\n\n\n# This part remains fixed (not evolved)\ndef evaluate_function(x, y):\n    \"\"\"The complex function we're trying to minimize\"\"\"\n    return np.sin(x) * np.cos(y) + np.sin(x * y) + (x**2 + y**2) / 20\n\n\ndef run_search():\n    x, y, value = search_algorithm()\n    return x, y, value\n\n\nif __name__ == \"__main__\":\n    x, y, value = run_search()\n    print(f\"Found minimum at ({x}, {y}) with value {value}\")\n\n```\nKey features: Performs well on runs_successfully (1.0000), Performs well on value_score (0.9997), Performs well on distance_score (0.9980), Performs well on combined_score (1.4989), Performs well on reliability_score (1.0000)\n\n### Program 3 (Score: 1.4950)\n```python\n# EVOLVE-BLOCK-START\n\"\"\"Function minimization example for OpenEvolve\"\"\"\nimport numpy as np\n\n\ndef search_algorithm(iterations=1000, bounds=(-5, 5)):\n    \"\"\"\n    A simple random search algorithm that often gets stuck in local minima.\n\n    Args:\n        iterations: Number of iterations to run\n        bounds: Bounds for the search space (min, max)\n\n    Returns:\n        Tuple of (best_x, best_y, best_value)\n    \"\"\"\n    # Initialize with a random point\n    best_x = np.random.uniform(bounds[0], bounds[1])\n    best_y = np.random.uniform(bounds[0], bounds[1])\n    best_value = evaluate_function(best_x, best_y)\n\n    for i in range(iterations):\n        # Adaptive search: blend global exploration with local exploitation\n        # alpha starts at 1.0 (pure global) and goes to 0.0 (pure local around best_x, best_y)\n        alpha = (1.0 - i / iterations)\n\n        # Global random component\n        global_coords = np.random.uniform(bounds[0], bounds[1], 2)\n        \n        # Current best coordinates\n        best_coords = np.array([best_x, best_y])\n\n        # Blend global and local search components\n        candidate_coords = alpha * global_coords + (1 - alpha) * best_coords\n        \n        # Ensure candidate coordinates stay within bounds\n        x, y = np.clip(candidate_coords, bounds[0], bounds[1])\n\n        value = evaluate_function(x, y)\n\n        if value < best_value:\n            best_value = value\n            best_x, best_y = x, y\n\n    return best_x, best_y, best_value\n\n\n# EVOLVE-BLOCK-END\n\n\n# This part remains fixed (not evolved)\ndef evaluate_function(x, y):\n    \"\"\"The complex function we're trying to minimize\"\"\"\n    return np.sin(x) * np.cos(y) + np.sin(x * y) + (x**2 + y**2) / 20\n\n\ndef run_search():\n    x, y, value = search_algorithm()\n    return x, y, value\n\n\nif __name__ == \"__main__\":\n    x, y, value = run_search()\n    print(f\"Found minimum at ({x}, {y}) with value {value}\")\n\n```\nKey features: Performs well on runs_successfully (1.0000), Performs well on value_score (0.9996), Performs well on distance_score (0.9896), Performs well on combined_score (1.4950), Performs well on reliability_score (1.0000)\n\n\n\n## Diverse Programs\n\n### Program D1 (Score: 1.4863)\n```python\n# EVOLVE-BLOCK-START\n\"\"\"Function minimization example for OpenEvolve\"\"\"\nimport numpy as np\n\n\ndef search_algorithm(iterations=1000, bounds=(-5, 5)):\n    \"\"\"\n    A simple random search algorithm that often gets stuck in local minima.\n\n    Args:\n        iterations: Number of iterations to run\n        bounds: Bounds for the search space (min, max)\n\n    Returns:\n        Tuple of (best_x, best_y, best_value)\n    \"\"\"\n    # Initialize with a random point\n    best_x = np.random.uniform(bounds[0], bounds[1])\n    best_y = np.random.uniform(bounds[0], bounds[1])\n    best_value = evaluate_function(best_x, best_y)\n\n    # Define a fixed step size for local perturbations\n    # This enables local exploitation around the current best solution.\n    local_search_step = (bounds[1] - bounds[0]) / 20.0 \n\n    for _ in range(iterations):\n        x, y = best_x, best_y # Start candidate from current best for potential local search\n\n        # With a certain probability (e.g., 70%), perform a global random search for exploration.\n        # Otherwise (30%), perform a local search around the current best for exploitation.\n        if np.random.rand() < 0.7: \n            x = np.random.uniform(bounds[0], bounds[1])\n            y = np.random.uniform(bounds[0], bounds[1])\n        else: \n            # Perturb the current best solution\n            x_candidate = best_x + np.random.uniform(-local_search_step, local_search_step)\n            y_candidate = best_y + np.random.uniform(-local_search_step, local_search_step)\n            # Clip candidates to stay within the defined bounds\n            x = np.clip(x_candidate, bounds[0], bounds[1])\n            y = np.clip(y_candidate, bounds[0], bounds[1])\n        \n        value = evaluate_function(x, y)\n\n        if value < best_value:\n            best_value = value\n            best_x, best_y = x, y\n\n    return best_x, best_y, best_value\n\n\n# EVOLVE-BLOCK-END\n\n\n# This part remains fixed (not evolved)\ndef evaluate_function(x, y):\n    \"\"\"The complex function we're trying to minimize\"\"\"\n    return np.sin(x) * np.cos(y) + np.sin(x * y) + (x**2 + y**2) / 20\n\n\ndef run_search():\n    x, y, value = search_algorithm()\n    return x, y, value\n\n\nif __name__ == \"__main__\":\n    x, y, value = run_search()\n    print(f\"Found minimum at ({x}, {y}) with value {value}\")\n\n```\nKey features: Alternative approach to runs_successfully, Alternative approach to value_score\n\n### Program D2 (Score: 1.4937)\n```python\n# EVOLVE-BLOCK-START\n\"\"\"Function minimization example for OpenEvolve\"\"\"\nimport numpy as np\n\n\ndef search_algorithm(iterations=1000, bounds=(-5, 5)):\n    \"\"\"\n    A simple random search algorithm that often gets stuck in local minima.\n\n    Args:\n        iterations: Number of iterations to run\n        bounds: Bounds for the search space (min, max)\n\n    Returns:\n        Tuple of (best_x, best_y, best_value)\n    \"\"\"\n    # Initialize with a random point\n    best_x = np.random.uniform(bounds[0], bounds[1])\n    best_y = np.random.uniform(bounds[0], bounds[1])\n    best_value = evaluate_function(best_x, best_y)\n\n    # Parameters for the hybrid search strategy\n    global_search_prob = 0.15  # Probability of performing a global random jump (exploration)\n    initial_local_step_factor = 0.8  # Initial relative range for local search (e.g., 0.8 * total_range)\n    final_local_step_factor = 0.005 # Final relative range for local search (e.g., 0.005 * total_range)\n    \n    search_range = bounds[1] - bounds[0] # Total range of the search space\n\n    for i in range(iterations):\n        # Determine whether to perform a global jump or a local perturbation\n        if np.random.rand() < global_search_prob:\n            # Global random search: explore new, distant areas to escape local minima\n            x = np.random.uniform(bounds[0], bounds[1])\n            y = np.random.uniform(bounds[0], bounds[1])\n        else:\n            # Local search: exploit promising regions around the current best point\n            # The step size for local search decreases linearly over iterations (annealing-like behavior)\n            t = i / iterations # Normalized iteration progress (0 to 1)\n            current_local_step_factor = initial_local_step_factor * (1 - t) + final_local_step_factor * t\n            local_range = search_range * current_local_step_factor\n            \n            # Generate a candidate point by perturbing the current best_x, best_y\n            x_candidate = np.random.uniform(best_x - local_range/2, best_x + local_range/2)\n            y_candidate = np.random.uniform(best_y - local_range/2, best_y + local_range/2)\n            \n            # Clip candidates to ensure they stay within the overall defined search bounds\n            x = np.clip(x_candidate, bounds[0], bounds[1])\n            y = np.clip(y_candidate, bounds[0], bounds[1])\n            \n        value = evaluate_function(x, y)\n\n        # Update the best found solution if the current candidate is better\n        if value < best_value:\n            best_value = value\n            best_x, best_y = x, y\n\n    return best_x, best_y, best_value\n\n\n# EVOLVE-BLOCK-END\n\n\n# This part remains fixed (not evolved)\ndef evaluate_function(x, y):\n    \"\"\"The complex function we're trying to minimize\"\"\"\n    return np.sin(x) * np.cos(y) + np.sin(x * y) + (x**2 + y**2) / 20\n\n\ndef run_search():\n    x, y, value = search_algorithm()\n    return x, y, value\n\n\nif __name__ == \"__main__\":\n    x, y, value = run_search()\n    print(f\"Found minimum at ({x}, {y}) with value {value}\")\n\n```\nKey features: Alternative approach to runs_successfully, Alternative approach to value_score\n\n## Inspiration Programs\n\nThese programs represent diverse approaches and creative solutions that may inspire new ideas:\n\n### Inspiration 1 (Score: 1.4991, Type: High-Performer)\n```python\n# EVOLVE-BLOCK-START\n\"\"\"Function minimization example for OpenEvolve\"\"\"\nimport numpy as np\n\n\ndef search_algorithm(iterations=1000, bounds=(-5, 5)):\n    \"\"\"\n    A simple random search algorithm that often gets stuck in local minima.\n\n    Args:\n        iterations: Number of iterations to run\n        bounds: Bounds for the search space (min, max)\n\n    Returns:\n        Tuple of (best_x, best_y, best_value)\n    \"\"\"\n    # Initialize with a random point\n    best_x = np.random.uniform(bounds[0], bounds[1])\n    best_y = np.random.uniform(bounds[0], bounds[1])\n    best_value = evaluate_function(best_x, best_y)\n\n    search_range = bounds[1] - bounds[0]\n    \n    for i in range(iterations):\n        # Local search parameters: radius shrinks over iterations\n        # Start with a larger radius and decrease it to focus the search.\n        local_radius_factor = 0.1 # Max local search radius is 10% of total search_range\n        min_local_radius = 1e-6 # Ensure radius never becomes zero\n        current_local_radius = search_range * local_radius_factor * (1 - i / iterations)\n        current_local_radius = max(current_local_radius, min_local_radius)\n        \n        # Global jump probability: decreases over iterations to favor local search later.\n        # Starts higher (e.g., 0.6) and goes down (e.g., to 0.1).\n        global_jump_prob = 0.5 * (1 - i / iterations) + 0.1 \n\n        if np.random.rand() < global_jump_prob:\n            # Global random search (exploration): jump to a new random location\n            x = np.random.uniform(bounds[0], bounds[1])\n            y = np.random.uniform(bounds[0], bounds[1])\n        else:\n            # Local perturbation around current best (exploitation): refine the solution\n            x = best_x + np.random.uniform(-current_local_radius, current_local_radius)\n            y = best_y + np.random.uniform(-current_local_radius, current_local_radius)\n            \n            # Ensure points stay within bounds\n            x = np.clip(x, bounds[0], bounds[1])\n            y = np.clip(y, bounds[0], bounds[1])\n\n        value = evaluate_function(x, y)\n\n        if value < best_value:\n            best_value = value\n            best_x, best_y = x, y\n\n    return best_x, best_y, best_value\n\n\n# EVOLVE-BLOCK-END\n\n\n# This part remains fixed (not evolved)\ndef evaluate_function(x, y):\n    \"\"\"The complex function we're trying to minimize\"\"\"\n    return np.sin(x) * np.cos(y) + np.sin(x * y) + (x**2 + y**2) / 20\n\n\ndef run_search():\n    x, y, value = search_algorithm()\n    return x, y, value\n\n\nif __name__ == \"__main__\":\n    x, y, value = run_search()\n    print(f\"Found minimum at ({x}, {y}) with value {value}\")\n\n```\nUnique approach: Modification: Change 1: Replace 22 lines with 32 lines, Excellent runs_successfully (1.000), Excellent value_score (1.000)\n\n### Inspiration 2 (Score: 1.3636, Type: High-Performer)\n```python\n# EVOLVE-BLOCK-START\n\"\"\"Function minimization example for OpenEvolve\"\"\"\nimport numpy as np\n\n\ndef search_algorithm(iterations=1000, bounds=(-5, 5)):\n    \"\"\"\n    Hybrid search combining global random exploration with local exploitation,\n    adapting search radius and global jump probability over iterations to escape local minima.\n    \"\"\"\n    # Initialize with a random point\n    best_x = np.random.uniform(bounds[0], bounds[1])\n    best_y = np.random.uniform(bounds[0], bounds[1])\n    best_value = evaluate_function(best_x, best_y)\n\n    search_range = bounds[1] - bounds[0]\n    \n    for i in range(iterations):\n        # Local search parameters: radius shrinks over iterations\n        local_radius_factor = 0.1 # Max local search radius is 10% of total search_range\n        min_local_radius = 1e-6 # Ensure radius never becomes zero\n        current_local_radius = search_range * local_radius_factor * (1 - i / iterations)\n        current_local_radius = max(current_local_radius, min_local_radius)\n        \n        # Global jump probability: decreases from 60% to 10% over iterations\n        global_jump_prob = 0.5 * (1 - i / iterations) + 0.1 \n\n        if np.random.rand() < global_jump_prob:\n            # Global random search (exploration)\n            x = np.random.uniform(bounds[0], bounds[1])\n            y = np.random.uniform(bounds[0], bounds[1])\n        else:\n            # Local perturbation around current best (exploitation)\n            x = best_x + np.random.uniform(-current_local_radius, current_local_radius)\n            y = best_y + np.random.uniform(-current_local_radius, current_local_radius)\n            \n            # Ensure points stay within bounds\n            x = np.clip(x, bounds[0], bounds[1])\n            y = np.clip(y, bounds[0], bounds[1])\n\n        value = evaluate_function(x, y)\n\n        if value < best_value:\n            best_value = value\n            best_x, best_y = x, y\n\n    return best_x, best_y, best_value\n\n\n# EVOLVE-BLOCK-END\n\n\n# This part remains fixed (not evolved)\ndef evaluate_function(x, y):\n    \"\"\"The complex function we're trying to minimize\"\"\"\n    return np.sin(x) * np.cos(y) + np.sin(x * y) + (x**2 + y**2) / 20\n\n\ndef run_search():\n    x, y, value = search_algorithm()\n    return x, y, value\n\n\nif __name__ == \"__main__\":\n    x, y, value = run_search()\n    print(f\"Found minimum at ({x}, {y}) with value {value}\")\n\n```\nUnique approach: Modification: Change 1: Replace 7 lines with 7 lines, Excellent runs_successfully (1.000), Excellent value_score (0.990)\n\n### Inspiration 3 (Score: 1.4937, Type: High-Performer)\n```python\n# EVOLVE-BLOCK-START\n\"\"\"Function minimization example for OpenEvolve\"\"\"\nimport numpy as np\n\n\ndef search_algorithm(iterations=1000, bounds=(-5, 5)):\n    \"\"\"\n    A simple random search algorithm that often gets stuck in local minima.\n\n    Args:\n        iterations: Number of iterations to run\n        bounds: Bounds for the search space (min, max)\n\n    Returns:\n        Tuple of (best_x, best_y, best_value)\n    \"\"\"\n    # Initialize with a random point\n    best_x = np.random.uniform(bounds[0], bounds[1])\n    best_y = np.random.uniform(bounds[0], bounds[1])\n    best_value = evaluate_function(best_x, best_y)\n\n    # Parameters for the hybrid search strategy\n    global_search_prob = 0.15  # Probability of performing a global random jump (exploration)\n    initial_local_step_factor = 0.8  # Initial relative range for local search (e.g., 0.8 * total_range)\n    final_local_step_factor = 0.005 # Final relative range for local search (e.g., 0.005 * total_range)\n    \n    search_range = bounds[1] - bounds[0] # Total range of the search space\n\n    for i in range(iterations):\n        # Determine whether to perform a global jump or a local perturbation\n        if np.random.rand() < global_search_prob:\n            # Global random search: explore new, distant areas to escape local minima\n            x = np.random.uniform(bounds[0], bounds[1])\n            y = np.random.uniform(bounds[0], bounds[1])\n        else:\n            # Local search: exploit promising regions around the current best point\n            # The step size for local search decreases linearly over iterations (annealing-like behavior)\n            t = i / iterations # Normalized iteration progress (0 to 1)\n            current_local_step_factor = initial_local_step_factor * (1 - t) + final_local_step_factor * t\n            local_range = search_range * current_local_step_factor\n            \n            # Generate a candidate point by perturbing the current best_x, best_y\n            x_candidate = np.random.uniform(best_x - local_range/2, best_x + local_range/2)\n            y_candidate = np.random.uniform(best_y - local_range/2, best_y + local_range/2)\n            \n            # Clip candidates to ensure they stay within the overall defined search bounds\n            x = np.clip(x_candidate, bounds[0], bounds[1])\n            y = np.clip(y_candidate, bounds[0], bounds[1])\n            \n        value = evaluate_function(x, y)\n\n        # Update the best found solution if the current candidate is better\n        if value < best_value:\n            best_value = value\n            best_x, best_y = x, y\n\n    return best_x, best_y, best_value\n\n\n# EVOLVE-BLOCK-END\n\n\n# This part remains fixed (not evolved)\ndef evaluate_function(x, y):\n    \"\"\"The complex function we're trying to minimize\"\"\"\n    return np.sin(x) * np.cos(y) + np.sin(x * y) + (x**2 + y**2) / 20\n\n\ndef run_search():\n    x, y, value = search_algorithm()\n    return x, y, value\n\n\nif __name__ == \"__main__\":\n    x, y, value = run_search()\n    print(f\"Found minimum at ({x}, {y}) with value {value}\")\n\n```\nUnique approach: Modification: Change 1: Replace 16 lines with 41 lines, Excellent runs_successfully (1.000), Excellent value_score (1.000)\n\n# Current Program\n```python\n# EVOLVE-BLOCK-START\n\"\"\"Function minimization example for OpenEvolve\"\"\"\nimport numpy as np\n\n\ndef search_algorithm(iterations=1000, bounds=(-5, 5)):\n    \"\"\"\n    A simple random search algorithm that often gets stuck in local minima.\n\n    Args:\n        iterations: Number of iterations to run\n        bounds: Bounds for the search space (min, max)\n\n    Returns:\n        Tuple of (best_x, best_y, best_value)\n    \"\"\"\n    # Initialize with a random point\n    best_x = np.random.uniform(bounds[0], bounds[1])\n    best_y = np.random.uniform(bounds[0], bounds[1])\n    best_value = evaluate_function(best_x, best_y)\n\n    # Parameters for the hybrid search strategy\n    global_search_prob = 0.15  # Probability of performing a global random jump (exploration)\n    initial_local_step_factor = 0.8  # Initial relative range for local search (e.g., 0.8 * total_range)\n    final_local_step_factor = 0.005 # Final relative range for local search (e.g., 0.005 * total_range)\n    \n    search_range = bounds[1] - bounds[0] # Total range of the search space\n\n    for i in range(iterations):\n        # Determine whether to perform a global jump or a local perturbation\n        if np.random.rand() < global_search_prob:\n            # Global random search: explore new, distant areas to escape local minima\n            x = np.random.uniform(bounds[0], bounds[1])\n            y = np.random.uniform(bounds[0], bounds[1])\n        else:\n            # Local search: exploit promising regions around the current best point\n            # The step size for local search decreases linearly over iterations (annealing-like behavior)\n            t = i / iterations # Normalized iteration progress (0 to 1)\n            current_local_step_factor = initial_local_step_factor * (1 - t) + final_local_step_factor * t\n            local_range = search_range * current_local_step_factor\n            \n            # Generate a candidate point by perturbing the current best_x, best_y\n            x_candidate = np.random.uniform(best_x - local_range/2, best_x + local_range/2)\n            y_candidate = np.random.uniform(best_y - local_range/2, best_y + local_range/2)\n            \n            # Clip candidates to ensure they stay within the overall defined search bounds\n            x = np.clip(x_candidate, bounds[0], bounds[1])\n            y = np.clip(y_candidate, bounds[0], bounds[1])\n            \n        value = evaluate_function(x, y)\n\n        # Update the best found solution if the current candidate is better\n        if value < best_value:\n            best_value = value\n            best_x, best_y = x, y\n\n    return best_x, best_y, best_value\n\n\n# EVOLVE-BLOCK-END\n\n\n# This part remains fixed (not evolved)\ndef evaluate_function(x, y):\n    \"\"\"The complex function we're trying to minimize\"\"\"\n    return np.sin(x) * np.cos(y) + np.sin(x * y) + (x**2 + y**2) / 20\n\n\ndef run_search():\n    x, y, value = search_algorithm()\n    return x, y, value\n\n\nif __name__ == \"__main__\":\n    x, y, value = run_search()\n    print(f\"Found minimum at ({x}, {y}) with value {value}\")\n\n```\n\n# Task\nSuggest improvements to the program that will improve its FITNESS SCORE.\nThe system maintains diversity across these dimensions: complexity, diversity\nDifferent solutions with similar fitness but different features are valuable.\n\nYou MUST use the exact SEARCH/REPLACE diff format shown below to indicate changes:\n\n<<<<<<< SEARCH\n# Original code to find and replace (must match exactly)\n=======\n# New replacement code\n>>>>>>> REPLACE\n\nExample of valid diff format:\n<<<<<<< SEARCH\nfor i in range(m):\n    for j in range(p):\n        for k in range(n):\n            C[i, j] += A[i, k] * B[k, j]\n=======\n# Reorder loops for better memory access pattern\nfor i in range(m):\n    for k in range(n):\n        for j in range(p):\n            C[i, j] += A[i, k] * B[k, j]\n>>>>>>> REPLACE\n\nYou can suggest multiple changes. Each SEARCH section must exactly match code in the current program.\nBe thoughtful about your changes and explain your reasoning thoroughly.\n\nIMPORTANT: Do not rewrite the entire program - focus on targeted improvements.", "responses": ["The current program uses a hybrid search strategy that combines global random jumps with local perturbations. While this is a good start, it can be improved to better escape local minima and find the global optimum. The current `global_search_prob` is fixed at 0.15, which might not be aggressive enough to explore diverse regions of the search space, especially in the early stages. The local search step also decreases linearly, which might be too uniform.\n\nHere are a few suggestions to improve the `search_algorithm` function:\n\n1.  **Adaptive Global Search Probability:** Instead of a fixed `global_search_prob`, make it dynamic. It should be higher at the beginning to encourage broad exploration and gradually decrease. This will help the algorithm escape initial local minima more effectively.\n\n2.  **Non-linear Decay for Local Search Step:** The current linear decay for the local search step might be too predictable. A non-linear decay, such as an exponential decay, could provide more flexibility, allowing for finer tuning in later stages.\n\n3.  **Introduce a Momentum-like Component:** Similar to optimization algorithms like Adam or SGD with momentum, introducing a component that \"remembers\" the previous direction of improvement could help accelerate convergence towards the global minimum and smooth out oscillations.\n\n4.  **Multi-start Strategy:** While not a direct modification of `search_algorithm`, running `search_algorithm` multiple times with different random initializations is a common and effective strategy for finding global minima in complex landscapes. This can be implemented outside the `search_algorithm` function but is a crucial addition for robustness.\n\nLet's focus on modifying the `search_algorithm` function to incorporate ideas 1 and 2.\n\n**Reasoning for the proposed changes:**\n\n*   **Adaptive Global Search Probability:** The function `f(x, y) = sin(x) * cos(y) + sin(x*y) + (x^2 + y^2)/20` has many local minima due to the trigonometric terms, and the quadratic term `(x^2 + y^2)/20` acts as a global attractor. To effectively escape local minima, we need to explore widely in the initial stages. A higher probability of global search at the beginning, transitioning to more local search later, is a common strategy. We can implement this by making `global_search_prob` a function of the iteration number, starting higher and decreasing. For instance, using a quadratic decay or a simple linear decay that starts higher than 0.15.\n\n*   **Non-linear Decay for Local Search Step:** A linear decay for the local search step (`current_local_step_factor`) can be too rigid. An exponential decay or a decay that slows down significantly towards the end might be more beneficial. This allows for larger steps when needed to jump out of shallow minima and finer steps for precise convergence. We can achieve a non-linear decay by modifying how `current_local_step_factor` is calculated. For example, using `(1 - t)**2` or similar power functions for the decay.\n\nLet's implement these changes.\n\n```python\n# EVOLVE-BLOCK-START\n\"\"\"Function minimization example for OpenEvolve\"\"\"\nimport numpy as np\n\n\ndef search_algorithm(iterations=1000, bounds=(-5, 5)):\n    \"\"\"\n    A hybrid search algorithm that adaptively adjusts global exploration\n    and local exploitation to find the global minimum of a complex function.\n    It uses an adaptive global search probability and a non-linear decay\n    for the local search step size.\n\n    Args:\n        iterations: Number of iterations to run\n        bounds: Bounds for the search space (min, max)\n\n    Returns:\n        Tuple of (best_x, best_y, best_value)\n    \"\"\"\n    # Initialize with a random point\n    best_x = np.random.uniform(bounds[0], bounds[1])\n    best_y = np.random.uniform(bounds[0], bounds[1])\n    best_value = evaluate_function(best_x, best_y)\n\n    search_range = bounds[1] - bounds[0] # Total range of the search space\n\n    # Parameters for adaptive search\n    # Global search probability starts higher and decays non-linearly\n    initial_global_prob = 0.6  # Higher initial probability for exploration\n    final_global_prob = 0.1    # Lower final probability for exploitation\n\n    # Local search step decay: non-linear (e.g., quadratic decay)\n    initial_local_step_factor = 0.8  # Initial relative range for local search\n    final_local_step_factor = 0.001  # Smaller final relative range for local search\n\n    for i in range(iterations):\n        t = i / iterations # Normalized iteration progress (0 to 1)\n\n        # Adaptive global search probability (e.g., quadratic decay)\n        # This ensures more exploration at the start and finer tuning later\n        current_global_prob = initial_global_prob * (1 - t**2) + final_global_prob * t**2\n\n        # Determine whether to perform a global jump or a local perturbation\n        if np.random.rand() < current_global_prob:\n            # Global random search: explore new, distant areas to escape local minima\n            x = np.random.uniform(bounds[0], bounds[1])\n            y = np.random.uniform(bounds[0], bounds[1])\n        else:\n            # Local search: exploit promising regions around the current best point\n            # Non-linear decay for local search step size (e.g., quadratic)\n            current_local_step_factor = initial_local_step_factor * (1 - t**2) + final_local_step_factor * t**2\n            local_range = search_range * current_local_step_factor\n            \n            # Generate a candidate point by perturbing the current best_x, best_y\n            # Ensure the perturbation range is not excessively small too early\n            perturbation_range_x = np.random.uniform(-local_range/2, local_range/2)\n            perturbation_range_y = np.random.uniform(-local_range/2, local_range/2)\n            \n            x_candidate = best_x + perturbation_range_x\n            y_candidate = best_y + perturbation_range_y\n            \n            # Clip candidates to ensure they stay within the overall defined search bounds\n            x = np.clip(x_candidate, bounds[0], bounds[1])\n            y = np.clip(y_candidate, bounds[0], bounds[1])\n            \n        value = evaluate_function(x, y)\n\n        # Update the best found solution if the current candidate is better\n        if value < best_value:\n            best_value = value\n            best_x, best_y = x, y\n\n    return best_x, best_y, best_value\n\n\n# EVOLVE-BLOCK-END\n\n\n# This part remains fixed (not evolved)\ndef evaluate_function(x, y):\n    \"\"\"The complex function we're trying to minimize\"\"\"\n    return np.sin(x) * np.cos(y) + np.sin(x * y) + (x**2 + y**2) / 20\n\n\ndef run_search():\n    x, y, value = search_algorithm()\n    return x, y, value\n\n\nif __name__ == \"__main__\":\n    x, y, value = run_search()\n    print(f\"Found minimum at ({x}, {y}) with value {value}\")\n\n```\n\nThe previous version's `global_search_prob` was fixed at `0.15`. The new version starts exploration with `initial_global_prob = 0.6` and decays it to `final_global_prob = 0.1` using a quadratic function of `t` (`t**2`). This provides a much more aggressive exploration phase initially.\n\nThe previous version's `current_local_step_factor` decayed linearly. The new version also uses a quadratic decay for `current_local_step_factor`, starting from `initial_local_step_factor = 0.8` and decaying to `final_local_step_factor = 0.001`. This allows for larger steps when needed to escape local minima and finer tuning as the search progresses, but with a more pronounced reduction in step size towards the end compared to a linear decay.\n\nThese changes are aimed at increasing the chances of finding the global minimum by providing more robust exploration and more refined exploitation.\n\n```diff\n<<<<<<< SEARCH\n    # Parameters for the hybrid search strategy\n    global_search_prob = 0.15  # Probability of performing a global random jump (exploration)\n    initial_local_step_factor = 0.8  # Initial relative range for local search (e.g., 0.8 * total_range)\n    final_local_step_factor = 0.005 # Final relative range for local search (e.g., 0.005 * total_range)\n    \n    search_range = bounds[1] - bounds[0] # Total range of the search space\n\n    for i in range(iterations):\n        # Determine whether to perform a global jump or a local perturbation\n        if np.random.rand() < global_search_prob:\n            # Global random search: explore new, distant areas to escape local minima\n            x = np.random.uniform(bounds[0], bounds[1])\n            y = np.random.uniform(bounds[0], bounds[1])\n        else:\n            # Local search: exploit promising regions around the current best point\n            # The step size for local search decreases linearly over iterations (annealing-like behavior)\n            t = i / iterations # Normalized iteration progress (0 to 1)\n            current_local_step_factor = initial_local_step_factor * (1 - t) + final_local_step_factor * t\n            local_range = search_range * current_local_step_factor\n            \n            # Generate a candidate point by perturbing the current best_x, best_y\n            x_candidate = np.random.uniform(best_x - local_range/2, best_x + local_range/2)\n            y_candidate = np.random.uniform(best_y - local_range/2, best_y + local_range/2)\n            \n            # Clip candidates to ensure they stay within the overall defined search bounds\n            x = np.clip(x_candidate, bounds[0], bounds[1])\n            y = np.clip(y_candidate, bounds[0], bounds[1])\n            \n        value = evaluate_function(x, y)\n\n        # Update the best found solution if the current candidate is better\n        if value < best_value:\n            best_value = value\n            best_x, best_y = x, y\n=======\n    # Parameters for adaptive search\n    # Global search probability starts higher and decays non-linearly\n    initial_global_prob = 0.6  # Higher initial probability for exploration\n    final_global_prob = 0.1    # Lower final probability for exploitation\n\n    # Local search step decay: non-linear (e.g., quadratic decay)\n    initial_local_step_factor = 0.8  # Initial relative range for local search\n    final_local_step_factor = 0.001  # Smaller final relative range for local search\n\n    for i in range(iterations):\n        t = i / iterations # Normalized iteration progress (0 to 1)\n\n        # Adaptive global search probability (e.g., quadratic decay)\n        # This ensures more exploration at the start and finer tuning later\n        current_global_prob = initial_global_prob * (1 - t**2) + final_global_prob * t**2\n\n        # Determine whether to perform a global jump or a local perturbation\n        if np.random.rand() < current_global_prob:\n            # Global random search: explore new, distant areas to escape local minima\n            x = np.random.uniform(bounds[0], bounds[1])\n            y = np.random.uniform(bounds[0], bounds[1])\n        else:\n            # Local search: exploit promising regions around the current best point\n            # Non-linear decay for local search step size (e.g., quadratic)\n            current_local_step_factor = initial_local_step_factor * (1 - t**2) + final_local_step_factor * t**2\n            local_range = search_range * current_local_step_factor\n            \n            # Generate a candidate point by perturbing the current best_x, best_y\n            # Ensure the perturbation range is not excessively small too early\n            perturbation_range_x = np.random.uniform(-local_range/2, local_range/2)\n            perturbation_range_y = np.random.uniform(-local_range/2, local_range/2)\n            \n            x_candidate = best_x + perturbation_range_x\n            y_candidate = best_y + perturbation_range_y\n            \n            # Clip candidates to ensure they stay within the overall defined search bounds\n            x = np.clip(x_candidate, bounds[0], bounds[1])\n            y = np.clip(y_candidate, bounds[0], bounds[1])\n            \n        value = evaluate_function(x, y)\n\n        # Update the best found solution if the current candidate is better\n        if value < best_value:\n            best_value = value\n            best_x, best_y = x, y\n>>>>>>> REPLACE\n```"]}}, "artifacts_json": "{\"error_type\": \"NameError\", \"error_message\": \"Stage 1: name 'search_range' is not defined\", \"full_traceback\": \"Traceback (most recent call last):\\n  File \\\"C:\\\\Windows\\\\System32\\\\openevolve\\\\examples/function_minimization/evaluator.py\\\", line 294, in evaluate_stage1\\n    result = run_with_timeout(program.run_search, timeout_seconds=5)\\n             ^^^^^^^^^^^^^^^^^^^^^^^^^^^^^^^^^^^^^^^^^^^^^^^^^^^^^^^\\n  File \\\"C:\\\\Windows\\\\System32\\\\openevolve\\\\examples/function_minimization/evaluator.py\\\", line 30, in run_with_timeout\\n    result = future.result(timeout=timeout_seconds)\\n             ^^^^^^^^^^^^^^^^^^^^^^^^^^^^^^^^^^^^^^\\n  File \\\"C:\\\\Users\\\\kfg4s\\\\AppData\\\\Local\\\\Programs\\\\Python\\\\Python311\\\\Lib\\\\concurrent\\\\futures\\\\_base.py\\\", line 449, in result\\n    return self.__get_result()\\n           ^^^^^^^^^^^^^^^^^^^\\n  File \\\"C:\\\\Users\\\\kfg4s\\\\AppData\\\\Local\\\\Programs\\\\Python\\\\Python311\\\\Lib\\\\concurrent\\\\futures\\\\_base.py\\\", line 401, in __get_result\\n    raise self._exception\\n  File \\\"C:\\\\Users\\\\kfg4s\\\\AppData\\\\Local\\\\Programs\\\\Python\\\\Python311\\\\Lib\\\\concurrent\\\\futures\\\\thread.py\\\", line 58, in run\\n    result = self.fn(*self.args, **self.kwargs)\\n             ^^^^^^^^^^^^^^^^^^^^^^^^^^^^^^^^^^\\n  File \\\"C:\\\\Users\\\\kfg4s\\\\AppData\\\\Local\\\\Temp\\\\tmpvh7y0krw.py\\\", line 81, in run_search\\n    x, y, value = search_algorithm()\\n                  ^^^^^^^^^^^^^^^^^^\\n  File \\\"C:\\\\Users\\\\kfg4s\\\\AppData\\\\Local\\\\Temp\\\\tmpvh7y0krw.py\\\", line 47, in search_algorithm\\n    local_range = search_range * current_local_step_factor\\n                  ^^^^^^^^^^^^\\nNameError: name 'search_range' is not defined\\n\", \"suggestion\": \"Unexpected error occurred. Check the traceback for specific issue\"}", "artifact_dir": null}