{"id": "00576a6f-9f26-492f-83a9-54e602c21ea0", "code": "# EVOLVE-BLOCK-START\n\"\"\"Function minimization example for OpenEvolve\"\"\"\nimport numpy as np\n\n\ndef search_algorithm(iterations=1000, bounds=(-5, 5)):\n    \"\"\"\n    A simple random search algorithm that often gets stuck in local minima.\n\n    Args:\n        iterations: Number of iterations to run\n        bounds: Bounds for the search space (min, max)\n\n    Returns:\n        Tuple of (best_x, best_y, best_value)\n    \"\"\"\n    # Initialize with a random point\n    best_x = np.random.uniform(bounds[0], bounds[1])\n    best_y = np.random.uniform(bounds[0], bounds[1])\n    best_value = evaluate_function(best_x, best_y)\n\n    total_range = bounds[1] - bounds[0]\n\n    for i in range(iterations):\n        # Gradually shift from global exploration to local exploitation\n        # `explore_prob` decreases over time, `current_local_span` shrinks\n        # Minimum `explore_prob` of 0.05 ensures occasional global jumps to escape local minima\n        explore_prob = max(0.05, 1.0 - i / iterations)\n        # Local search span shrinks from 20% of total_range down to a very small value\n        current_local_span = total_range * (1.0 - i / iterations) * 0.2\n\n        if np.random.rand() < explore_prob: # Global exploration\n            x_candidate = np.random.uniform(bounds[0], bounds[1])\n            y_candidate = np.random.uniform(bounds[0], bounds[1])\n        else: # Local exploitation around the current best point\n            # Ensure local_span is not zero for sampling\n            half_span = max(1e-5, current_local_span / 2.0)\n            x_candidate = best_x + np.random.uniform(-half_span, half_span)\n            y_candidate = best_y + np.random.uniform(-half_span, half_span)\n\n            # Ensure candidate points are within global bounds\n            x_candidate = np.clip(x_candidate, bounds[0], bounds[1])\n            y_candidate = np.clip(y_candidate, bounds[0], bounds[1])\n\n        value = evaluate_function(x_candidate, y_candidate)\n\n        if value < best_value:\n            best_value = value\n            best_x, best_y = x_candidate, y_candidate\n\n    return best_x, best_y, best_value\n\n\n# EVOLVE-BLOCK-END\n\n\n# This part remains fixed (not evolved)\ndef evaluate_function(x, y):\n    \"\"\"The complex function we're trying to minimize\"\"\"\n    return np.sin(x) * np.cos(y) + np.sin(x * y) + (x**2 + y**2) / 20\n\n\ndef run_search():\n    x, y, value = search_algorithm()\n    return x, y, value\n\n\nif __name__ == \"__main__\":\n    x, y, value = run_search()\n    print(f\"Found minimum at ({x}, {y}) with value {value}\")\n", "language": "python", "parent_id": "9ace676c-e782-47f4-8ea0-18e17f9bb8db", "generation": 1, "timestamp": 1759151738.3349755, "iteration_found": 23, "metrics": {"runs_successfully": 1.0, "value_score": 0.99968256865402, "distance_score": 0.9980433615634375, "combined_score": 1.498881439194062, "reliability_score": 1.0}, "complexity": 0.0, "diversity": 0.0, "metadata": {"island": 1}, "prompts": null, "artifacts_json": "{\"stage1_result\": \"Found solution at x=-1.7080, y=0.6767 with value=-1.5187\", \"distance_to_global\": \"0.0042\", \"solution_quality\": \"Distance < 0.5: Very close\", \"convergence_info\": \"Converged in 10 trials with 10 successes\", \"best_position\": \"Final position: x=-1.6988, y=0.6787\", \"average_distance_to_global\": \"0.0020\", \"search_efficiency\": \"Success rate: 100.00%\"}", "artifact_dir": null}