{"id": "16619093-fed6-41df-bdcd-c3c3263a5b5e", "code": "# EVOLVE-BLOCK-START\n\"\"\"Function minimization example for OpenEvolve\"\"\"\nimport numpy as np\n\n\ndef search_algorithm(iterations=1000, bounds=(-5, 5)):\n    \"\"\"\n    A hybrid random search algorithm combining global exploration and local exploitation.\n    Aims to escape local minima by balancing large jumps with fine-tuned steps.\n\n    Args:\n        iterations: Number of iterations to run\n        bounds: Bounds for the search space (min, max)\n\n    Returns:\n        Tuple of (best_x, best_y, best_value)\n    \"\"\"\n    min_bound, max_bound = bounds\n\n    # Initialize with a random point\n    best_x = np.random.uniform(min_bound, max_bound)\n    best_y = np.random.uniform(min_bound, max_bound)\n    best_value = evaluate_function(best_x, best_y)\n\n    # Parameters for hybrid search\n    # Gradually decrease exploration probability over time, with a minimum to ensure escape\n    # This starts with higher exploration and reduces it, allowing for more local refinement later\n    explore_probability = max(0.05, 0.3 - 0.25 * (_ / iterations)) # Decay from 0.3 to 0.05\n\n    # Gradually decrease the local step size over time for finer exploitation\n    # This starts with a larger step and shrinks it for more precise searching\n    local_step_std = (max_bound - min_bound) / 10.0 * max(0.1, 1.0 - _ / iterations) # Decay from 1/10th to 1/100th of the range\n\n    for i in range(iterations): # Renamed loop variable to avoid conflict with explore_probability calculation\n        x_candidate, y_candidate = best_x, best_y # Start candidate at current best\n\n        if np.random.rand() < explore_probability:\n            # Global exploration: sample a new point anywhere in the bounds\n            x_candidate = np.random.uniform(min_bound, max_bound)\n            y_candidate = np.random.uniform(min_bound, max_bound)\n        else:\n            # Local exploitation: perturb the current best point\n            # Ensure local_step_std is not zero for sampling\n            current_local_step_std = max(1e-5, local_step_std) \n            x_candidate = best_x + np.random.normal(0, current_local_step_std)\n            y_candidate = best_y + np.random.normal(0, current_local_step_std)\n            \n            # Ensure candidate stays within bounds\n            x_candidate = np.clip(x_candidate, min_bound, max_bound)\n            y_candidate = np.clip(y_candidate, min_bound, max_bound)\n\n        value_candidate = evaluate_function(x_candidate, y_candidate)\n\n        if value_candidate < best_value:\n            best_value = value_candidate\n            best_x, best_y = x_candidate, y_candidate\n\n    return best_x, best_y, best_value\n\n\n# EVOLVE-BLOCK-END\n\n\n# This part remains fixed (not evolved)\ndef evaluate_function(x, y):\n    \"\"\"The complex function we're trying to minimize\"\"\"\n    return np.sin(x) * np.cos(y) + np.sin(x * y) + (x**2 + y**2) / 20\n\n\ndef run_search():\n    x, y, value = search_algorithm()\n    return x, y, value\n\n\nif __name__ == \"__main__\":\n    x, y, value = run_search()\n    print(f\"Found minimum at ({x}, {y}) with value {value}\")\n", "language": "python", "parent_id": "26d2707a-85be-4bf7-99fd-7d73dcdca629", "generation": 2, "timestamp": 1759151708.9425209, "iteration_found": 15, "metrics": {"runs_successfully": 0.0, "combined_score": 0.0, "error": "name '_' is not defined"}, "complexity": 0.0, "diversity": 0.0, "metadata": {"changes": "Change 1: Replace 3 lines with 8 lines\nChange 2: Replace 21 lines with 23 lines", "parent_metrics": {"runs_successfully": 1.0, "value_score": 0.966300226913939, "distance_score": 0.445112635964733, "combined_score": 0.9800206850956672, "reliability_score": 1.0}, "island": 0}, "prompts": {"diff_user": {"system": "You are an expert programmer specializing in optimization algorithms. Your task is to improve a function minimization algorithm to find the global minimum of a complex function with many local minima. The function is f(x, y) = sin(x) * cos(y) + sin(x*y) + (x^2 + y^2)/20. Focus on improving the search_algorithm function to reliably find the global minimum, escaping local minima that might trap simple algorithms.", "user": "# Current Program Information\n- Fitness: 0.9800\n- Feature coordinates: No feature coordinates\n- Focus areas: - Fitness declined: 1.4740 \u00e2\u2020\u2019 0.9800. Consider revising recent changes.\n- Consider simplifying - code length exceeds 500 characters\n\n## Last Execution Output\n\n### stage1_result\n```\nFound solution at x=-1.7434, y=0.6511 with value=-1.5170\n```\n\n### distance_to_global\n```\n0.0477\n```\n\n### solution_quality\n```\nDistance < 0.5: Very close\n```\n\n### convergence_info\n```\nConverged in 10 trials with 10 successes\n```\n\n### best_position\n```\nFinal position: x=-1.7285, y=0.6283\n```\n\n### average_distance_to_global\n```\n1.2466\n```\n\n### search_efficiency\n```\nSuccess rate: 100.00%\n```\n\n# Program Evolution History\n## Previous Attempts\n\n### Attempt 3\n- Changes: Change 1: Replace 27 lines with 43 lines\n- Metrics: runs_successfully: 1.0000, value_score: 0.9962, distance_score: 0.9486, combined_score: 1.4740, reliability_score: 1.0000\n- Outcome: Mixed results\n\n### Attempt 2\n- Changes: Change 1: Replace 19 lines with 25 lines\nChange 2: Replace 16 lines with 27 lines\n- Metrics: runs_successfully: 1.0000, value_score: 0.9997, distance_score: 0.9960, combined_score: 1.4979, reliability_score: 1.0000\n- Outcome: Mixed results\n\n### Attempt 1\n- Changes: Change 1: Replace 16 lines with 35 lines\n- Metrics: runs_successfully: 1.0000, value_score: 0.9997, distance_score: 0.9980, combined_score: 1.4989, reliability_score: 1.0000\n- Outcome: Mixed results\n\n## Top Performing Programs\n\n### Program 1 (Score: 1.4989)\n```python\n# EVOLVE-BLOCK-START\n\"\"\"Function minimization example for OpenEvolve\"\"\"\nimport numpy as np\n\n\ndef search_algorithm(iterations=1000, bounds=(-5, 5)):\n    \"\"\"\n    A simple random search algorithm that often gets stuck in local minima.\n\n    Args:\n        iterations: Number of iterations to run\n        bounds: Bounds for the search space (min, max)\n\n    Returns:\n        Tuple of (best_x, best_y, best_value)\n    \"\"\"\n    # Initialize with a random point\n    best_x = np.random.uniform(bounds[0], bounds[1])\n    best_y = np.random.uniform(bounds[0], bounds[1])\n    best_value = evaluate_function(best_x, best_y)\n\n    total_range = bounds[1] - bounds[0]\n\n    for i in range(iterations):\n        # Gradually shift from global exploration to local exploitation\n        # `explore_prob` decreases over time, `current_local_span` shrinks\n        # Minimum `explore_prob` of 0.05 ensures occasional global jumps to escape local minima\n        explore_prob = max(0.05, 1.0 - i / iterations)\n        # Local search span shrinks from 20% of total_range down to a very small value\n        current_local_span = total_range * (1.0 - i / iterations) * 0.2\n\n        if np.random.rand() < explore_prob: # Global exploration\n            x_candidate = np.random.uniform(bounds[0], bounds[1])\n            y_candidate = np.random.uniform(bounds[0], bounds[1])\n        else: # Local exploitation around the current best point\n            # Ensure local_span is not zero for sampling\n            half_span = max(1e-5, current_local_span / 2.0)\n            x_candidate = best_x + np.random.uniform(-half_span, half_span)\n            y_candidate = best_y + np.random.uniform(-half_span, half_span)\n\n            # Ensure candidate points are within global bounds\n            x_candidate = np.clip(x_candidate, bounds[0], bounds[1])\n            y_candidate = np.clip(y_candidate, bounds[0], bounds[1])\n\n        value = evaluate_function(x_candidate, y_candidate)\n\n        if value < best_value:\n            best_value = value\n            best_x, best_y = x_candidate, y_candidate\n\n    return best_x, best_y, best_value\n\n\n# EVOLVE-BLOCK-END\n\n\n# This part remains fixed (not evolved)\ndef evaluate_function(x, y):\n    \"\"\"The complex function we're trying to minimize\"\"\"\n    return np.sin(x) * np.cos(y) + np.sin(x * y) + (x**2 + y**2) / 20\n\n\ndef run_search():\n    x, y, value = search_algorithm()\n    return x, y, value\n\n\nif __name__ == \"__main__\":\n    x, y, value = run_search()\n    print(f\"Found minimum at ({x}, {y}) with value {value}\")\n\n```\nKey features: Performs well on runs_successfully (1.0000), Performs well on value_score (0.9997), Performs well on distance_score (0.9980), Performs well on combined_score (1.4989), Performs well on reliability_score (1.0000)\n\n### Program 2 (Score: 1.4979)\n```python\n# EVOLVE-BLOCK-START\n\"\"\"Function minimization example for OpenEvolve\"\"\"\nimport numpy as np\n\n\ndef search_algorithm(iterations=1000, bounds=(-5, 5)):\n    \"\"\"\n    A simple random search algorithm that often gets stuck in local minima.\n\n    Args:\n        iterations: Number of iterations to run\n        bounds: Bounds for the search space (min, max)\n\n    Returns:\n        Tuple of (best_x, best_y, best_value)\n    \"\"\"\n    # Initialize with a random point\n    best_x = np.random.uniform(bounds[0], bounds[1])\n    best_y = np.random.uniform(bounds[0], bounds[1])\n    best_value = evaluate_function(best_x, best_y)\n\n    total_range = bounds[1] - bounds[0]\n\n    for i in range(iterations):\n        # Gradually shift from global exploration to local exploitation\n        # `explore_prob` decreases over time, `current_local_span` shrinks\n        # Minimum `explore_prob` of 0.05 ensures occasional global jumps to escape local minima\n        # Start with a higher exploration probability and decay it more rapidly initially\n        explore_prob = max(0.05, 1.0 - (i / iterations)**1.5) \n\n        # Local search span shrinks from 20% of total_range down to a very small value\n        # This span also decays, ensuring finer local searches as we progress.\n        # The decay rate is controlled by (1.0 - i / iterations)**1.5 to mirror explore_prob\n        current_local_span = total_range * (1.0 - (i / iterations)**1.5) * 0.2\n\n        if np.random.rand() < explore_prob: # Global exploration\n            x_candidate = np.random.uniform(bounds[0], bounds[1])\n            y_candidate = np.random.uniform(bounds[0], bounds[1])\n        else: # Local exploitation around the current best point\n            # Ensure local_span is not zero for sampling\n            half_span = max(1e-5, current_local_span / 2.0)\n            # Use Gaussian perturbation for local search, which is often more effective\n            # than uniform for fine-tuning around a point.\n            x_candidate = best_x + np.random.normal(0, half_span)\n            y_candidate = best_y + np.random.normal(0, half_span)\n\n            # Ensure candidate points are within global bounds\n            x_candidate = np.clip(x_candidate, bounds[0], bounds[1])\n            y_candidate = np.clip(y_candidate, bounds[0], bounds[1])\n\n        value = evaluate_function(x_candidate, y_candidate)\n\n        if value < best_value:\n            best_value = value\n            best_x, best_y = x_candidate, y_candidate\n\n    return best_x, best_y, best_value\n\n\n# EVOLVE-BLOCK-END\n\n\n# This part remains fixed (not evolved)\ndef evaluate_function(x, y):\n    \"\"\"The complex function we're trying to minimize\"\"\"\n    return np.sin(x) * np.cos(y) + np.sin(x * y) + (x**2 + y**2) / 20\n\n\ndef run_search():\n    x, y, value = search_algorithm()\n    return x, y, value\n\n\nif __name__ == \"__main__\":\n    x, y, value = run_search()\n    print(f\"Found minimum at ({x}, {y}) with value {value}\")\n\n```\nKey features: Performs well on runs_successfully (1.0000), Performs well on value_score (0.9997), Performs well on distance_score (0.9960), Performs well on combined_score (1.4979), Performs well on reliability_score (1.0000)\n\n### Program 3 (Score: 1.4740)\n```python\n# EVOLVE-BLOCK-START\n\"\"\"Function minimization example for OpenEvolve\"\"\"\nimport numpy as np\n\n\ndef search_algorithm(iterations=1000, bounds=(-5, 5)):\n    \"\"\"\n    An improved random search that combines global exploration with local refinement.\n    Helps escape local minima by mixing global jumps and local perturbations.\n\n    Args:\n        iterations: Number of iterations to run\n        bounds: Bounds for the search space (min, max)\n\n    Returns:\n        Tuple of (best_x, best_y, best_value)\n    \"\"\"\n    low, high = bounds\n    \n    # Initialize with a random point\n    best_x = np.random.uniform(low, high)\n    best_y = np.random.uniform(low, high)\n    best_value = evaluate_function(best_x, best_y)\n\n    # Parameters for adaptive search\n    # Probability of performing a local perturbation around the current best\n    local_search_prob = 0.8 \n    # Standard deviation for the Gaussian perturbation in local search\n    # Scales with the search space width to be effective\n    perturbation_std = (high - low) / 10.0 \n\n    for _ in range(iterations):\n        if np.random.rand() < local_search_prob:\n            # Local refinement: perturb around the current best solution\n            x_candidate = np.clip(best_x + np.random.normal(0, perturbation_std), low, high)\n            y_candidate = np.clip(best_y + np.random.normal(0, perturbation_std), low, high)\n        else:\n            # Global exploration: jump to a completely random point in the search space\n            x_candidate = np.random.uniform(low, high)\n            y_candidate = np.random.uniform(low, high)\n        \n        value = evaluate_function(x_candidate, y_candidate)\n\n        if value < best_value:\n            best_value = value\n            best_x, best_y = x_candidate, y_candidate\n\n    return best_x, best_y, best_value\n\n\n# EVOLVE-BLOCK-END\n\n\n# This part remains fixed (not evolved)\ndef evaluate_function(x, y):\n    \"\"\"The complex function we're trying to minimize\"\"\"\n    return np.sin(x) * np.cos(y) + np.sin(x * y) + (x**2 + y**2) / 20\n\n\ndef run_search():\n    x, y, value = search_algorithm()\n    return x, y, value\n\n\nif __name__ == \"__main__\":\n    x, y, value = run_search()\n    print(f\"Found minimum at ({x}, {y}) with value {value}\")\n\n```\nKey features: Performs well on runs_successfully (1.0000), Performs well on value_score (0.9962), Performs well on distance_score (0.9486), Performs well on combined_score (1.4740), Performs well on reliability_score (1.0000)\n\n\n\n## Diverse Programs\n\n### Program D1 (Score: 1.4531)\n```python\n# EVOLVE-BLOCK-START\n\"\"\"Function minimization example for OpenEvolve\"\"\"\nimport numpy as np\n\n\ndef search_algorithm(iterations=1000, bounds=(-5, 5)):\n    \"\"\"\n    A simple random search algorithm that often gets stuck in local minima.\n\n    Args:\n        iterations: Number of iterations to run\n        bounds: Bounds for the search space (min, max)\n\n    Returns:\n        Tuple of (best_x, best_y, best_value)\n    \"\"\"\n    # Initialize with a random point\n    best_x = np.random.uniform(bounds[0], bounds[1])\n    best_y = np.random.uniform(bounds[0], bounds[1])\n    best_value = evaluate_function(best_x, best_y)\n\n    # Parameters for biased random search\n    # Probability of performing a global random jump (exploration)\n    P_GLOBAL_EXPLORATION = 0.2\n    # Standard deviation for local search (exploitation), relative to bounds\n    LOCAL_SEARCH_STD = (bounds[1] - bounds[0]) / 5.0\n\n    for _ in range(iterations):\n        if np.random.rand() < P_GLOBAL_EXPLORATION:\n            # Global random search: sample uniformly across the entire bounds\n            x = np.random.uniform(bounds[0], bounds[1])\n            y = np.random.uniform(bounds[0], bounds[1])\n        else:\n            # Local search: perturb the current best point using a normal distribution\n            x = np.random.normal(loc=best_x, scale=LOCAL_SEARCH_STD)\n            y = np.random.normal(loc=best_y, scale=LOCAL_SEARCH_STD)\n\n            # Clip coordinates to stay within the defined bounds\n            x = np.clip(x, bounds[0], bounds[1])\n            y = np.clip(y, bounds[0], bounds[1])\n\n        value = evaluate_function(x, y)\n\n        if value < best_value:\n            best_value = value\n            best_x, best_y = x, y\n\n    return best_x, best_y, best_value\n\n\n# EVOLVE-BLOCK-END\n\n\n# This part remains fixed (not evolved)\ndef evaluate_function(x, y):\n    \"\"\"The complex function we're trying to minimize\"\"\"\n    return np.sin(x) * np.cos(y) + np.sin(x * y) + (x**2 + y**2) / 20\n\n\ndef run_search():\n    x, y, value = search_algorithm()\n    return x, y, value\n\n\nif __name__ == \"__main__\":\n    x, y, value = run_search()\n    print(f\"Found minimum at ({x}, {y}) with value {value}\")\n\n```\nKey features: Alternative approach to runs_successfully, Alternative approach to value_score\n\n### Program D2 (Score: 1.3435)\n```python\n# EVOLVE-BLOCK-START\n\"\"\"Function minimization example for OpenEvolve\"\"\"\nimport numpy as np\n\n\ndef search_algorithm(iterations=1000, bounds=(-5, 5)):\n    \"\"\"\n    A hybrid global-local search algorithm to find the global minimum,\n    combining wide exploration with local refinement to escape local minima.\n\n    Args:\n        iterations: Number of iterations to run\n        bounds: Bounds for the search space (min, max)\n\n    Returns:\n        Tuple of (best_x, best_y, best_value)\n    \"\"\"\n    # Initialize with a random point\n    best_x = np.random.uniform(bounds[0], bounds[1])\n    best_y = np.random.uniform(bounds[0], bounds[1])\n    best_value = evaluate_function(best_x, best_y)\n\n    # Parameters for the hybrid search strategy\n    # local_search_std: Standard deviation for Gaussian perturbations in local search.\n    # This value is a fraction of the total search range (bounds[1] - bounds[0]).\n    # A larger std allows for wider local exploration, potentially escaping small local minima.\n    local_search_std = (bounds[1] - bounds[0]) / 8.0\n    # global_jump_prob: Probability of performing a global random jump.\n    # (1 - global_jump_prob) is the probability of a local perturbation.\n    # Higher probability means more global exploration, better for very complex landscapes.\n    global_jump_prob = 0.15\n\n    for _ in range(iterations):\n        if np.random.rand() < global_jump_prob:\n            # Global random search: explore widely to escape local minima\n            x_candidate = np.random.uniform(bounds[0], bounds[1])\n            y_candidate = np.random.uniform(bounds[0], bounds[1])\n        else:\n            # Local perturbation: exploit the neighborhood of the current best solution\n            # Samples from a Gaussian distribution centered at best_x, best_y\n            x_candidate = np.random.normal(best_x, local_search_std)\n            y_candidate = np.random.normal(best_y, local_search_std)\n\n            # Ensure candidates stay within the defined bounds\n            x_candidate = np.clip(x_candidate, bounds[0], bounds[1])\n            y_candidate = np.clip(y_candidate, bounds[0], bounds[1])\n\n        value = evaluate_function(x_candidate, y_candidate)\n\n        if value < best_value:\n            best_value = value\n            best_x, best_y = x_candidate, y_candidate\n\n    return best_x, best_y, best_value\n\n\n# EVOLVE-BLOCK-END\n\n\n# This part remains fixed (not evolved)\ndef evaluate_function(x, y):\n    \"\"\"The complex function we're trying to minimize\"\"\"\n    return np.sin(x) * np.cos(y) + np.sin(x * y) + (x**2 + y**2) / 20\n\n\ndef run_search():\n    x, y, value = search_algorithm()\n    return x, y, value\n\n\nif __name__ == \"__main__\":\n    x, y, value = run_search()\n    print(f\"Found minimum at ({x}, {y}) with value {value}\")\n\n```\nKey features: Alternative approach to runs_successfully, Alternative approach to value_score\n\n## Inspiration Programs\n\nThese programs represent diverse approaches and creative solutions that may inspire new ideas:\n\n### Inspiration 1 (Score: 1.4989, Type: High-Performer)\n```python\n# EVOLVE-BLOCK-START\n\"\"\"Function minimization example for OpenEvolve\"\"\"\nimport numpy as np\n\n\ndef search_algorithm(iterations=1000, bounds=(-5, 5)):\n    \"\"\"\n    A simple random search algorithm that often gets stuck in local minima.\n\n    Args:\n        iterations: Number of iterations to run\n        bounds: Bounds for the search space (min, max)\n\n    Returns:\n        Tuple of (best_x, best_y, best_value)\n    \"\"\"\n    # Initialize with a random point\n    best_x = np.random.uniform(bounds[0], bounds[1])\n    best_y = np.random.uniform(bounds[0], bounds[1])\n    best_value = evaluate_function(best_x, best_y)\n\n    total_range = bounds[1] - bounds[0]\n\n    for i in range(iterations):\n        # Gradually shift from global exploration to local exploitation\n        # `explore_prob` decreases over time, `current_local_span` shrinks\n        # Minimum `explore_prob` of 0.05 ensures occasional global jumps to escape local minima\n        explore_prob = max(0.05, 1.0 - i / iterations)\n        # Local search span shrinks from 20% of total_range down to a very small value\n        current_local_span = total_range * (1.0 - i / iterations) * 0.2\n\n        if np.random.rand() < explore_prob: # Global exploration\n            x_candidate = np.random.uniform(bounds[0], bounds[1])\n            y_candidate = np.random.uniform(bounds[0], bounds[1])\n        else: # Local exploitation around the current best point\n            # Ensure local_span is not zero for sampling\n            half_span = max(1e-5, current_local_span / 2.0)\n            x_candidate = best_x + np.random.uniform(-half_span, half_span)\n            y_candidate = best_y + np.random.uniform(-half_span, half_span)\n\n            # Ensure candidate points are within global bounds\n            x_candidate = np.clip(x_candidate, bounds[0], bounds[1])\n            y_candidate = np.clip(y_candidate, bounds[0], bounds[1])\n\n        value = evaluate_function(x_candidate, y_candidate)\n\n        if value < best_value:\n            best_value = value\n            best_x, best_y = x_candidate, y_candidate\n\n    return best_x, best_y, best_value\n\n\n# EVOLVE-BLOCK-END\n\n\n# This part remains fixed (not evolved)\ndef evaluate_function(x, y):\n    \"\"\"The complex function we're trying to minimize\"\"\"\n    return np.sin(x) * np.cos(y) + np.sin(x * y) + (x**2 + y**2) / 20\n\n\ndef run_search():\n    x, y, value = search_algorithm()\n    return x, y, value\n\n\nif __name__ == \"__main__\":\n    x, y, value = run_search()\n    print(f\"Found minimum at ({x}, {y}) with value {value}\")\n\n```\nUnique approach: Modification: Change 1: Replace 16 lines with 35 lines, Excellent runs_successfully (1.000), Excellent value_score (1.000)\n\n### Inspiration 2 (Score: 1.4531, Type: High-Performer)\n```python\n# EVOLVE-BLOCK-START\n\"\"\"Function minimization example for OpenEvolve\"\"\"\nimport numpy as np\n\n\ndef search_algorithm(iterations=1000, bounds=(-5, 5)):\n    \"\"\"\n    A simple random search algorithm that often gets stuck in local minima.\n\n    Args:\n        iterations: Number of iterations to run\n        bounds: Bounds for the search space (min, max)\n\n    Returns:\n        Tuple of (best_x, best_y, best_value)\n    \"\"\"\n    # Initialize with a random point\n    best_x = np.random.uniform(bounds[0], bounds[1])\n    best_y = np.random.uniform(bounds[0], bounds[1])\n    best_value = evaluate_function(best_x, best_y)\n\n    # Parameters for biased random search\n    # Probability of performing a global random jump (exploration)\n    P_GLOBAL_EXPLORATION = 0.2\n    # Standard deviation for local search (exploitation), relative to bounds\n    LOCAL_SEARCH_STD = (bounds[1] - bounds[0]) / 5.0\n\n    for _ in range(iterations):\n        if np.random.rand() < P_GLOBAL_EXPLORATION:\n            # Global random search: sample uniformly across the entire bounds\n            x = np.random.uniform(bounds[0], bounds[1])\n            y = np.random.uniform(bounds[0], bounds[1])\n        else:\n            # Local search: perturb the current best point using a normal distribution\n            x = np.random.normal(loc=best_x, scale=LOCAL_SEARCH_STD)\n            y = np.random.normal(loc=best_y, scale=LOCAL_SEARCH_STD)\n\n            # Clip coordinates to stay within the defined bounds\n            x = np.clip(x, bounds[0], bounds[1])\n            y = np.clip(y, bounds[0], bounds[1])\n\n        value = evaluate_function(x, y)\n\n        if value < best_value:\n            best_value = value\n            best_x, best_y = x, y\n\n    return best_x, best_y, best_value\n\n\n# EVOLVE-BLOCK-END\n\n\n# This part remains fixed (not evolved)\ndef evaluate_function(x, y):\n    \"\"\"The complex function we're trying to minimize\"\"\"\n    return np.sin(x) * np.cos(y) + np.sin(x * y) + (x**2 + y**2) / 20\n\n\ndef run_search():\n    x, y, value = search_algorithm()\n    return x, y, value\n\n\nif __name__ == \"__main__\":\n    x, y, value = run_search()\n    print(f\"Found minimum at ({x}, {y}) with value {value}\")\n\n```\nUnique approach: Modification: Change 1: Replace 16 lines with 32 lines, Excellent runs_successfully (1.000), Excellent value_score (0.987)\n\n### Inspiration 3 (Score: 1.4740, Type: High-Performer)\n```python\n# EVOLVE-BLOCK-START\n\"\"\"Function minimization example for OpenEvolve\"\"\"\nimport numpy as np\n\n\ndef search_algorithm(iterations=1000, bounds=(-5, 5)):\n    \"\"\"\n    An improved random search that combines global exploration with local refinement.\n    Helps escape local minima by mixing global jumps and local perturbations.\n\n    Args:\n        iterations: Number of iterations to run\n        bounds: Bounds for the search space (min, max)\n\n    Returns:\n        Tuple of (best_x, best_y, best_value)\n    \"\"\"\n    low, high = bounds\n    \n    # Initialize with a random point\n    best_x = np.random.uniform(low, high)\n    best_y = np.random.uniform(low, high)\n    best_value = evaluate_function(best_x, best_y)\n\n    # Parameters for adaptive search\n    # Probability of performing a local perturbation around the current best\n    local_search_prob = 0.8 \n    # Standard deviation for the Gaussian perturbation in local search\n    # Scales with the search space width to be effective\n    perturbation_std = (high - low) / 10.0 \n\n    for _ in range(iterations):\n        if np.random.rand() < local_search_prob:\n            # Local refinement: perturb around the current best solution\n            x_candidate = np.clip(best_x + np.random.normal(0, perturbation_std), low, high)\n            y_candidate = np.clip(best_y + np.random.normal(0, perturbation_std), low, high)\n        else:\n            # Global exploration: jump to a completely random point in the search space\n            x_candidate = np.random.uniform(low, high)\n            y_candidate = np.random.uniform(low, high)\n        \n        value = evaluate_function(x_candidate, y_candidate)\n\n        if value < best_value:\n            best_value = value\n            best_x, best_y = x_candidate, y_candidate\n\n    return best_x, best_y, best_value\n\n\n# EVOLVE-BLOCK-END\n\n\n# This part remains fixed (not evolved)\ndef evaluate_function(x, y):\n    \"\"\"The complex function we're trying to minimize\"\"\"\n    return np.sin(x) * np.cos(y) + np.sin(x * y) + (x**2 + y**2) / 20\n\n\ndef run_search():\n    x, y, value = search_algorithm()\n    return x, y, value\n\n\nif __name__ == \"__main__\":\n    x, y, value = run_search()\n    print(f\"Found minimum at ({x}, {y}) with value {value}\")\n\n```\nUnique approach: Modification: Change 1: Replace 27 lines with 43 lines, Excellent runs_successfully (1.000), Excellent value_score (0.996)\n\n# Current Program\n```python\n# EVOLVE-BLOCK-START\n\"\"\"Function minimization example for OpenEvolve\"\"\"\nimport numpy as np\n\n\ndef search_algorithm(iterations=1000, bounds=(-5, 5)):\n    \"\"\"\n    A hybrid random search algorithm combining global exploration and local exploitation.\n    Aims to escape local minima by balancing large jumps with fine-tuned steps.\n\n    Args:\n        iterations: Number of iterations to run\n        bounds: Bounds for the search space (min, max)\n\n    Returns:\n        Tuple of (best_x, best_y, best_value)\n    \"\"\"\n    min_bound, max_bound = bounds\n\n    # Initialize with a random point\n    best_x = np.random.uniform(min_bound, max_bound)\n    best_y = np.random.uniform(min_bound, max_bound)\n    best_value = evaluate_function(best_x, best_y)\n\n    # Parameters for hybrid search\n    explore_probability = 0.2 # Probability of making a global jump\n    local_step_std = (max_bound - min_bound) / 10.0 # Standard deviation for local steps\n\n    for _ in range(iterations):\n        x_candidate, y_candidate = best_x, best_y # Start candidate at current best\n\n        if np.random.rand() < explore_probability:\n            # Global exploration: sample a new point anywhere in the bounds\n            x_candidate = np.random.uniform(min_bound, max_bound)\n            y_candidate = np.random.uniform(min_bound, max_bound)\n        else:\n            # Local exploitation: perturb the current best point\n            x_candidate = best_x + np.random.normal(0, local_step_std)\n            y_candidate = best_y + np.random.normal(0, local_step_std)\n            \n            # Ensure candidate stays within bounds\n            x_candidate = np.clip(x_candidate, min_bound, max_bound)\n            y_candidate = np.clip(y_candidate, min_bound, max_bound)\n\n        value_candidate = evaluate_function(x_candidate, y_candidate)\n\n        if value_candidate < best_value:\n            best_value = value_candidate\n            best_x, best_y = x_candidate, y_candidate\n\n    return best_x, best_y, best_value\n\n\n# EVOLVE-BLOCK-END\n\n\n# This part remains fixed (not evolved)\ndef evaluate_function(x, y):\n    \"\"\"The complex function we're trying to minimize\"\"\"\n    return np.sin(x) * np.cos(y) + np.sin(x * y) + (x**2 + y**2) / 20\n\n\ndef run_search():\n    x, y, value = search_algorithm()\n    return x, y, value\n\n\nif __name__ == \"__main__\":\n    x, y, value = run_search()\n    print(f\"Found minimum at ({x}, {y}) with value {value}\")\n\n```\n\n# Task\nSuggest improvements to the program that will improve its FITNESS SCORE.\nThe system maintains diversity across these dimensions: complexity, diversity\nDifferent solutions with similar fitness but different features are valuable.\n\nYou MUST use the exact SEARCH/REPLACE diff format shown below to indicate changes:\n\n<<<<<<< SEARCH\n# Original code to find and replace (must match exactly)\n=======\n# New replacement code\n>>>>>>> REPLACE\n\nExample of valid diff format:\n<<<<<<< SEARCH\nfor i in range(m):\n    for j in range(p):\n        for k in range(n):\n            C[i, j] += A[i, k] * B[k, j]\n=======\n# Reorder loops for better memory access pattern\nfor i in range(m):\n    for k in range(n):\n        for j in range(p):\n            C[i, j] += A[i, k] * B[k, j]\n>>>>>>> REPLACE\n\nYou can suggest multiple changes. Each SEARCH section must exactly match code in the current program.\nBe thoughtful about your changes and explain your reasoning thoroughly.\n\nIMPORTANT: Do not rewrite the entire program - focus on targeted improvements.", "responses": ["The current program has a fitness score of 0.9800, which is a decline from previous attempts. The goal is to improve this score by enhancing the `search_algorithm` to better escape local minima and find the global minimum.\n\nThe current `search_algorithm` implements a hybrid approach with a fixed `explore_probability` and `local_step_std`. While this is a good starting point, it can be further refined to be more adaptive and robust.\n\nHere are a few suggestions:\n\n1.  **Adaptive Exploration Probability:** The `explore_probability` is currently fixed. For complex landscapes with many local minima, it might be beneficial to have a mechanism that allows for more exploration (higher `explore_probability`) when the algorithm seems to be stagnating or has been in a local minimum for too long. Conversely, when making good progress, a slightly lower exploration probability might be acceptable.\n\n2.  **Adaptive Local Step Size:** Similarly, the `local_step_std` is fixed. As the search progresses and potentially gets closer to a minimum, a smaller step size would be more appropriate for fine-tuning. However, if the search is stuck, a larger step size might help escape.\n\n3.  **Incorporate Momentum or Annealing:** Inspired by optimization techniques like simulated annealing or momentum in gradient descent, we can introduce concepts that help the search escape local minima. For instance, a decaying temperature parameter in simulated annealing can allow for larger jumps initially and smaller ones later, or a \"momentum\" term could help the search continue in a general direction even if it encounters a small uphill.\n\nLet's focus on making the exploration and local step size adaptive.\n\n**Proposed Changes:**\n\n*   **Adaptive Exploration Probability:** Instead of a fixed `explore_probability`, we can make it decay over time, but with a minimum value to ensure continued exploration. We can also introduce a mechanism to slightly increase exploration if no improvement is seen for a certain number of iterations. For simplicity in this iteration, we'll focus on a decaying probability.\n\n*   **Adaptive Local Step Size:** The `local_step_std` can be made to decrease as the number of iterations increases, allowing for finer exploration around promising regions.\n\nLet's implement these changes.\n\n<<<<<<< SEARCH\n    # Parameters for hybrid search\n    explore_probability = 0.2 # Probability of making a global jump\n    local_step_std = (max_bound - min_bound) / 10.0 # Standard deviation for local steps\n=======\n    # Parameters for hybrid search\n    # Gradually decrease exploration probability over time, with a minimum to ensure escape\n    # This starts with higher exploration and reduces it, allowing for more local refinement later\n    explore_probability = max(0.05, 0.3 - 0.25 * (_ / iterations)) # Decay from 0.3 to 0.05\n\n    # Gradually decrease the local step size over time for finer exploitation\n    # This starts with a larger step and shrinks it for more precise searching\n    local_step_std = (max_bound - min_bound) / 10.0 * max(0.1, 1.0 - _ / iterations) # Decay from 1/10th to 1/100th of the range\n>>>>>>> REPLACE\n\n<<<<<<< SEARCH\n    for _ in range(iterations):\n        x_candidate, y_candidate = best_x, best_y # Start candidate at current best\n\n        if np.random.rand() < explore_probability:\n            # Global exploration: sample a new point anywhere in the bounds\n            x_candidate = np.random.uniform(min_bound, max_bound)\n            y_candidate = np.random.uniform(min_bound, max_bound)\n        else:\n            # Local exploitation: perturb the current best point\n            x_candidate = best_x + np.random.normal(0, local_step_std)\n            y_candidate = best_y + np.random.normal(0, local_step_std)\n            \n            # Ensure candidate stays within bounds\n            x_candidate = np.clip(x_candidate, min_bound, max_bound)\n            y_candidate = np.clip(y_candidate, min_bound, max_bound)\n\n        value_candidate = evaluate_function(x_candidate, y_candidate)\n\n        if value_candidate < best_value:\n            best_value = value_candidate\n            best_x, best_y = x_candidate, y_candidate\n=======\n    for i in range(iterations): # Renamed loop variable to avoid conflict with explore_probability calculation\n        x_candidate, y_candidate = best_x, best_y # Start candidate at current best\n\n        if np.random.rand() < explore_probability:\n            # Global exploration: sample a new point anywhere in the bounds\n            x_candidate = np.random.uniform(min_bound, max_bound)\n            y_candidate = np.random.uniform(min_bound, max_bound)\n        else:\n            # Local exploitation: perturb the current best point\n            # Ensure local_step_std is not zero for sampling\n            current_local_step_std = max(1e-5, local_step_std) \n            x_candidate = best_x + np.random.normal(0, current_local_step_std)\n            y_candidate = best_y + np.random.normal(0, current_local_step_std)\n            \n            # Ensure candidate stays within bounds\n            x_candidate = np.clip(x_candidate, min_bound, max_bound)\n            y_candidate = np.clip(y_candidate, min_bound, max_bound)\n\n        value_candidate = evaluate_function(x_candidate, y_candidate)\n\n        if value_candidate < best_value:\n            best_value = value_candidate\n            best_x, best_y = x_candidate, y_candidate\n>>>>>>> REPLACE\n\n**Reasoning:**\n\n1.  **Adaptive `explore_probability`:**\n    *   The formula `explore_probability = max(0.05, 0.3 - 0.25 * (i / iterations))` starts with an exploration probability of `0.3` and decays linearly to `0.05` over the course of `iterations`.\n    *   This ensures that the algorithm begins with a significant chance of making large jumps across the search space, helping it to escape initial local minima.\n    *   As the search progresses, the probability of exploration decreases, allowing the algorithm to focus more on local refinement around promising areas.\n    *   The `max(0.05, ...)` ensures that there's always a small, non-zero chance of a global jump, which is crucial for preventing the algorithm from getting permanently trapped in a local minimum, especially in complex functions with many small, shallow dips.\n\n2.  **Adaptive `local_step_std`:**\n    *   The formula `local_step_std = (max_bound - min_bound) / 10.0 * max(0.1, 1.0 - i / iterations)` makes the standard deviation of the local step decay over time.\n    *   Initially, `local_step_std` is `(max_bound - min_bound) / 10.0`, allowing for relatively broad local searches.\n    *   As `i` approaches `iterations`, `1.0 - i / iterations` approaches `0`, causing `local_step_std` to shrink.\n    *   The `max(0.1, ...)` ensures that the local step size doesn't become excessively small, maintaining a minimum perturbation size.\n    *   This adaptive step size allows for broader exploration in the neighborhood early on and then finer, more precise adjustments as the search converges towards a minimum.\n\n3.  **Loop Variable Renaming:** Renamed the loop variable from `_` to `i` to avoid conflict with the calculation of `explore_probability` and `local_step_std` which also use `iterations`.\n\n4.  **Ensure `current_local_step_std` is not zero:** Added `current_local_step_std = max(1e-5, local_step_std)` to prevent division by zero or sampling from a distribution with zero standard deviation if `local_step_std` becomes extremely small.\n\nThese changes introduce adaptive behaviors that are often crucial for robustly finding global optima in functions with complex landscapes. They allow the algorithm to dynamically adjust its search strategy based on the progress made, increasing the likelihood of escaping local minima and converging to the global minimum."]}}, "artifacts_json": "{\"error_type\": \"NameError\", \"error_message\": \"Stage 1: name '_' is not defined\", \"full_traceback\": \"Traceback (most recent call last):\\n  File \\\"C:\\\\Windows\\\\System32\\\\openevolve\\\\examples\\\\function_minimization\\\\evaluator.py\\\", line 294, in evaluate_stage1\\n    result = run_with_timeout(program.run_search, timeout_seconds=5)\\n             ^^^^^^^^^^^^^^^^^^^^^^^^^^^^^^^^^^^^^^^^^^^^^^^^^^^^^^^\\n  File \\\"C:\\\\Windows\\\\System32\\\\openevolve\\\\examples\\\\function_minimization\\\\evaluator.py\\\", line 30, in run_with_timeout\\n    result = future.result(timeout=timeout_seconds)\\n             ^^^^^^^^^^^^^^^^^^^^^^^^^^^^^^^^^^^^^^\\n  File \\\"C:\\\\Users\\\\kfg4s\\\\AppData\\\\Local\\\\Programs\\\\Python\\\\Python311\\\\Lib\\\\concurrent\\\\futures\\\\_base.py\\\", line 449, in result\\n    return self.__get_result()\\n           ^^^^^^^^^^^^^^^^^^^\\n  File \\\"C:\\\\Users\\\\kfg4s\\\\AppData\\\\Local\\\\Programs\\\\Python\\\\Python311\\\\Lib\\\\concurrent\\\\futures\\\\_base.py\\\", line 401, in __get_result\\n    raise self._exception\\n  File \\\"C:\\\\Users\\\\kfg4s\\\\AppData\\\\Local\\\\Programs\\\\Python\\\\Python311\\\\Lib\\\\concurrent\\\\futures\\\\thread.py\\\", line 58, in run\\n    result = self.fn(*self.args, **self.kwargs)\\n             ^^^^^^^^^^^^^^^^^^^^^^^^^^^^^^^^^^\\n  File \\\"C:\\\\Users\\\\kfg4s\\\\AppData\\\\Local\\\\Temp\\\\tmpfant0nvx.py\\\", line 71, in run_search\\n    x, y, value = search_algorithm()\\n                  ^^^^^^^^^^^^^^^^^^\\n  File \\\"C:\\\\Users\\\\kfg4s\\\\AppData\\\\Local\\\\Temp\\\\tmpfant0nvx.py\\\", line 28, in search_algorithm\\n    explore_probability = max(0.05, 0.3 - 0.25 * (_ / iterations)) # Decay from 0.3 to 0.05\\n                                                  ^\\nNameError: name '_' is not defined\\n\", \"suggestion\": \"Unexpected error occurred. Check the traceback for specific issue\"}", "artifact_dir": null}