{"id": "31ef8013-fe14-4f84-9a14-ce0fc83208f7", "code": "# EVOLVE-BLOCK-START\n\"\"\"Function minimization example for OpenEvolve\"\"\"\nimport numpy as np\n\n\ndef search_algorithm(iterations=1000, bounds=(-5, 5)):\n    \"\"\"\n    A hybrid global-local search algorithm to find the global minimum,\n    combining wide exploration with local refinement to escape local minima.\n\n    Args:\n        iterations: Number of iterations to run\n        bounds: Bounds for the search space (min, max)\n\n    Returns:\n        Tuple of (best_x, best_y, best_value)\n    \"\"\"\n    # Initialize with a random point\n    best_x = np.random.uniform(bounds[0], bounds[1])\n    best_y = np.random.uniform(bounds[0], bounds[1])\n    best_value = evaluate_function(best_x, best_y)\n\n    # Parameters for the hybrid search strategy\n    low, high = bounds\n    total_range = high - low\n\n    # Adaptive parameters for search\n    # Initial probability of global exploration\n    initial_global_explore_prob = 0.5\n    min_global_explore_prob = 0.05 # Minimum probability to ensure occasional global jumps\n\n    # Initial standard deviation for local search perturbation (relative to total range)\n    initial_perturbation_std_factor = 0.2\n    min_perturbation_std_factor = 0.01\n\n    # Parameters for escaping local minima (plateaus)\n    no_improvement_streak_limit = int(iterations * 0.05) # Trigger reset after 5% of iterations without improvement\n    large_jump_factor = 1.5 # Factor to increase local perturbation scale for a large jump\n\n    no_improvement_streak = 0\n\n    for i in range(iterations):\n        progress = i / iterations\n\n        # Dynamically adjust global exploration probability\n        # Decays non-linearly, allowing more exploration early on\n        current_global_explore_prob = max(min_global_explore_prob,\n                                          initial_global_explore_prob - (initial_global_explore_prob - min_global_explore_prob) * progress**1.5)\n\n        # Dynamically adjust local perturbation standard deviation\n        # Decays non-linearly, mirroring the exploration probability decay\n        current_perturbation_std_factor = max(min_perturbation_std_factor,\n                                              initial_perturbation_std_factor - (initial_perturbation_std_factor - min_perturbation_std_factor) * progress**1.5)\n\n        # Apply large jump if stuck\n        perform_large_jump = False\n        if no_improvement_streak >= no_improvement_streak_limit:\n            # If stuck, increase probability of a larger jump or global exploration\n            if np.random.rand() < 0.7: # 70% chance to attempt a large jump\n                perform_large_jump = True\n                # Temporarily increase the std for a large jump\n                current_perturbation_std_factor *= large_jump_factor\n                # Reset streak counter after attempting a jump\n                no_improvement_streak = 0\n            else: # If not attempting a large jump, just reset streak\n                no_improvement_streak = 0\n\n        if np.random.rand() < current_global_explore_prob or perform_large_jump:\n            # Global exploration or large jump\n            if perform_large_jump:\n                # For a large jump, sample from a wider range around the best point\n                # Use Gaussian perturbation with the adjusted std\n                current_std = total_range * current_perturbation_std_factor\n                x_candidate = np.clip(best_x + np.random.normal(0, current_std), low, high)\n                y_candidate = np.clip(best_y + np.random.normal(0, current_std), low, high)\n            else: # Standard global exploration\n                x_candidate = np.random.uniform(low, high)\n                y_candidate = np.random.uniform(low, high)\n        else:\n            # Local exploitation around the current best point\n            current_std = total_range * current_perturbation_std_factor\n            x_candidate = np.clip(best_x + np.random.normal(0, current_std), low, high)\n            y_candidate = np.clip(best_y + np.random.normal(0, current_std), low, high)\n\n        value = evaluate_function(x_candidate, y_candidate)\n\n        if value < best_value:\n            best_value = value\n            best_x, best_y = x_candidate, y_candidate\n            no_improvement_streak = 0 # Reset streak on improvement\n        else:\n            no_improvement_streak += 1 # Increment streak if no improvement\n\n    return best_x, best_y, best_value\n\n\n# EVOLVE-BLOCK-END\n\n\n# This part remains fixed (not evolved)\ndef evaluate_function(x, y):\n    \"\"\"The complex function we're trying to minimize\"\"\"\n    return np.sin(x) * np.cos(y) + np.sin(x * y) + (x**2 + y**2) / 20\n\n\ndef run_search():\n    x, y, value = search_algorithm()\n    return x, y, value\n\n\nif __name__ == \"__main__\":\n    x, y, value = run_search()\n    print(f\"Found minimum at ({x}, {y}) with value {value}\")\n", "language": "python", "parent_id": "8b100b3e-f1ce-40d5-8b25-2b7bbaaa1fdc", "generation": 2, "timestamp": 1759151849.4240272, "iteration_found": 44, "metrics": {"runs_successfully": 1.0, "value_score": 0.9889628435662972, "distance_score": 0.7013934600377987, "combined_score": 1.3573491896917322, "reliability_score": 1.0}, "complexity": 0.0, "diversity": 0.0, "metadata": {"changes": "Change 1: Replace 32 lines with 72 lines", "parent_metrics": {"runs_successfully": 1.0, "value_score": 0.9821624635344304, "distance_score": 0.6819015075699755, "combined_score": 1.3434775260573117, "reliability_score": 1.0}, "island": 0}, "prompts": {"diff_user": {"system": "You are an expert programmer specializing in optimization algorithms. Your task is to improve a function minimization algorithm to find the global minimum of a complex function with many local minima. The function is f(x, y) = sin(x) * cos(y) + sin(x*y) + (x^2 + y^2)/20. Focus on improving the search_algorithm function to reliably find the global minimum, escaping local minima that might trap simple algorithms.", "user": "# Current Program Information\n- Fitness: 1.3435\n- Feature coordinates: No feature coordinates\n- Focus areas: - Fitness declined: 1.4987 \u00e2\u2020\u2019 1.3435. Consider revising recent changes.\n- Consider simplifying - code length exceeds 500 characters\n\n## Last Execution Output\n\n### stage1_result\n```\nFound solution at x=-1.5954, y=0.6965 with value=-1.5116\n```\n\n### distance_to_global\n```\n0.1102\n```\n\n### solution_quality\n```\nDistance < 0.5: Very close\n```\n\n### convergence_info\n```\nConverged in 10 trials with 10 successes\n```\n\n### best_position\n```\nFinal position: x=-1.6859, y=0.7038\n```\n\n### average_distance_to_global\n```\n0.4665\n```\n\n### search_efficiency\n```\nSuccess rate: 100.00%\n```\n\n# Program Evolution History\n## Previous Attempts\n\n### Attempt 3\n- Changes: Change 1: Replace 27 lines with 67 lines\n- Metrics: runs_successfully: 1.0000, value_score: 0.9997, distance_score: 0.9976, combined_score: 1.4987, reliability_score: 1.0000\n- Outcome: Mixed results\n\n### Attempt 2\n- Changes: Change 1: Replace 16 lines with 35 lines\n- Metrics: runs_successfully: 1.0000, value_score: 0.9997, distance_score: 0.9980, combined_score: 1.4989, reliability_score: 1.0000\n- Outcome: Mixed results\n\n### Attempt 1\n- Changes: Change 1: Replace 23 lines with 39 lines\nChange 2: Replace 3 lines with 12 lines\n- Metrics: runs_successfully: 1.0000, value_score: 0.9997, distance_score: 0.9993, combined_score: 1.4995, reliability_score: 1.0000\n- Outcome: Mixed results\n\n## Top Performing Programs\n\n### Program 1 (Score: 1.4995)\n```python\n# EVOLVE-BLOCK-START\n\"\"\"Function minimization example for OpenEvolve\"\"\"\nimport numpy as np\n\n\ndef search_algorithm(iterations=1000, bounds=(-5, 5)):\n    \"\"\"\n    A simple random search algorithm that often gets stuck in local minima.\n\n    Args:\n        iterations: Number of iterations to run\n        bounds: Bounds for the search space (min, max)\n\n    Returns:\n        Tuple of (best_x, best_y, best_value)\n    \"\"\"\n    # Initialize with a random point\n    best_x = np.random.uniform(bounds[0], bounds[1])\n    best_y = np.random.uniform(bounds[0], bounds[1])\n    best_value = evaluate_function(best_x, best_y)\n\n    total_range = bounds[1] - bounds[0]\n\n    for i in range(iterations):\n        # Gradually shift from global exploration to local exploitation\n        # `explore_prob` decreases over time, `current_local_span` shrinks\n        # Parameters for adaptive search\n        # Start with a higher exploration probability and decay it more gradually\n        # Using a linear decay for exploration probability for simplicity and predictability\n        explore_prob_initial = 0.5  # Higher initial exploration\n        explore_prob_final = 0.05   # Minimum exploration probability\n        explore_prob = explore_prob_initial - (explore_prob_initial - explore_prob_final) * (i / iterations)\n\n        # Temperature-like parameter to control local search step size.\n        # It starts high and cools down, allowing larger steps initially and finer steps later.\n        # This helps escape local minima by allowing larger jumps when \"hot\" (early)\n        # and fine-tuning when \"cold\" (late).\n        initial_temperature = 1.0 # A heuristic starting temperature\n        cooling_rate = 0.995      # Slower cooling rate for better exploration\n        temperature = initial_temperature * (cooling_rate ** i)\n        # Ensure temperature doesn't become too small to cause issues with acceptance probability\n        if temperature < 1e-6:\n            temperature = 1e-6\n\n        # Local search step size scales with temperature and a fraction of the total range.\n        # The maximum step size is a fraction (e.g., 15%) of the total range.\n        max_step_fraction = 0.15\n        # Scale step size by the current temperature relative to the initial temperature.\n        # This makes steps larger when temperature is high and smaller when it's low.\n        current_local_step_size = total_range * max_step_fraction * (temperature / initial_temperature)\n        # Ensure a minimum step size to avoid getting stuck if temperature is very low\n        min_local_step_size = 1e-4\n        current_local_step_size = max(min_local_step_size, current_local_step_size)\n\n        if np.random.rand() < explore_prob: # Global exploration\n            x_candidate = np.random.uniform(bounds[0], bounds[1])\n            y_candidate = np.random.uniform(bounds[0], bounds[1])\n        else: # Local exploitation around the current best point\n            # Use Gaussian perturbation with the adaptive step size\n            x_candidate = best_x + np.random.normal(0, current_local_step_size)\n            y_candidate = best_y + np.random.normal(0, current_local_step_size)\n\n            # Ensure candidate points are within global bounds\n            x_candidate = np.clip(x_candidate, bounds[0], bounds[1])\n            y_candidate = np.clip(y_candidate, bounds[0], bounds[1])\n\n        value = evaluate_function(x_candidate, y_candidate)\n\n        if value < best_value:\n            best_value = value\n            best_x, best_y = x_candidate, y_candidate\n\n    return best_x, best_y, best_value\n\n\n# EVOLVE-BLOCK-END\n\n\n# This part remains fixed (not evolved)\ndef evaluate_function(x, y):\n    \"\"\"The complex function we're trying to minimize\"\"\"\n    return np.sin(x) * np.cos(y) + np.sin(x * y) + (x**2 + y**2) / 20\n\n\ndef run_search(num_runs=10): # Add a parameter for the number of runs\n    best_overall_x, best_overall_y, best_overall_value = None, None, float('inf')\n\n    for run in range(num_runs):\n        x, y, value = search_algorithm()\n        if value < best_overall_value:\n            best_overall_value = value\n            best_overall_x, best_overall_y = x, y\n        # Optional: print progress for each run\n        # print(f\"Run {run+1}/{num_runs}: Found {value} at ({x}, {y})\")\n\n    return best_overall_x, best_overall_y, best_overall_value\n\n\nif __name__ == \"__main__\":\n    x, y, value = run_search()\n    print(f\"Found minimum at ({x}, {y}) with value {value}\")\n\n```\nKey features: Performs well on runs_successfully (1.0000), Performs well on value_score (0.9997), Performs well on distance_score (0.9993), Performs well on combined_score (1.4995), Performs well on reliability_score (1.0000)\n\n### Program 2 (Score: 1.4989)\n```python\n# EVOLVE-BLOCK-START\n\"\"\"Function minimization example for OpenEvolve\"\"\"\nimport numpy as np\n\n\ndef search_algorithm(iterations=1000, bounds=(-5, 5)):\n    \"\"\"\n    A simple random search algorithm that often gets stuck in local minima.\n\n    Args:\n        iterations: Number of iterations to run\n        bounds: Bounds for the search space (min, max)\n\n    Returns:\n        Tuple of (best_x, best_y, best_value)\n    \"\"\"\n    # Initialize with a random point\n    best_x = np.random.uniform(bounds[0], bounds[1])\n    best_y = np.random.uniform(bounds[0], bounds[1])\n    best_value = evaluate_function(best_x, best_y)\n\n    total_range = bounds[1] - bounds[0]\n\n    for i in range(iterations):\n        # Gradually shift from global exploration to local exploitation\n        # `explore_prob` decreases over time, `current_local_span` shrinks\n        # Minimum `explore_prob` of 0.05 ensures occasional global jumps to escape local minima\n        explore_prob = max(0.05, 1.0 - i / iterations)\n        # Local search span shrinks from 20% of total_range down to a very small value\n        current_local_span = total_range * (1.0 - i / iterations) * 0.2\n\n        if np.random.rand() < explore_prob: # Global exploration\n            x_candidate = np.random.uniform(bounds[0], bounds[1])\n            y_candidate = np.random.uniform(bounds[0], bounds[1])\n        else: # Local exploitation around the current best point\n            # Ensure local_span is not zero for sampling\n            half_span = max(1e-5, current_local_span / 2.0)\n            x_candidate = best_x + np.random.uniform(-half_span, half_span)\n            y_candidate = best_y + np.random.uniform(-half_span, half_span)\n\n            # Ensure candidate points are within global bounds\n            x_candidate = np.clip(x_candidate, bounds[0], bounds[1])\n            y_candidate = np.clip(y_candidate, bounds[0], bounds[1])\n\n        value = evaluate_function(x_candidate, y_candidate)\n\n        if value < best_value:\n            best_value = value\n            best_x, best_y = x_candidate, y_candidate\n\n    return best_x, best_y, best_value\n\n\n# EVOLVE-BLOCK-END\n\n\n# This part remains fixed (not evolved)\ndef evaluate_function(x, y):\n    \"\"\"The complex function we're trying to minimize\"\"\"\n    return np.sin(x) * np.cos(y) + np.sin(x * y) + (x**2 + y**2) / 20\n\n\ndef run_search():\n    x, y, value = search_algorithm()\n    return x, y, value\n\n\nif __name__ == \"__main__\":\n    x, y, value = run_search()\n    print(f\"Found minimum at ({x}, {y}) with value {value}\")\n\n```\nKey features: Performs well on runs_successfully (1.0000), Performs well on value_score (0.9997), Performs well on distance_score (0.9980), Performs well on combined_score (1.4989), Performs well on reliability_score (1.0000)\n\n### Program 3 (Score: 1.4987)\n```python\n# EVOLVE-BLOCK-START\n\"\"\"Function minimization example for OpenEvolve\"\"\"\nimport numpy as np\n\n\ndef search_algorithm(iterations=1000, bounds=(-5, 5)):\n    \"\"\"\n    A simple random search algorithm that often gets stuck in local minima.\n\n    Args:\n        iterations: Number of iterations to run\n        bounds: Bounds for the search space (min, max)\n\n    Returns:\n        Tuple of (best_x, best_y, best_value)\n    \"\"\"\n    # Initialize with a random point\n    best_x = np.random.uniform(bounds[0], bounds[1])\n    best_y = np.random.uniform(bounds[0], bounds[1])\n    best_value = evaluate_function(best_x, best_y)\n\n    total_range = bounds[1] - bounds[0]\n\n    for i in range(iterations):\n        # Gradually shift from global exploration to local exploitation\n        # `explore_prob` decreases over time, `current_local_span` shrinks\n        # Minimum `explore_prob` of 0.05 ensures occasional global jumps to escape local minima\n        explore_prob = max(0.05, 1.0 - i / iterations)\n        # Local search span shrinks from 20% of total_range down to a very small value\n        current_local_span = total_range * (1.0 - i / iterations) * 0.2\n\n        if np.random.rand() < explore_prob: # Global exploration\n            x_candidate = np.random.uniform(bounds[0], bounds[1])\n            y_candidate = np.random.uniform(bounds[0], bounds[1])\n        else: # Local exploitation around the current best point\n            # Ensure local_span is not zero for sampling\n            half_span = max(1e-5, current_local_span / 2.0)\n            x_candidate = best_x + np.random.uniform(-half_span, half_span)\n            y_candidate = best_y + np.random.uniform(-half_span, half_span)\n\n            # Ensure candidate points are within global bounds\n            x_candidate = np.clip(x_candidate, bounds[0], bounds[1])\n            y_candidate = np.clip(y_candidate, bounds[0], bounds[1])\n\n        value = evaluate_function(x_candidate, y_candidate)\n\n        if value < best_value:\n            best_value = value\n            best_x, best_y = x_candidate, y_candidate\n\n    return best_x, best_y, best_value\n\n\n# EVOLVE-BLOCK-END\n\n\n# This part remains fixed (not evolved)\ndef evaluate_function(x, y):\n    \"\"\"The complex function we're trying to minimize\"\"\"\n    return np.sin(x) * np.cos(y) + np.sin(x * y) + (x**2 + y**2) / 20\n\n\ndef run_search():\n    x, y, value = search_algorithm()\n    return x, y, value\n\n\nif __name__ == \"__main__\":\n    x, y, value = run_search()\n    print(f\"Found minimum at ({x}, {y}) with value {value}\")\n\n```\nKey features: Performs well on runs_successfully (1.0000), Performs well on value_score (0.9997), Performs well on distance_score (0.9976), Performs well on combined_score (1.4987), Performs well on reliability_score (1.0000)\n\n\n\n## Diverse Programs\n\n### Program D1 (Score: 1.4979)\n```python\n# EVOLVE-BLOCK-START\n\"\"\"Function minimization example for OpenEvolve\"\"\"\nimport numpy as np\n\n\ndef search_algorithm(iterations=1000, bounds=(-5, 5)):\n    \"\"\"\n    A simple random search algorithm that often gets stuck in local minima.\n\n    Args:\n        iterations: Number of iterations to run\n        bounds: Bounds for the search space (min, max)\n\n    Returns:\n        Tuple of (best_x, best_y, best_value)\n    \"\"\"\n    # Initialize with a random point\n    best_x = np.random.uniform(bounds[0], bounds[1])\n    best_y = np.random.uniform(bounds[0], bounds[1])\n    best_value = evaluate_function(best_x, best_y)\n\n    total_range = bounds[1] - bounds[0]\n\n    for i in range(iterations):\n        # Gradually shift from global exploration to local exploitation\n        # `explore_prob` decreases over time, `current_local_span` shrinks\n        # Minimum `explore_prob` of 0.05 ensures occasional global jumps to escape local minima\n        # Start with a higher exploration probability and decay it more rapidly initially\n        explore_prob = max(0.05, 1.0 - (i / iterations)**1.5) \n\n        # Local search span shrinks from 20% of total_range down to a very small value\n        # This span also decays, ensuring finer local searches as we progress.\n        # The decay rate is controlled by (1.0 - i / iterations)**1.5 to mirror explore_prob\n        current_local_span = total_range * (1.0 - (i / iterations)**1.5) * 0.2\n\n        if np.random.rand() < explore_prob: # Global exploration\n            x_candidate = np.random.uniform(bounds[0], bounds[1])\n            y_candidate = np.random.uniform(bounds[0], bounds[1])\n        else: # Local exploitation around the current best point\n            # Ensure local_span is not zero for sampling\n            half_span = max(1e-5, current_local_span / 2.0)\n            # Use Gaussian perturbation for local search, which is often more effective\n            # than uniform for fine-tuning around a point.\n            x_candidate = best_x + np.random.normal(0, half_span)\n            y_candidate = best_y + np.random.normal(0, half_span)\n\n            # Ensure candidate points are within global bounds\n            x_candidate = np.clip(x_candidate, bounds[0], bounds[1])\n            y_candidate = np.clip(y_candidate, bounds[0], bounds[1])\n\n        value = evaluate_function(x_candidate, y_candidate)\n\n        if value < best_value:\n            best_value = value\n            best_x, best_y = x_candidate, y_candidate\n\n    return best_x, best_y, best_value\n\n\n# EVOLVE-BLOCK-END\n\n\n# This part remains fixed (not evolved)\ndef evaluate_function(x, y):\n    \"\"\"The complex function we're trying to minimize\"\"\"\n    return np.sin(x) * np.cos(y) + np.sin(x * y) + (x**2 + y**2) / 20\n\n\ndef run_search():\n    x, y, value = search_algorithm()\n    return x, y, value\n\n\nif __name__ == \"__main__\":\n    x, y, value = run_search()\n    print(f\"Found minimum at ({x}, {y}) with value {value}\")\n\n```\nKey features: Alternative approach to runs_successfully, Alternative approach to value_score\n\n### Program D2 (Score: 1.4970)\n```python\n# EVOLVE-BLOCK-START\n\"\"\"Function minimization example for OpenEvolve\"\"\"\nimport numpy as np\n\n\ndef search_algorithm(iterations=1000, bounds=(-5, 5)):\n    \"\"\"\n    A simple random search algorithm that often gets stuck in local minima.\n\n    Args:\n        iterations: Number of iterations to run\n        bounds: Bounds for the search space (min, max)\n\n    Returns:\n        Tuple of (best_x, best_y, best_value)\n    \"\"\"\n    # Initialize with a random point\n    best_x = np.random.uniform(bounds[0], bounds[1])\n    best_y = np.random.uniform(bounds[0], bounds[1])\n    best_value = evaluate_function(best_x, best_y)\n\n    total_range = bounds[1] - bounds[0]\n    initial_local_std = total_range / 5.0 # Initial standard deviation for local search\n\n    # Parameters for escaping local minima\n    no_improvement_streak_limit = int(iterations * 0.05) # Trigger reset if no improvement for 5% of iterations\n    large_jump_factor = 0.5 # Factor to increase local span for a large jump\n\n    no_improvement_streak = 0\n\n    for i in range(iterations):\n        # Adaptive exploration probability and local span with non-linear decay\n        # Using a power decay for exploration probability to allow more exploration early on\n        decay_exponent = 1.5\n        explore_prob = max(0.05, 1.0 - (i / iterations)**decay_exponent)\n\n        # Local search span shrinks, but can be temporarily increased\n        # Initial span is 20% of total range, shrinks towards a minimum.\n        # Use the same decay for local span\n        base_local_span = total_range * (1.0 - (i / iterations)**decay_exponent) * 0.2\n        current_local_span = max(1e-5, base_local_span)\n\n        perform_large_jump = False\n        if no_improvement_streak >= no_improvement_streak_limit:\n            # If stuck, increase probability of a larger jump or global exploration\n            if np.random.rand() < 0.7: # 70% chance to attempt a large jump\n                perform_large_jump = True\n                # Temporarily increase the span for a large jump\n                current_local_span *= (1 + large_jump_factor)\n                # Reset streak counter after attempting a jump\n                no_improvement_streak = 0\n            else: # If not attempting a large jump, just reset streak\n                no_improvement_streak = 0\n\n        if np.random.rand() < explore_prob or perform_large_jump: # Global exploration or large jump\n            if perform_large_jump:\n                # For a large jump, sample from a wider range around the best point\n                half_span = max(1e-5, current_local_span / 2.0)\n                # Use Gaussian perturbation for local exploitation during a large jump\n                x_candidate = best_x + np.random.normal(0, half_span)\n                y_candidate = best_y + np.random.normal(0, half_span)\n            else: # Standard global exploration\n                x_candidate = np.random.uniform(bounds[0], bounds[1])\n                y_candidate = np.random.uniform(bounds[0], bounds[1])\n        else: # Local exploitation around the current best point\n            # Use Gaussian perturbation for local search, which is often more effective\n            # than uniform for fine-tuning around a point.\n            half_span = max(1e-5, current_local_span / 2.0)\n            x_candidate = np.random.normal(loc=best_x, scale=half_span)\n            y_candidate = np.random.normal(loc=best_y, scale=half_span)\n\n        # Ensure candidate points are within global bounds\n        x_candidate = np.clip(x_candidate, bounds[0], bounds[1])\n        y_candidate = np.clip(y_candidate, bounds[0], bounds[1])\n\n        value = evaluate_function(x_candidate, y_candidate)\n\n        if value < best_value:\n            best_value = value\n            best_x, best_y = x_candidate, y_candidate\n            no_improvement_streak = 0 # Reset streak on improvement\n        else:\n            no_improvement_streak += 1 # Increment streak if no improvement\n\n    return best_x, best_y, best_value\n\n\n# EVOLVE-BLOCK-END\n\n\n# This part remains fixed (not evolved)\ndef evaluate_function(x, y):\n    \"\"\"The complex function we're trying to minimize\"\"\"\n    return np.sin(x) * np.cos(y) + np.sin(x * y) + (x**2 + y**2) / 20\n\n\ndef run_search():\n    x, y, value = search_algorithm()\n    return x, y, value\n\n\nif __name__ == \"__main__\":\n    x, y, value = run_search()\n    print(f\"Found minimum at ({x}, {y}) with value {value}\")\n\n```\nKey features: Alternative approach to runs_successfully, Alternative approach to value_score\n\n## Inspiration Programs\n\nThese programs represent diverse approaches and creative solutions that may inspire new ideas:\n\n### Inspiration 1 (Score: 1.4995, Type: High-Performer)\n```python\n# EVOLVE-BLOCK-START\n\"\"\"Function minimization example for OpenEvolve\"\"\"\nimport numpy as np\n\n\ndef search_algorithm(iterations=1000, bounds=(-5, 5)):\n    \"\"\"\n    A simple random search algorithm that often gets stuck in local minima.\n\n    Args:\n        iterations: Number of iterations to run\n        bounds: Bounds for the search space (min, max)\n\n    Returns:\n        Tuple of (best_x, best_y, best_value)\n    \"\"\"\n    # Initialize with a random point\n    best_x = np.random.uniform(bounds[0], bounds[1])\n    best_y = np.random.uniform(bounds[0], bounds[1])\n    best_value = evaluate_function(best_x, best_y)\n\n    total_range = bounds[1] - bounds[0]\n\n    for i in range(iterations):\n        # Gradually shift from global exploration to local exploitation\n        # `explore_prob` decreases over time, `current_local_span` shrinks\n        # Parameters for adaptive search\n        # Start with a higher exploration probability and decay it more gradually\n        # Using a linear decay for exploration probability for simplicity and predictability\n        explore_prob_initial = 0.5  # Higher initial exploration\n        explore_prob_final = 0.05   # Minimum exploration probability\n        explore_prob = explore_prob_initial - (explore_prob_initial - explore_prob_final) * (i / iterations)\n\n        # Temperature-like parameter to control local search step size.\n        # It starts high and cools down, allowing larger steps initially and finer steps later.\n        # This helps escape local minima by allowing larger jumps when \"hot\" (early)\n        # and fine-tuning when \"cold\" (late).\n        initial_temperature = 1.0 # A heuristic starting temperature\n        cooling_rate = 0.995      # Slower cooling rate for better exploration\n        temperature = initial_temperature * (cooling_rate ** i)\n        # Ensure temperature doesn't become too small to cause issues with acceptance probability\n        if temperature < 1e-6:\n            temperature = 1e-6\n\n        # Local search step size scales with temperature and a fraction of the total range.\n        # The maximum step size is a fraction (e.g., 15%) of the total range.\n        max_step_fraction = 0.15\n        # Scale step size by the current temperature relative to the initial temperature.\n        # This makes steps larger when temperature is high and smaller when it's low.\n        current_local_step_size = total_range * max_step_fraction * (temperature / initial_temperature)\n        # Ensure a minimum step size to avoid getting stuck if temperature is very low\n        min_local_step_size = 1e-4\n        current_local_step_size = max(min_local_step_size, current_local_step_size)\n\n        if np.random.rand() < explore_prob: # Global exploration\n            x_candidate = np.random.uniform(bounds[0], bounds[1])\n            y_candidate = np.random.uniform(bounds[0], bounds[1])\n        else: # Local exploitation around the current best point\n            # Use Gaussian perturbation with the adaptive step size\n            x_candidate = best_x + np.random.normal(0, current_local_step_size)\n            y_candidate = best_y + np.random.normal(0, current_local_step_size)\n\n            # Ensure candidate points are within global bounds\n            x_candidate = np.clip(x_candidate, bounds[0], bounds[1])\n            y_candidate = np.clip(y_candidate, bounds[0], bounds[1])\n\n        value = evaluate_function(x_candidate, y_candidate)\n\n        if value < best_value:\n            best_value = value\n            best_x, best_y = x_candidate, y_candidate\n\n    return best_x, best_y, best_value\n\n\n# EVOLVE-BLOCK-END\n\n\n# This part remains fixed (not evolved)\ndef evaluate_function(x, y):\n    \"\"\"The complex function we're trying to minimize\"\"\"\n    return np.sin(x) * np.cos(y) + np.sin(x * y) + (x**2 + y**2) / 20\n\n\ndef run_search(num_runs=10): # Add a parameter for the number of runs\n    best_overall_x, best_overall_y, best_overall_value = None, None, float('inf')\n\n    for run in range(num_runs):\n        x, y, value = search_algorithm()\n        if value < best_overall_value:\n            best_overall_value = value\n            best_overall_x, best_overall_y = x, y\n        # Optional: print progress for each run\n        # print(f\"Run {run+1}/{num_runs}: Found {value} at ({x}, {y})\")\n\n    return best_overall_x, best_overall_y, best_overall_value\n\n\nif __name__ == \"__main__\":\n    x, y, value = run_search()\n    print(f\"Found minimum at ({x}, {y}) with value {value}\")\n\n```\nUnique approach: Modification: Change 1: Replace 23 lines with 39 lines\nChange 2: Replace 3 lines with 12 lines, Excellent runs_successfully (1.000), Excellent value_score (1.000)\n\n### Inspiration 2 (Score: 1.3579, Type: High-Performer)\n```python\n# EVOLVE-BLOCK-START\n\"\"\"Function minimization example for OpenEvolve\"\"\"\nimport numpy as np\n\n\ndef search_algorithm(iterations=1000, bounds=(-5, 5)):\n    \"\"\"\n    An improved random search that combines global exploration with local refinement.\n    Helps escape local minima by mixing global jumps and local perturbations.\n\n    Args:\n        iterations: Number of iterations to run\n        bounds: Bounds for the search space (min, max)\n\n    Returns:\n        Tuple of (best_x, best_y, best_value)\n    \"\"\"\n    low, high = bounds\n    \n    # Initialize with a random point\n    best_x = np.random.uniform(low, high)\n    best_y = np.random.uniform(low, high)\n    best_value = evaluate_function(best_x, best_y)\n\n    # Parameters for adaptive search\n    # Initial probability of global exploration (higher at the start)\n    initial_global_explore_prob = 0.5\n    min_global_explore_prob = 0.05 # Minimum probability to ensure occasional global jumps\n\n    # Initial standard deviation for local search perturbation (relative to bounds)\n    initial_perturbation_std_factor = 0.2\n    min_perturbation_std_factor = 0.01\n\n    # Track non-improvement streak to trigger larger jumps if stuck\n    no_improvement_streak = 0\n    max_no_improvement_streak = int(iterations * 0.05) # Trigger after 5% of iterations without improvement\n    large_jump_factor = 1.5 # How much to increase perturbation scale for a large jump\n\n    for i in range(iterations):\n        # Calculate current global exploration probability, decaying over iterations\n        progress = i / iterations\n        current_global_explore_prob = max(min_global_explore_prob, \n                                          initial_global_explore_prob - (initial_global_explore_prob - min_global_explore_prob) * progress**1.5)\n        \n        # Calculate current local perturbation standard deviation, also decaying\n        current_perturbation_std_factor = max(min_perturbation_std_factor,\n                                              initial_perturbation_std_factor - (initial_perturbation_std_factor - min_perturbation_std_factor) * progress**1.5)\n        \n        # Adjust perturbation based on streak\n        effective_perturbation_std_factor = current_perturbation_std_factor\n        if no_improvement_streak > max_no_improvement_streak:\n            # If stuck, increase perturbation scale for a larger jump\n            effective_perturbation_std_factor *= large_jump_factor\n            # Reset streak only if we are attempting a larger jump\n            no_improvement_streak = 0 # Reset streak to prevent continuous large jumps if not effective\n\n        # Determine if we should explore globally or locally\n        if np.random.rand() < current_global_explore_prob:\n            # Global exploration: jump to a completely random point\n            x_candidate = np.random.uniform(low, high)\n            y_candidate = np.random.uniform(low, high)\n        else:\n            # Local refinement: perturb around the current best solution\n            # Scale perturbation by the effective standard deviation factor\n            current_std = (high - low) * effective_perturbation_std_factor\n            x_candidate = np.clip(best_x + np.random.normal(0, current_std), low, high)\n            y_candidate = np.clip(best_y + np.random.normal(0, current_std), low, high)\n        \n        value = evaluate_function(x_candidate, y_candidate)\n\n        if value < best_value:\n            best_value = value\n            best_x, best_y = x_candidate, y_candidate\n            no_improvement_streak = 0 # Reset streak on improvement\n        else:\n            no_improvement_streak += 1 # Increment streak if no improvement\n\n    return best_x, best_y, best_value\n\n\n# EVOLVE-BLOCK-END\n\n\n# This part remains fixed (not evolved)\ndef evaluate_function(x, y):\n    \"\"\"The complex function we're trying to minimize\"\"\"\n    return np.sin(x) * np.cos(y) + np.sin(x * y) + (x**2 + y**2) / 20\n\n\ndef run_search():\n    x, y, value = search_algorithm()\n    return x, y, value\n\n\nif __name__ == \"__main__\":\n    x, y, value = run_search()\n    print(f\"Found minimum at ({x}, {y}) with value {value}\")\n\n```\nUnique approach: Modification: Change 1: Replace 22 lines with 52 lines, Excellent runs_successfully (1.000), Excellent value_score (0.989)\n\n### Inspiration 3 (Score: 0.0000, Type: Exploratory)\n```python\n# EVOLVE-BLOCK-START\n\"\"\"Function minimization example for OpenEvolve\"\"\"\nimport numpy as np\n\n\ndef search_algorithm(iterations=1000, bounds=(-5, 5)):\n    \"\"\"\n    A simple random search algorithm that often gets stuck in local minima.\n\n    Args:\n        iterations: Number of iterations to run\n        bounds: Bounds for the search space (min, max)\n\n    Returns:\n        Tuple of (best_x, best_y, best_value)\n    \"\"\"\n    # Initialize with a random point\n    best_x = np.random.uniform(bounds[0], bounds[1])\n    best_y = np.random.uniform(bounds[0], bounds[1])\n    best_value = evaluate_function(best_x, best_y)\n\n    total_range = bounds[1] - bounds[0]\n    initial_local_std = total_range / 5.0 # Initial standard deviation for local search\n\n    for i in range(iterations):\n        # Gradually shift from global exploration to local exploitation\n        # explore_prob decreases over time, but always keeps a small chance for global jumps\n        explore_prob = max(0.05, 1.0 - i / iterations)\n        \n        # Local search standard deviation shrinks over time\n        current_local_std = max(1e-5, initial_local_std * (1.0 - i / iterations))\n\n        if np.random.rand() < explore_prob: # Global exploration\n            x_candidate = np.random.uniform(bounds[0], bounds[1])\n            y_candidate = np.random.uniform(bounds[0], bounds[1])\n        else: # Local exploitation around the current best point\n            x_candidate = np.random.normal(loc=best_x, scale=current_local_std)\n            y_candidate = np.random.normal(loc=best_y, scale=current_local_std)\n\n            # Clip coordinates to stay within the defined bounds\n            x = np.clip(x, bounds[0], bounds[1])\n            y = np.clip(y, bounds[0], bounds[1])\n\n        value = evaluate_function(x, y)\n\n        if value < best_value:\n            best_value = value\n            best_x, best_y = x, y\n\n    return best_x, best_y, best_value\n\n\n# EVOLVE-BLOCK-END\n\n\n# This part remains fixed (not evolved)\ndef evaluate_function(x, y):\n    \"\"\"The complex function we're trying to minimize\"\"\"\n    return np.sin(x) * np.cos(y) + np.sin(x * y) + (x**2 + y**2) / 20\n\n\ndef run_search():\n    x, y, value = search_algorithm()\n    return x, y, value\n\n\nif __name__ == \"__main__\":\n    x, y, value = run_search()\n    print(f\"Found minimum at ({x}, {y}) with value {value}\")\n\n```\nUnique approach: Modification: Change 1: Replace 15 lines with 17 lines, Alternative runs_successfully approach, Alternative combined_score approach\n\n# Current Program\n```python\n# EVOLVE-BLOCK-START\n\"\"\"Function minimization example for OpenEvolve\"\"\"\nimport numpy as np\n\n\ndef search_algorithm(iterations=1000, bounds=(-5, 5)):\n    \"\"\"\n    A hybrid global-local search algorithm to find the global minimum,\n    combining wide exploration with local refinement to escape local minima.\n\n    Args:\n        iterations: Number of iterations to run\n        bounds: Bounds for the search space (min, max)\n\n    Returns:\n        Tuple of (best_x, best_y, best_value)\n    \"\"\"\n    # Initialize with a random point\n    best_x = np.random.uniform(bounds[0], bounds[1])\n    best_y = np.random.uniform(bounds[0], bounds[1])\n    best_value = evaluate_function(best_x, best_y)\n\n    # Parameters for the hybrid search strategy\n    # local_search_std: Standard deviation for Gaussian perturbations in local search.\n    # This value is a fraction of the total search range (bounds[1] - bounds[0]).\n    # A larger std allows for wider local exploration, potentially escaping small local minima.\n    local_search_std = (bounds[1] - bounds[0]) / 8.0\n    # global_jump_prob: Probability of performing a global random jump.\n    # (1 - global_jump_prob) is the probability of a local perturbation.\n    # Higher probability means more global exploration, better for very complex landscapes.\n    global_jump_prob = 0.15\n\n    for _ in range(iterations):\n        if np.random.rand() < global_jump_prob:\n            # Global random search: explore widely to escape local minima\n            x_candidate = np.random.uniform(bounds[0], bounds[1])\n            y_candidate = np.random.uniform(bounds[0], bounds[1])\n        else:\n            # Local perturbation: exploit the neighborhood of the current best solution\n            # Samples from a Gaussian distribution centered at best_x, best_y\n            x_candidate = np.random.normal(best_x, local_search_std)\n            y_candidate = np.random.normal(best_y, local_search_std)\n\n            # Ensure candidates stay within the defined bounds\n            x_candidate = np.clip(x_candidate, bounds[0], bounds[1])\n            y_candidate = np.clip(y_candidate, bounds[0], bounds[1])\n\n        value = evaluate_function(x_candidate, y_candidate)\n\n        if value < best_value:\n            best_value = value\n            best_x, best_y = x_candidate, y_candidate\n\n    return best_x, best_y, best_value\n\n\n# EVOLVE-BLOCK-END\n\n\n# This part remains fixed (not evolved)\ndef evaluate_function(x, y):\n    \"\"\"The complex function we're trying to minimize\"\"\"\n    return np.sin(x) * np.cos(y) + np.sin(x * y) + (x**2 + y**2) / 20\n\n\ndef run_search():\n    x, y, value = search_algorithm()\n    return x, y, value\n\n\nif __name__ == \"__main__\":\n    x, y, value = run_search()\n    print(f\"Found minimum at ({x}, {y}) with value {value}\")\n\n```\n\n# Task\nSuggest improvements to the program that will improve its FITNESS SCORE.\nThe system maintains diversity across these dimensions: complexity, diversity\nDifferent solutions with similar fitness but different features are valuable.\n\nYou MUST use the exact SEARCH/REPLACE diff format shown below to indicate changes:\n\n<<<<<<< SEARCH\n# Original code to find and replace (must match exactly)\n=======\n# New replacement code\n>>>>>>> REPLACE\n\nExample of valid diff format:\n<<<<<<< SEARCH\nfor i in range(m):\n    for j in range(p):\n        for k in range(n):\n            C[i, j] += A[i, k] * B[k, j]\n=======\n# Reorder loops for better memory access pattern\nfor i in range(m):\n    for k in range(n):\n        for j in range(p):\n            C[i, j] += A[i, k] * B[k, j]\n>>>>>>> REPLACE\n\nYou can suggest multiple changes. Each SEARCH section must exactly match code in the current program.\nBe thoughtful about your changes and explain your reasoning thoroughly.\n\nIMPORTANT: Do not rewrite the entire program - focus on targeted improvements.", "responses": ["The current program uses a simple hybrid approach with a fixed probability of global jumps and a fixed standard deviation for local perturbations. While it has a high success rate, its fitness score (1.3435) indicates room for improvement, particularly in reaching a lower minimum value and being closer to the global minimum. The function `f(x, y) = sin(x) * cos(y) + sin(x*y) + (x^2 + y^2)/20` has many local minima, so the search needs to be more dynamic to effectively escape them and converge to the global minimum.\n\nThe previous attempts and top-performing programs suggest that an adaptive strategy for exploration and exploitation is beneficial. The current program's `global_jump_prob` and `local_search_std` are static throughout the iterations. We can improve this by making these parameters dynamic, adapting them based on the progress of the search.\n\nHere are a few suggestions:\n\n1.  **Adaptive `global_jump_prob`**: Start with a higher probability of global jumps to explore the search space broadly, and gradually decrease it as the search progresses. This allows for more fine-tuning in later stages. This is inspired by \"Inspiration 2\" and \"Program D2\".\n\n2.  **Adaptive `local_search_std`**: Similar to the exploration probability, the step size for local search should also adapt. It could start larger to escape immediate local minima and then shrink to refine the solution. This is also seen in \"Inspiration 2\" and \"Program D2\".\n\n3.  **Introduce a mechanism to detect and escape local minima**: A common technique is to track the number of iterations without improvement. If a certain threshold is reached, the algorithm can be prompted to perform a larger jump or increase exploration temporarily. This is a key feature in \"Inspiration 2\" and \"Program D2\".\n\nLet's focus on implementing an adaptive strategy for `global_jump_prob` and `local_search_std`, and add a streak counter to help escape plateaus.\n\n<<<<<<< SEARCH\n    # Parameters for the hybrid search strategy\n    # local_search_std: Standard deviation for Gaussian perturbations in local search.\n    # This value is a fraction of the total search range (bounds[1] - bounds[0]).\n    # A larger std allows for wider local exploration, potentially escaping small local minima.\n    local_search_std = (bounds[1] - bounds[0]) / 8.0\n    # global_jump_prob: Probability of performing a global random jump.\n    # (1 - global_jump_prob) is the probability of a local perturbation.\n    # Higher probability means more global exploration, better for very complex landscapes.\n    global_jump_prob = 0.15\n\n    for _ in range(iterations):\n        if np.random.rand() < global_jump_prob:\n            # Global random search: explore widely to escape local minima\n            x_candidate = np.random.uniform(bounds[0], bounds[1])\n            y_candidate = np.random.uniform(bounds[0], bounds[1])\n        else:\n            # Local perturbation: exploit the neighborhood of the current best solution\n            # Samples from a Gaussian distribution centered at best_x, best_y\n            x_candidate = np.random.normal(best_x, local_search_std)\n            y_candidate = np.random.normal(best_y, local_search_std)\n\n            # Ensure candidates stay within the defined bounds\n            x_candidate = np.clip(x_candidate, bounds[0], bounds[1])\n            y_candidate = np.clip(y_candidate, bounds[0], bounds[1])\n\n        value = evaluate_function(x_candidate, y_candidate)\n\n        if value < best_value:\n            best_value = value\n            best_x, best_y = x_candidate, y_candidate\n\n    return best_x, best_y, best_value\n=======\n    # Parameters for the hybrid search strategy\n    low, high = bounds\n    total_range = high - low\n\n    # Adaptive parameters for search\n    # Initial probability of global exploration\n    initial_global_explore_prob = 0.5\n    min_global_explore_prob = 0.05 # Minimum probability to ensure occasional global jumps\n\n    # Initial standard deviation for local search perturbation (relative to total range)\n    initial_perturbation_std_factor = 0.2\n    min_perturbation_std_factor = 0.01\n\n    # Parameters for escaping local minima (plateaus)\n    no_improvement_streak_limit = int(iterations * 0.05) # Trigger reset after 5% of iterations without improvement\n    large_jump_factor = 1.5 # Factor to increase local perturbation scale for a large jump\n\n    no_improvement_streak = 0\n\n    for i in range(iterations):\n        progress = i / iterations\n\n        # Dynamically adjust global exploration probability\n        # Decays non-linearly, allowing more exploration early on\n        current_global_explore_prob = max(min_global_explore_prob,\n                                          initial_global_explore_prob - (initial_global_explore_prob - min_global_explore_prob) * progress**1.5)\n\n        # Dynamically adjust local perturbation standard deviation\n        # Decays non-linearly, mirroring the exploration probability decay\n        current_perturbation_std_factor = max(min_perturbation_std_factor,\n                                              initial_perturbation_std_factor - (initial_perturbation_std_factor - min_perturbation_std_factor) * progress**1.5)\n\n        # Apply large jump if stuck\n        perform_large_jump = False\n        if no_improvement_streak >= no_improvement_streak_limit:\n            # If stuck, increase probability of a larger jump or global exploration\n            if np.random.rand() < 0.7: # 70% chance to attempt a large jump\n                perform_large_jump = True\n                # Temporarily increase the std for a large jump\n                current_perturbation_std_factor *= large_jump_factor\n                # Reset streak counter after attempting a jump\n                no_improvement_streak = 0\n            else: # If not attempting a large jump, just reset streak\n                no_improvement_streak = 0\n\n        if np.random.rand() < current_global_explore_prob or perform_large_jump:\n            # Global exploration or large jump\n            if perform_large_jump:\n                # For a large jump, sample from a wider range around the best point\n                # Use Gaussian perturbation with the adjusted std\n                current_std = total_range * current_perturbation_std_factor\n                x_candidate = np.clip(best_x + np.random.normal(0, current_std), low, high)\n                y_candidate = np.clip(best_y + np.random.normal(0, current_std), low, high)\n            else: # Standard global exploration\n                x_candidate = np.random.uniform(low, high)\n                y_candidate = np.random.uniform(low, high)\n        else:\n            # Local exploitation around the current best point\n            current_std = total_range * current_perturbation_std_factor\n            x_candidate = np.clip(best_x + np.random.normal(0, current_std), low, high)\n            y_candidate = np.clip(best_y + np.random.normal(0, current_std), low, high)\n\n        value = evaluate_function(x_candidate, y_candidate)\n\n        if value < best_value:\n            best_value = value\n            best_x, best_y = x_candidate, y_candidate\n            no_improvement_streak = 0 # Reset streak on improvement\n        else:\n            no_improvement_streak += 1 # Increment streak if no improvement\n\n    return best_x, best_y, best_value\n>>>>>>> REPLACE"]}}, "artifacts_json": "{\"stage1_result\": \"Found solution at x=-1.7198, y=0.6816 with value=-1.5185\", \"distance_to_global\": \"0.0162\", \"solution_quality\": \"Distance < 0.5: Very close\", \"convergence_info\": \"Converged in 10 trials with 10 successes\", \"best_position\": \"Final position: x=-1.6824, y=0.6607\", \"average_distance_to_global\": \"0.4257\", \"search_efficiency\": \"Success rate: 100.00%\"}", "artifact_dir": null}