{"id": "49d7d3be-57fc-45c2-ba17-250fabb968b5", "code": "# EVOLVE-BLOCK-START\n\"\"\"Function minimization example for OpenEvolve\"\"\"\nimport numpy as np\n\n\ndef search_algorithm(iterations=1000, bounds=(-5, 5)):\n    \"\"\"\n    A simple random search algorithm that often gets stuck in local minima.\n\n    Args:\n        iterations: Number of iterations to run\n        bounds: Bounds for the search space (min, max)\n\n    Returns:\n        Tuple of (best_x, best_y, best_value)\n    \"\"\"\n    # Initialize with a random point\n    best_x = np.random.uniform(bounds[0], bounds[1])\n    best_y = np.random.uniform(bounds[0], bounds[1])\n    best_value = evaluate_function(best_x, best_y)\n\n    # Parameters for biased random search\n    # Probability of performing a global random jump (exploration)\n    P_GLOBAL_EXPLORATION = 0.2\n    # Standard deviation for local search (exploitation), relative to bounds\n    LOCAL_SEARCH_STD = (bounds[1] - bounds[0]) / 5.0\n\n    for _ in range(iterations):\n        if np.random.rand() < P_GLOBAL_EXPLORATION:\n            # Global random search: sample uniformly across the entire bounds\n            x = np.random.uniform(bounds[0], bounds[1])\n            y = np.random.uniform(bounds[0], bounds[1])\n        else:\n            # Local search: perturb the current best point using a normal distribution\n            x = np.random.normal(loc=best_x, scale=LOCAL_SEARCH_STD)\n            y = np.random.normal(loc=best_y, scale=LOCAL_SEARCH_STD)\n\n            # Clip coordinates to stay within the defined bounds\n            x = np.clip(x, bounds[0], bounds[1])\n            y = np.clip(y, bounds[0], bounds[1])\n\n        value = evaluate_function(x, y)\n\n        if value < best_value:\n            best_value = value\n            best_x, best_y = x, y\n\n    return best_x, best_y, best_value\n\n\n# EVOLVE-BLOCK-END\n\n\n# This part remains fixed (not evolved)\ndef evaluate_function(x, y):\n    \"\"\"The complex function we're trying to minimize\"\"\"\n    return np.sin(x) * np.cos(y) + np.sin(x * y) + (x**2 + y**2) / 20\n\n\ndef run_search():\n    x, y, value = search_algorithm()\n    return x, y, value\n\n\nif __name__ == \"__main__\":\n    x, y, value = run_search()\n    print(f\"Found minimum at ({x}, {y}) with value {value}\")\n", "language": "python", "parent_id": "a2608789-4452-4baf-a63c-22ae05e89c79", "generation": 2, "timestamp": 1759151748.6958387, "iteration_found": 26, "metrics": {"runs_successfully": 1.0, "value_score": 0.991747035179171, "distance_score": 0.9197747019744071, "combined_score": 1.4577088922728614, "reliability_score": 1.0}, "complexity": 0.0, "diversity": 0.0, "metadata": {"changes": "Change 1: Replace 27 lines with 62 lines", "parent_metrics": {"runs_successfully": 1.0, "value_score": 0.9874340114541589, "distance_score": 0.9167953692785948, "combined_score": 1.4531334247659868, "reliability_score": 1.0}, "island": 0}, "prompts": {"diff_user": {"system": "You are an expert programmer specializing in optimization algorithms. Your task is to improve a function minimization algorithm to find the global minimum of a complex function with many local minima. The function is f(x, y) = sin(x) * cos(y) + sin(x*y) + (x^2 + y^2)/20. Focus on improving the search_algorithm function to reliably find the global minimum, escaping local minima that might trap simple algorithms.", "user": "# Current Program Information\n- Fitness: 1.4531\n- Feature coordinates: No feature coordinates\n- Focus areas: - Fitness declined: 1.4979 \u00e2\u2020\u2019 1.4531. Consider revising recent changes.\n- Consider simplifying - code length exceeds 500 characters\n\n## Last Execution Output\n\n### stage1_result\n```\nFound solution at x=-1.6789, y=0.6394 with value=-1.5153\n```\n\n### distance_to_global\n```\n0.0461\n```\n\n### solution_quality\n```\nDistance < 0.5: Very close\n```\n\n### convergence_info\n```\nConverged in 10 trials with 10 successes\n```\n\n### best_position\n```\nFinal position: x=-1.7336, y=0.6321\n```\n\n### average_distance_to_global\n```\n0.0908\n```\n\n### search_efficiency\n```\nSuccess rate: 100.00%\n```\n\n# Program Evolution History\n## Previous Attempts\n\n### Attempt 3\n- Changes: Change 1: Replace 19 lines with 25 lines\nChange 2: Replace 16 lines with 27 lines\n- Metrics: runs_successfully: 1.0000, value_score: 0.9997, distance_score: 0.9960, combined_score: 1.4979, reliability_score: 1.0000\n- Outcome: Mixed results\n\n### Attempt 2\n- Changes: Change 1: Replace 27 lines with 67 lines\n- Metrics: runs_successfully: 1.0000, value_score: 0.9997, distance_score: 0.9976, combined_score: 1.4987, reliability_score: 1.0000\n- Outcome: Mixed results\n\n### Attempt 1\n- Changes: Change 1: Replace 16 lines with 35 lines\n- Metrics: runs_successfully: 1.0000, value_score: 0.9997, distance_score: 0.9980, combined_score: 1.4989, reliability_score: 1.0000\n- Outcome: Mixed results\n\n## Top Performing Programs\n\n### Program 1 (Score: 1.4989)\n```python\n# EVOLVE-BLOCK-START\n\"\"\"Function minimization example for OpenEvolve\"\"\"\nimport numpy as np\n\n\ndef search_algorithm(iterations=1000, bounds=(-5, 5)):\n    \"\"\"\n    A simple random search algorithm that often gets stuck in local minima.\n\n    Args:\n        iterations: Number of iterations to run\n        bounds: Bounds for the search space (min, max)\n\n    Returns:\n        Tuple of (best_x, best_y, best_value)\n    \"\"\"\n    # Initialize with a random point\n    best_x = np.random.uniform(bounds[0], bounds[1])\n    best_y = np.random.uniform(bounds[0], bounds[1])\n    best_value = evaluate_function(best_x, best_y)\n\n    total_range = bounds[1] - bounds[0]\n\n    for i in range(iterations):\n        # Gradually shift from global exploration to local exploitation\n        # `explore_prob` decreases over time, `current_local_span` shrinks\n        # Minimum `explore_prob` of 0.05 ensures occasional global jumps to escape local minima\n        explore_prob = max(0.05, 1.0 - i / iterations)\n        # Local search span shrinks from 20% of total_range down to a very small value\n        current_local_span = total_range * (1.0 - i / iterations) * 0.2\n\n        if np.random.rand() < explore_prob: # Global exploration\n            x_candidate = np.random.uniform(bounds[0], bounds[1])\n            y_candidate = np.random.uniform(bounds[0], bounds[1])\n        else: # Local exploitation around the current best point\n            # Ensure local_span is not zero for sampling\n            half_span = max(1e-5, current_local_span / 2.0)\n            x_candidate = best_x + np.random.uniform(-half_span, half_span)\n            y_candidate = best_y + np.random.uniform(-half_span, half_span)\n\n            # Ensure candidate points are within global bounds\n            x_candidate = np.clip(x_candidate, bounds[0], bounds[1])\n            y_candidate = np.clip(y_candidate, bounds[0], bounds[1])\n\n        value = evaluate_function(x_candidate, y_candidate)\n\n        if value < best_value:\n            best_value = value\n            best_x, best_y = x_candidate, y_candidate\n\n    return best_x, best_y, best_value\n\n\n# EVOLVE-BLOCK-END\n\n\n# This part remains fixed (not evolved)\ndef evaluate_function(x, y):\n    \"\"\"The complex function we're trying to minimize\"\"\"\n    return np.sin(x) * np.cos(y) + np.sin(x * y) + (x**2 + y**2) / 20\n\n\ndef run_search():\n    x, y, value = search_algorithm()\n    return x, y, value\n\n\nif __name__ == \"__main__\":\n    x, y, value = run_search()\n    print(f\"Found minimum at ({x}, {y}) with value {value}\")\n\n```\nKey features: Performs well on runs_successfully (1.0000), Performs well on value_score (0.9997), Performs well on distance_score (0.9980), Performs well on combined_score (1.4989), Performs well on reliability_score (1.0000)\n\n### Program 2 (Score: 1.4987)\n```python\n# EVOLVE-BLOCK-START\n\"\"\"Function minimization example for OpenEvolve\"\"\"\nimport numpy as np\n\n\ndef search_algorithm(iterations=1000, bounds=(-5, 5)):\n    \"\"\"\n    A simple random search algorithm that often gets stuck in local minima.\n\n    Args:\n        iterations: Number of iterations to run\n        bounds: Bounds for the search space (min, max)\n\n    Returns:\n        Tuple of (best_x, best_y, best_value)\n    \"\"\"\n    # Initialize with a random point\n    best_x = np.random.uniform(bounds[0], bounds[1])\n    best_y = np.random.uniform(bounds[0], bounds[1])\n    best_value = evaluate_function(best_x, best_y)\n\n    total_range = bounds[1] - bounds[0]\n\n    for i in range(iterations):\n        # Gradually shift from global exploration to local exploitation\n        # `explore_prob` decreases over time, `current_local_span` shrinks\n        # Minimum `explore_prob` of 0.05 ensures occasional global jumps to escape local minima\n        explore_prob = max(0.05, 1.0 - i / iterations)\n        # Local search span shrinks from 20% of total_range down to a very small value\n        current_local_span = total_range * (1.0 - i / iterations) * 0.2\n\n        if np.random.rand() < explore_prob: # Global exploration\n            x_candidate = np.random.uniform(bounds[0], bounds[1])\n            y_candidate = np.random.uniform(bounds[0], bounds[1])\n        else: # Local exploitation around the current best point\n            # Ensure local_span is not zero for sampling\n            half_span = max(1e-5, current_local_span / 2.0)\n            x_candidate = best_x + np.random.uniform(-half_span, half_span)\n            y_candidate = best_y + np.random.uniform(-half_span, half_span)\n\n            # Ensure candidate points are within global bounds\n            x_candidate = np.clip(x_candidate, bounds[0], bounds[1])\n            y_candidate = np.clip(y_candidate, bounds[0], bounds[1])\n\n        value = evaluate_function(x_candidate, y_candidate)\n\n        if value < best_value:\n            best_value = value\n            best_x, best_y = x_candidate, y_candidate\n\n    return best_x, best_y, best_value\n\n\n# EVOLVE-BLOCK-END\n\n\n# This part remains fixed (not evolved)\ndef evaluate_function(x, y):\n    \"\"\"The complex function we're trying to minimize\"\"\"\n    return np.sin(x) * np.cos(y) + np.sin(x * y) + (x**2 + y**2) / 20\n\n\ndef run_search():\n    x, y, value = search_algorithm()\n    return x, y, value\n\n\nif __name__ == \"__main__\":\n    x, y, value = run_search()\n    print(f\"Found minimum at ({x}, {y}) with value {value}\")\n\n```\nKey features: Performs well on runs_successfully (1.0000), Performs well on value_score (0.9997), Performs well on distance_score (0.9976), Performs well on combined_score (1.4987), Performs well on reliability_score (1.0000)\n\n### Program 3 (Score: 1.4979)\n```python\n# EVOLVE-BLOCK-START\n\"\"\"Function minimization example for OpenEvolve\"\"\"\nimport numpy as np\n\n\ndef search_algorithm(iterations=1000, bounds=(-5, 5)):\n    \"\"\"\n    A simple random search algorithm that often gets stuck in local minima.\n\n    Args:\n        iterations: Number of iterations to run\n        bounds: Bounds for the search space (min, max)\n\n    Returns:\n        Tuple of (best_x, best_y, best_value)\n    \"\"\"\n    # Initialize with a random point\n    best_x = np.random.uniform(bounds[0], bounds[1])\n    best_y = np.random.uniform(bounds[0], bounds[1])\n    best_value = evaluate_function(best_x, best_y)\n\n    total_range = bounds[1] - bounds[0]\n\n    for i in range(iterations):\n        # Gradually shift from global exploration to local exploitation\n        # `explore_prob` decreases over time, `current_local_span` shrinks\n        # Minimum `explore_prob` of 0.05 ensures occasional global jumps to escape local minima\n        # Start with a higher exploration probability and decay it more rapidly initially\n        explore_prob = max(0.05, 1.0 - (i / iterations)**1.5) \n\n        # Local search span shrinks from 20% of total_range down to a very small value\n        # This span also decays, ensuring finer local searches as we progress.\n        # The decay rate is controlled by (1.0 - i / iterations)**1.5 to mirror explore_prob\n        current_local_span = total_range * (1.0 - (i / iterations)**1.5) * 0.2\n\n        if np.random.rand() < explore_prob: # Global exploration\n            x_candidate = np.random.uniform(bounds[0], bounds[1])\n            y_candidate = np.random.uniform(bounds[0], bounds[1])\n        else: # Local exploitation around the current best point\n            # Ensure local_span is not zero for sampling\n            half_span = max(1e-5, current_local_span / 2.0)\n            # Use Gaussian perturbation for local search, which is often more effective\n            # than uniform for fine-tuning around a point.\n            x_candidate = best_x + np.random.normal(0, half_span)\n            y_candidate = best_y + np.random.normal(0, half_span)\n\n            # Ensure candidate points are within global bounds\n            x_candidate = np.clip(x_candidate, bounds[0], bounds[1])\n            y_candidate = np.clip(y_candidate, bounds[0], bounds[1])\n\n        value = evaluate_function(x_candidate, y_candidate)\n\n        if value < best_value:\n            best_value = value\n            best_x, best_y = x_candidate, y_candidate\n\n    return best_x, best_y, best_value\n\n\n# EVOLVE-BLOCK-END\n\n\n# This part remains fixed (not evolved)\ndef evaluate_function(x, y):\n    \"\"\"The complex function we're trying to minimize\"\"\"\n    return np.sin(x) * np.cos(y) + np.sin(x * y) + (x**2 + y**2) / 20\n\n\ndef run_search():\n    x, y, value = search_algorithm()\n    return x, y, value\n\n\nif __name__ == \"__main__\":\n    x, y, value = run_search()\n    print(f\"Found minimum at ({x}, {y}) with value {value}\")\n\n```\nKey features: Performs well on runs_successfully (1.0000), Performs well on value_score (0.9997), Performs well on distance_score (0.9960), Performs well on combined_score (1.4979), Performs well on reliability_score (1.0000)\n\n\n\n## Diverse Programs\n\n### Program D1 (Score: 1.4940)\n```python\n# EVOLVE-BLOCK-START\n\"\"\"Function minimization example for OpenEvolve\"\"\"\nimport numpy as np\n\n\ndef search_algorithm(iterations=1000, bounds=(-5, 5)):\n    \"\"\"\n    A simple random search algorithm that often gets stuck in local minima.\n\n    Args:\n        iterations: Number of iterations to run\n        bounds: Bounds for the search space (min, max)\n\n    Returns:\n        Tuple of (best_x, best_y, best_value)\n    \"\"\"\n    # Initialize with a random point for both current and best\n    current_x = np.random.uniform(bounds[0], bounds[1])\n    current_y = np.random.uniform(bounds[0], bounds[1])\n    current_value = evaluate_function(current_x, current_y)\n\n    best_x, best_y, best_value = current_x, current_y, current_value\n\n    # Simulated Annealing parameters\n    # Estimate initial temperature: Aim for ~50% acceptance of significantly worse solutions\n    # Sample a few points to estimate the variance of function values\n    sample_values = [evaluate_function(np.random.uniform(bounds[0], bounds[1]), np.random.uniform(bounds[0], bounds[1])) for _ in range(100)]\n    # A simple heuristic: initial temperature is related to the std of function values\n    # This ensures that early on, we are likely to accept worse solutions to explore\n    initial_temperature = np.std(sample_values) if sample_values else 1.0\n    temperature = max(1e-3, initial_temperature * 1.5) # Start a bit higher for better initial exploration\n\n    cooling_rate = 0.995  # Slightly slower cooling rate for better exploration\n    step_range = (bounds[1] - bounds[0]) # Total range for a dimension\n\n    for i in range(iterations):\n        # Calculate current global jump probability based on iteration progress\n        # Start with a higher probability and decay it to ensure exploration early on\n        global_jump_prob_initial = 0.3\n        global_jump_prob_final = 0.05\n        progress = i / iterations\n        current_global_jump_prob = global_jump_prob_initial - (global_jump_prob_initial - global_jump_prob_final) * progress\n\n        # Generate a candidate point (neighbor or global jump)\n        if np.random.rand() < current_global_jump_prob:  # Adaptive global jump\n            new_x = np.random.uniform(bounds[0], bounds[1])\n            new_y = np.random.uniform(bounds[0], bounds[1])\n        else:\n            # Perturb current position, step size scales with temperature\n            # Max step is 15% of the total range, scaled by current temperature\n            # This ensures local search becomes finer as temperature decreases\n            max_step_fraction = 0.15\n            # Scale step size by temperature relative to initial temperature (or a reference)\n            # Using the initial_temperature calculated earlier for a more robust scaling\n            step_size = step_range * max_step_fraction * (temperature / initial_temperature)\n            \n            new_x = current_x + np.random.uniform(-step_size, step_size)\n            new_y = current_y + np.random.uniform(-step_size, step_size)\n            # Ensure candidate stays within bounds\n            new_x = np.clip(new_x, bounds[0], bounds[1])\n            new_y = np.clip(new_y, bounds[0], bounds[1])\n\n        new_value = evaluate_function(new_x, new_y)\n\n        # Simulated Annealing acceptance criterion\n        if new_value < current_value:\n            current_x, current_y, current_value = new_x, new_y, new_value\n            if new_value < best_value: # Update global best if a new best is found\n                best_x, best_y, best_value = new_x, new_y, new_value\n        elif temperature > 1e-9: # Use a small threshold to avoid division by near-zero temperature\n            # Accept worse solution with a probability (Metropolis criterion)\n            try:\n                acceptance_probability = np.exp((current_value - new_value) / temperature)\n                if np.random.rand() < acceptance_probability:\n                    current_x, current_y, current_value = new_x, new_y, new_value\n            except OverflowError:\n                # If exp() overflows, it means the probability is extremely low, effectively 0\n                pass\n\n        # Cool down the temperature\n        temperature *= cooling_rate\n        if temperature < 1e-6: # Set a floor for temperature to prevent it from becoming too small\n            temperature = 1e-6\n\n    return best_x, best_y, best_value\n\n\n# EVOLVE-BLOCK-END\n\n\n# This part remains fixed (not evolved)\ndef evaluate_function(x, y):\n    \"\"\"The complex function we're trying to minimize\"\"\"\n    return np.sin(x) * np.cos(y) + np.sin(x * y) + (x**2 + y**2) / 20\n\n\ndef run_search():\n    x, y, value = search_algorithm()\n    return x, y, value\n\n\nif __name__ == \"__main__\":\n    x, y, value = run_search()\n    print(f\"Found minimum at ({x}, {y}) with value {value}\")\n\n```\nKey features: Alternative approach to runs_successfully, Alternative approach to value_score\n\n### Program D2 (Score: 1.4790)\n```python\n# EVOLVE-BLOCK-START\n\"\"\"Function minimization example for OpenEvolve\"\"\"\nimport numpy as np\n\n\ndef search_algorithm(iterations=1000, bounds=(-5, 5)):\n    \"\"\"\n    A simple random search algorithm that often gets stuck in local minima.\n\n    Args:\n        iterations: Number of iterations to run\n        bounds: Bounds for the search space (min, max)\n\n    Returns:\n        Tuple of (best_x, best_y, best_value)\n    \"\"\"\n    # Initialize with a random point for both current and best\n    current_x = np.random.uniform(bounds[0], bounds[1])\n    current_y = np.random.uniform(bounds[0], bounds[1])\n    current_value = evaluate_function(current_x, current_y)\n\n    best_x, best_y, best_value = current_x, current_y, current_value\n\n    # Simulated Annealing parameters\n    # Estimate initial temperature: Aim for ~50% acceptance of significantly worse solutions\n    # Sample a few points to estimate the variance of function values\n    sample_values = [evaluate_function(np.random.uniform(bounds[0], bounds[1]), np.random.uniform(bounds[0], bounds[1])) for _ in range(100)]\n    # A simple heuristic: initial temperature is related to the std of function values\n    # This ensures that early on, we are likely to accept worse solutions to explore\n    initial_temperature = np.std(sample_values) if sample_values else 1.0\n    temperature = max(1e-3, initial_temperature * 1.5) # Start a bit higher\n\n    cooling_rate = 0.995  # Slightly slower cooling rate for better exploration\n    step_range = (bounds[1] - bounds[0]) # Total range for a dimension\n\n    # Adaptive global jump probability: higher at start, lower at end\n    global_jump_prob_initial = 0.3\n    global_jump_prob_final = 0.05\n\n    for i in range(iterations):\n        # Calculate current global jump probability based on iteration progress\n        progress = i / iterations\n        current_global_jump_prob = global_jump_prob_initial - (global_jump_prob_initial - global_jump_prob_final) * progress\n\n        # Generate a candidate point (neighbor or global jump)\n        if np.random.rand() < current_global_jump_prob:  # Adaptive global jump\n            new_x = np.random.uniform(bounds[0], bounds[1])\n            new_y = np.random.uniform(bounds[0], bounds[1])\n        else:\n            # Perturb current position, step size scales with temperature\n            # Max step is 15% of the total range, scaled by current temperature\n            # Ensure step_size doesn't become too large even at high temps\n            max_step_fraction = 0.15\n            step_size = step_range * max_step_fraction * (temperature / (max(1e-3, initial_temperature)))\n            new_x = current_x + np.random.uniform(-step_size, step_size)\n            new_y = current_y + np.random.uniform(-step_size, step_size)\n            # Ensure candidate stays within bounds\n            new_x = np.clip(new_x, bounds[0], bounds[1])\n            new_y = np.clip(new_y, bounds[0], bounds[1])\n\n        new_value = evaluate_function(new_x, new_y)\n\n        # Simulated Annealing acceptance criterion\n        if new_value < current_value:\n            current_x, current_y, current_value = new_x, new_y, new_value\n            if new_value < best_value: # Update global best if a new best is found\n                best_x, best_y, best_value = new_x, new_y, new_value\n        elif temperature > 1e-9: # Use a small threshold to avoid division by near-zero temperature\n            # Accept worse solution with a probability (Metropolis criterion)\n            try:\n                acceptance_probability = np.exp((current_value - new_value) / temperature)\n                if np.random.rand() < acceptance_probability:\n                    current_x, current_y, current_value = new_x, new_y, new_value\n            except OverflowError:\n                # If exp() overflows, it means the probability is extremely low, effectively 0\n                pass\n\n\n        # Cool down the temperature\n        temperature *= cooling_rate\n        # Ensure temperature doesn't become exactly zero or too small for exp calculation\n        if temperature < 1e-9:\n            temperature = 1e-9\n\n    return best_x, best_y, best_value\n\n\n# EVOLVE-BLOCK-END\n\n\n# This part remains fixed (not evolved)\ndef evaluate_function(x, y):\n    \"\"\"The complex function we're trying to minimize\"\"\"\n    return np.sin(x) * np.cos(y) + np.sin(x * y) + (x**2 + y**2) / 20\n\n\ndef run_search():\n    x, y, value = search_algorithm()\n    return x, y, value\n\n\nif __name__ == \"__main__\":\n    x, y, value = run_search()\n    print(f\"Found minimum at ({x}, {y}) with value {value}\")\n\n```\nKey features: Alternative approach to runs_successfully, Alternative approach to value_score\n\n## Inspiration Programs\n\nThese programs represent diverse approaches and creative solutions that may inspire new ideas:\n\n### Inspiration 1 (Score: 0.0000, Type: Exploratory)\n```python\n# EVOLVE-BLOCK-START\n\"\"\"Function minimization example for OpenEvolve\"\"\"\nimport numpy as np\n\n\ndef search_algorithm(iterations=1000, bounds=(-5, 5)):\n    \"\"\"\n    A hybrid random search algorithm combining global exploration and local exploitation.\n    Aims to escape local minima by balancing large jumps with fine-tuned steps.\n\n    Args:\n        iterations: Number of iterations to run\n        bounds: Bounds for the search space (min, max)\n\n    Returns:\n        Tuple of (best_x, best_y, best_value)\n    \"\"\"\n    min_bound, max_bound = bounds\n\n    # Initialize with a random point\n    best_x = np.random.uniform(min_bound, max_bound)\n    best_y = np.random.uniform(min_bound, max_bound)\n    best_value = evaluate_function(best_x, best_y)\n\n    # Parameters for hybrid search\n    # Gradually decrease exploration probability over iterations\n    # Start with higher exploration to find global minima, then focus on local exploitation\n    initial_explore_prob = 0.5  # Higher initial probability for global exploration\n    min_explore_prob = 0.05     # Minimum probability to ensure occasional global jumps\n    explore_probability = max(min_explore_prob, initial_explore_prob * (1.0 - (_ / iterations)))\n\n    # Local search step size decreases as exploration probability decreases\n    # This allows for finer tuning as we get closer to a minimum\n    local_step_std = (max_bound - min_bound) / 10.0 * (1.0 - explore_probability) # Scale std by exploration factor\n\n    for _ in range(iterations):\n        x_candidate, y_candidate = best_x, best_y # Start candidate at current best\n\n        if np.random.rand() < explore_probability:\n            # Global exploration: sample a new point anywhere in the bounds\n            x_candidate = np.random.uniform(min_bound, max_bound)\n            y_candidate = np.random.uniform(min_bound, max_bound)\n        else:\n            # Local exploitation: perturb the current best point\n            # Ensure local_step_std is not too small to prevent stagnation\n            current_local_step = max(1e-4, local_step_std)\n            x_candidate = best_x + np.random.normal(0, current_local_step)\n            y_candidate = best_y + np.random.normal(0, current_local_step)\n            \n            # Ensure candidate stays within bounds\n            x_candidate = np.clip(x_candidate, min_bound, max_bound)\n            y_candidate = np.clip(y_candidate, min_bound, max_bound)\n\n        value_candidate = evaluate_function(x_candidate, y_candidate)\n\n        if value_candidate < best_value:\n            best_value = value_candidate\n            best_x, best_y = x_candidate, y_candidate\n\n    return best_x, best_y, best_value\n\n\n# EVOLVE-BLOCK-END\n\n\n# This part remains fixed (not evolved)\ndef evaluate_function(x, y):\n    \"\"\"The complex function we're trying to minimize\"\"\"\n    return np.sin(x) * np.cos(y) + np.sin(x * y) + (x**2 + y**2) / 20\n\n\ndef run_search():\n    x, y, value = search_algorithm()\n    return x, y, value\n\n\nif __name__ == \"__main__\":\n    x, y, value = run_search()\n    print(f\"Found minimum at ({x}, {y}) with value {value}\")\n\n```\nUnique approach: Modification: Change 1: Replace 25 lines with 34 lines, Alternative runs_successfully approach, Alternative combined_score approach\n\n### Inspiration 2 (Score: 0.9800, Type: High-Performer)\n```python\n# EVOLVE-BLOCK-START\n\"\"\"Function minimization example for OpenEvolve\"\"\"\nimport numpy as np\n\n\ndef search_algorithm(iterations=1000, bounds=(-5, 5)):\n    \"\"\"\n    A hybrid random search algorithm combining global exploration and local exploitation.\n    Aims to escape local minima by balancing large jumps with fine-tuned steps.\n\n    Args:\n        iterations: Number of iterations to run\n        bounds: Bounds for the search space (min, max)\n\n    Returns:\n        Tuple of (best_x, best_y, best_value)\n    \"\"\"\n    min_bound, max_bound = bounds\n\n    # Initialize with a random point\n    best_x = np.random.uniform(min_bound, max_bound)\n    best_y = np.random.uniform(min_bound, max_bound)\n    best_value = evaluate_function(best_x, best_y)\n\n    # Parameters for hybrid search\n    explore_probability = 0.2 # Probability of making a global jump\n    local_step_std = (max_bound - min_bound) / 10.0 # Standard deviation for local steps\n\n    for _ in range(iterations):\n        x_candidate, y_candidate = best_x, best_y # Start candidate at current best\n\n        if np.random.rand() < explore_probability:\n            # Global exploration: sample a new point anywhere in the bounds\n            x_candidate = np.random.uniform(min_bound, max_bound)\n            y_candidate = np.random.uniform(min_bound, max_bound)\n        else:\n            # Local exploitation: perturb the current best point\n            x_candidate = best_x + np.random.normal(0, local_step_std)\n            y_candidate = best_y + np.random.normal(0, local_step_std)\n            \n            # Ensure candidate stays within bounds\n            x_candidate = np.clip(x_candidate, min_bound, max_bound)\n            y_candidate = np.clip(y_candidate, min_bound, max_bound)\n\n        value_candidate = evaluate_function(x_candidate, y_candidate)\n\n        if value_candidate < best_value:\n            best_value = value_candidate\n            best_x, best_y = x_candidate, y_candidate\n\n    return best_x, best_y, best_value\n\n\n# EVOLVE-BLOCK-END\n\n\n# This part remains fixed (not evolved)\ndef evaluate_function(x, y):\n    \"\"\"The complex function we're trying to minimize\"\"\"\n    return np.sin(x) * np.cos(y) + np.sin(x * y) + (x**2 + y**2) / 20\n\n\ndef run_search():\n    x, y, value = search_algorithm()\n    return x, y, value\n\n\nif __name__ == \"__main__\":\n    x, y, value = run_search()\n    print(f\"Found minimum at ({x}, {y}) with value {value}\")\n\n```\nUnique approach: Modification: Change 1: Replace 26 lines with 45 lines, Excellent runs_successfully (1.000), Excellent value_score (0.966)\n\n### Inspiration 3 (Score: 0.0000, Type: Exploratory)\n```python\n# EVOLVE-BLOCK-START\n\"\"\"Function minimization example for OpenEvolve\"\"\"\nimport numpy as np\n\n\ndef search_algorithm(iterations=1000, bounds=(-5, 5)):\n    \"\"\"\n    A simple random search algorithm that often gets stuck in local minima.\n\n    Args:\n        iterations: Number of iterations to run\n        bounds: Bounds for the search space (min, max)\n\n    Returns:\n        Tuple of (best_x, best_y, best_value)\n    \"\"\"\n    # Initialize with a random point\n    best_x = np.random.uniform(bounds[0], bounds[1])\n    best_y = np.random.uniform(bounds[0], bounds[1])\n    best_value = evaluate_function(best_x, best_y)\n\n    total_range = bounds[1] - bounds[0]\n\n    for i in range(iterations):\n    # --- Enhanced Search Strategy ---\n    # Parameters for escaping local minima\n    no_improvement_streak_limit = int(iterations * 0.05) # Trigger reset if no improvement for 5% of iterations\n    large_jump_factor = 0.5 # Factor to increase local span for a large jump\n\n    no_improvement_streak = 0\n\n    for i in range(iterations):\n        # Adaptive exploration probability and local span\n        # Decay rate for exploration probability and local span\n        decay_rate = 1.0 - i / iterations\n        explore_prob = max(0.05, 0.5 * decay_rate + 0.05) # Ensure minimum exploration, decays from 0.55 to 0.05\n\n        # Local search span shrinks, but can be temporarily increased\n        # Initial span is 20% of total range, shrinks towards a minimum.\n        base_local_span = total_range * decay_rate * 0.2\n        current_local_span = max(1e-5, base_local_span)\n\n        perform_large_jump = False\n        if no_improvement_streak >= no_improvement_streak_limit:\n            # If stuck, increase probability of a larger jump or global exploration\n            if np.random.rand() < 0.7: # 70% chance to attempt a large jump\n                perform_large_jump = True\n                # Temporarily increase the span for a large jump\n                current_local_span *= (1 + large_jump_factor)\n                # Reset streak counter after attempting a jump\n                no_improvement_streak = 0\n            else: # If not attempting a large jump, just reset streak\n                no_improvement_streak = 0\n\n        if np.random.rand() < explore_prob or perform_large_jump: # Global exploration or large jump\n            if perform_large_jump:\n                # For a large jump, sample from a wider range around the best point\n                half_span = max(1e-5, current_local_span / 2.0)\n                x_candidate = best_x + np.random.uniform(-half_span, half_span)\n                y_candidate = best_y + np.random.uniform(-half_span, half_span)\n            else: # Standard global exploration\n                x_candidate = np.random.uniform(bounds[0], bounds[1])\n                y_candidate = np.random.uniform(bounds[0], bounds[1])\n        else: # Local exploitation around the current best point\n            half_span = max(1e-5, current_local_span / 2.0)\n            x_candidate = best_x + np.random.uniform(-half_span, half_span)\n            y_candidate = best_y + np.random.uniform(-half_span, half_span)\n\n        # Ensure candidate points are within global bounds\n        x_candidate = np.clip(x_candidate, bounds[0], bounds[1])\n        y_candidate = np.clip(y_candidate, bounds[0], bounds[1])\n\n        value = evaluate_function(x_candidate, y_candidate)\n\n        if value < best_value:\n            best_value = value\n            best_x, best_y = x_candidate, y_candidate\n            no_improvement_streak = 0 # Reset streak on improvement\n        else:\n            no_improvement_streak += 1 # Increment streak if no improvement\n\n    return best_x, best_y, best_value\n\n\n# EVOLVE-BLOCK-END\n\n\n# This part remains fixed (not evolved)\ndef evaluate_function(x, y):\n    \"\"\"The complex function we're trying to minimize\"\"\"\n    return np.sin(x) * np.cos(y) + np.sin(x * y) + (x**2 + y**2) / 20\n\n\ndef run_search():\n    x, y, value = search_algorithm()\n    return x, y, value\n\n\nif __name__ == \"__main__\":\n    x, y, value = run_search()\n    print(f\"Found minimum at ({x}, {y}) with value {value}\")\n\n```\nUnique approach: Modification: Change 1: Replace 25 lines with 56 lines, Alternative runs_successfully approach, Alternative combined_score approach\n\n# Current Program\n```python\n# EVOLVE-BLOCK-START\n\"\"\"Function minimization example for OpenEvolve\"\"\"\nimport numpy as np\n\n\ndef search_algorithm(iterations=1000, bounds=(-5, 5)):\n    \"\"\"\n    A simple random search algorithm that often gets stuck in local minima.\n\n    Args:\n        iterations: Number of iterations to run\n        bounds: Bounds for the search space (min, max)\n\n    Returns:\n        Tuple of (best_x, best_y, best_value)\n    \"\"\"\n    # Initialize with a random point\n    best_x = np.random.uniform(bounds[0], bounds[1])\n    best_y = np.random.uniform(bounds[0], bounds[1])\n    best_value = evaluate_function(best_x, best_y)\n\n    # Parameters for biased random search\n    # Probability of performing a global random jump (exploration)\n    P_GLOBAL_EXPLORATION = 0.2\n    # Standard deviation for local search (exploitation), relative to bounds\n    LOCAL_SEARCH_STD = (bounds[1] - bounds[0]) / 5.0\n\n    for _ in range(iterations):\n        if np.random.rand() < P_GLOBAL_EXPLORATION:\n            # Global random search: sample uniformly across the entire bounds\n            x = np.random.uniform(bounds[0], bounds[1])\n            y = np.random.uniform(bounds[0], bounds[1])\n        else:\n            # Local search: perturb the current best point using a normal distribution\n            x = np.random.normal(loc=best_x, scale=LOCAL_SEARCH_STD)\n            y = np.random.normal(loc=best_y, scale=LOCAL_SEARCH_STD)\n\n            # Clip coordinates to stay within the defined bounds\n            x = np.clip(x, bounds[0], bounds[1])\n            y = np.clip(y, bounds[0], bounds[1])\n\n        value = evaluate_function(x, y)\n\n        if value < best_value:\n            best_value = value\n            best_x, best_y = x, y\n\n    return best_x, best_y, best_value\n\n\n# EVOLVE-BLOCK-END\n\n\n# This part remains fixed (not evolved)\ndef evaluate_function(x, y):\n    \"\"\"The complex function we're trying to minimize\"\"\"\n    return np.sin(x) * np.cos(y) + np.sin(x * y) + (x**2 + y**2) / 20\n\n\ndef run_search():\n    x, y, value = search_algorithm()\n    return x, y, value\n\n\nif __name__ == \"__main__\":\n    x, y, value = run_search()\n    print(f\"Found minimum at ({x}, {y}) with value {value}\")\n\n```\n\n# Task\nSuggest improvements to the program that will improve its FITNESS SCORE.\nThe system maintains diversity across these dimensions: complexity, diversity\nDifferent solutions with similar fitness but different features are valuable.\n\nYou MUST use the exact SEARCH/REPLACE diff format shown below to indicate changes:\n\n<<<<<<< SEARCH\n# Original code to find and replace (must match exactly)\n=======\n# New replacement code\n>>>>>>> REPLACE\n\nExample of valid diff format:\n<<<<<<< SEARCH\nfor i in range(m):\n    for j in range(p):\n        for k in range(n):\n            C[i, j] += A[i, k] * B[k, j]\n=======\n# Reorder loops for better memory access pattern\nfor i in range(m):\n    for k in range(n):\n        for j in range(p):\n            C[i, j] += A[i, k] * B[k, j]\n>>>>>>> REPLACE\n\nYou can suggest multiple changes. Each SEARCH section must exactly match code in the current program.\nBe thoughtful about your changes and explain your reasoning thoroughly.\n\nIMPORTANT: Do not rewrite the entire program - focus on targeted improvements.", "responses": ["The current program uses a simple random search with a fixed probability for global exploration. While it has a high success rate, its ability to escape deep local minima and find the *global* minimum could be improved. The function `f(x, y) = sin(x) * cos(y) + sin(x*y) + (x^2 + y^2)/20` is known to have many local minima, making it a good candidate for more sophisticated search strategies.\n\nThe top-performing programs (Program 1, 2, and 3) already incorporate strategies to balance global exploration and local exploitation, with varying decay rates and local search step sizes. Program D1 and D2 introduce Simulated Annealing, which is a powerful metaheuristic for global optimization.\n\nTo improve the current program's fitness score, we should focus on enhancing its ability to escape local minima and converge more reliably to the global minimum. This can be achieved by making the exploration strategy more adaptive and potentially introducing mechanisms inspired by successful diverse programs.\n\nHere are a few suggestions:\n\n1.  **Adaptive Exploration Probability:** Instead of a fixed `P_GLOBAL_EXPLORATION`, make it decay over time. This allows for broad exploration early on and finer local search later. This is a common strategy in many optimization algorithms and is present in the top-performing programs.\n\n2.  **Adaptive Local Search Step Size:** Similarly, the `LOCAL_SEARCH_STD` could be made adaptive. It could start larger to cover more ground and shrink as the search progresses, allowing for finer tuning around promising regions. This is also seen in the top-performing programs.\n\n3.  **Introduce a Mechanism for Escaping Local Minima (e.g., \"Restart\" or \"Large Jump\"):** If the algorithm gets stuck for a significant number of iterations without improvement, it could trigger a \"large jump\" to a random location or restart the local search from a new random point. This is similar to what Inspiration Program 3 attempts with its `no_improvement_streak_limit`.\n\nLet's implement a combination of these ideas. We will adapt the exploration probability and local search standard deviation to decay over iterations, inspired by Program 1. We will also introduce a mechanism to periodically reset the local search to a new random position if no improvement is found for a certain number of iterations.\n\n<<<<<<< SEARCH\n# Parameters for biased random search\n    # Probability of performing a global random jump (exploration)\n    P_GLOBAL_EXPLORATION = 0.2\n    # Standard deviation for local search (exploitation), relative to bounds\n    LOCAL_SEARCH_STD = (bounds[1] - bounds[0]) / 5.0\n\n    for _ in range(iterations):\n        if np.random.rand() < P_GLOBAL_EXPLORATION:\n            # Global random search: sample uniformly across the entire bounds\n            x = np.random.uniform(bounds[0], bounds[1])\n            y = np.random.uniform(bounds[0], bounds[1])\n        else:\n            # Local search: perturb the current best point using a normal distribution\n            x = np.random.normal(loc=best_x, scale=LOCAL_SEARCH_STD)\n            y = np.random.normal(loc=best_y, scale=LOCAL_SEARCH_STD)\n\n            # Clip coordinates to stay within the defined bounds\n            x = np.clip(x, bounds[0], bounds[1])\n            y = np.clip(y, bounds[0], bounds[1])\n\n        value = evaluate_function(x, y)\n\n        if value < best_value:\n            best_value = value\n            best_x, best_y = x, y\n\n    return best_x, best_y, best_value\n=======\n# Parameters for adaptive random search\n    total_range = bounds[1] - bounds[0]\n    # Initial exploration probability and standard deviation for local search\n    initial_explore_prob = 0.3\n    min_explore_prob = 0.05\n    initial_local_std_fraction = 0.2  # 20% of the total range\n    min_local_std_fraction = 1e-4     # Minimum local search step size\n\n    # To detect stagnation and trigger a larger jump\n    no_improvement_streak_limit = int(iterations * 0.05) # Trigger reset if no improvement for 5% of iterations\n    no_improvement_streak = 0\n\n    for i in range(iterations):\n        # Decay exploration probability and local search standard deviation over iterations\n        progress = i / iterations\n        explore_prob = max(min_explore_prob, initial_explore_prob - (initial_explore_prob - min_explore_prob) * progress)\n        \n        # Local search span shrinks, but can be temporarily increased if stuck\n        current_local_std_fraction = max(min_local_std_fraction, \n                                         initial_local_std_fraction - (initial_local_std_fraction - min_local_std_fraction) * progress)\n\n        perform_large_jump = False\n        if no_improvement_streak >= no_improvement_streak_limit:\n            # If stuck, increase probability of a larger jump or global exploration\n            if np.random.rand() < 0.7: # 70% chance to attempt a large jump\n                perform_large_jump = True\n                # Temporarily increase the span for a large jump\n                current_local_std_fraction *= 1.5 # Increase by 50%\n                # Reset streak counter after attempting a jump\n                no_improvement_streak = 0\n            else: # If not attempting a large jump, just reset streak\n                no_improvement_streak = 0\n\n        if np.random.rand() < explore_prob or perform_large_jump: # Global exploration or large jump\n            if perform_large_jump:\n                # For a large jump, sample from a wider range around the best point\n                # Use the scaled std for this jump\n                std_for_jump = total_range * current_local_std_fraction / 2.0\n                x = best_x + np.random.normal(loc=0, scale=std_for_jump)\n                y = best_y + np.random.normal(loc=0, scale=std_for_jump)\n            else: # Standard global exploration\n                x = np.random.uniform(bounds[0], bounds[1])\n                y = np.random.uniform(bounds[0], bounds[1])\n        else: # Local exploitation around the current best point\n            std_for_local_search = total_range * current_local_std_fraction / 2.0\n            x = np.random.normal(loc=best_x, scale=std_for_local_search)\n            y = np.random.normal(loc=best_y, scale=std_for_local_search)\n\n        # Clip coordinates to stay within the defined bounds\n        x = np.clip(x, bounds[0], bounds[1])\n        y = np.clip(y, bounds[0], bounds[1])\n\n        value = evaluate_function(x, y)\n\n        if value < best_value:\n            best_value = value\n            best_x, best_y = x, y\n            no_improvement_streak = 0 # Reset streak on improvement\n        else:\n            no_improvement_streak += 1 # Increment streak if no improvement\n\n    return best_x, best_y, best_value\n>>>>>>> REPLACE\n"]}}, "artifacts_json": "{\"stage1_result\": \"Found solution at x=-1.7491, y=0.6043 with value=-1.5095\", \"distance_to_global\": \"0.0864\", \"solution_quality\": \"Distance < 0.5: Very close\", \"convergence_info\": \"Converged in 10 trials with 10 successes\", \"best_position\": \"Final position: x=-1.7546, y=0.6455\", \"average_distance_to_global\": \"0.0872\", \"search_efficiency\": \"Success rate: 100.00%\"}", "artifact_dir": null}