{"id": "a6af6b1b-c54d-43af-9e83-cc73cec2c752", "code": "# EVOLVE-BLOCK-START\n\"\"\"Function minimization example for OpenEvolve\"\"\"\nimport numpy as np\n\n\ndef search_algorithm(iterations=1000, bounds=(-5, 5), initial_temp=1.0, cooling_rate=0.995):\n    \"\"\"\n    An improved search algorithm with adaptive exploration and a cooling schedule\n    to better escape local minima and find the global minimum.\n\n    Args:\n        iterations: Number of iterations to run.\n        bounds: Bounds for the search space (min, max).\n        initial_temp: Starting temperature for adaptive exploration.\n        cooling_rate: Rate at which temperature decreases.\n\n    Returns:\n        Tuple of (best_x, best_y, best_value)\n    \"\"\"\n    # Initialize with a random point for both current state and global best\n    initial_x = np.random.uniform(bounds[0], bounds[1])\n    initial_y = np.random.uniform(bounds[0], bounds[1])\n    initial_value = evaluate_function(initial_x, initial_y)\n\n    best_x, best_y, best_value = initial_x, initial_y, initial_value\n    current_x, current_y, current_value = initial_x, initial_y, initial_value # Current position for annealing process\n\n    total_range = bounds[1] - bounds[0]\n\n    # Temperature for simulated annealing\n    temperature = initial_temp\n\n    for i in range(iterations):\n        # Global exploration probability, decaying over time but with a minimum chance (from Program 1)\n        # This controls the balance between global jumps and local search.\n        explore_prob = max(0.05, 1.0 - i / iterations)\n\n        # Local search span: shrinks over time (from Program 1)\n        # This controls the step size for local exploitation.\n        current_local_span = total_range * (1.0 - i / iterations) * 0.2\n        current_local_span = max(1e-5, current_local_span) # Ensure minimum span\n\n        if np.random.rand() < explore_prob: # Global exploration (random jump anywhere)\n            x_candidate = np.random.uniform(bounds[0], bounds[1])\n            y_candidate = np.random.uniform(bounds[0], bounds[1])\n        else: # Local exploitation around the current *annealing* point\n            half_span = current_local_span / 2.0\n            x_candidate = current_x + np.random.uniform(-half_span, half_span)\n            y_candidate = current_y + np.random.uniform(-half_span, half_span)\n\n            # Ensure candidate points are within global bounds\n            x_candidate = np.clip(x_candidate, bounds[0], bounds[1])\n            y_candidate = np.clip(y_candidate, bounds[0], bounds[1])\n\n        value = evaluate_function(x_candidate, y_candidate)\n\n        # Simulated Annealing acceptance criteria (Metropolis criterion)\n        # This allows accepting worse solutions with decreasing probability to escape local minima.\n        delta = value - current_value\n        if delta < 0: # Candidate is better than current, always accept\n            current_x, current_y = x_candidate, y_candidate\n            current_value = value\n            if value < best_value: # If current is also globally best, update global best\n                best_value = value\n                best_x, best_y = x_candidate, y_candidate\n        elif temperature > 1e-6 and np.random.rand() < np.exp(-delta / temperature): # Accept worse solution with decreasing probability\n            current_x, current_y = x_candidate, y_candidate\n            current_value = value\n        # If not accepted, current_x, current_y, current_value remain unchanged.\n\n        # Cooling schedule for temperature (exponential decay)\n        temperature *= cooling_rate\n        temperature = max(1e-6, temperature) # Ensure temperature doesn't go to zero for division\n\n\n    return best_x, best_y, best_value\n\n\n# EVOLVE-BLOCK-END\n\n\n# This part remains fixed (not evolved)\ndef evaluate_function(x, y):\n    \"\"\"The complex function we're trying to minimize\"\"\"\n    return np.sin(x) * np.cos(y) + np.sin(x * y) + (x**2 + y**2) / 20\n\n\ndef run_search():\n    x, y, value = search_algorithm()\n    return x, y, value\n\n\nif __name__ == \"__main__\":\n    x, y, value = run_search()\n    print(f\"Found minimum at ({x}, {y}) with value {value}\")\n", "language": "python", "parent_id": "4efb9363-66d1-45b8-8cfd-2b58f1c51f9d", "generation": 4, "timestamp": 1759151951.8107216, "iteration_found": 50, "metrics": {"runs_successfully": 1.0, "value_score": 0.9993642434224612, "distance_score": 0.9897774371546164, "combined_score": 1.4949230292864235, "reliability_score": 1.0}, "complexity": 0.0, "diversity": 0.0, "metadata": {"changes": "Change 1: Replace 87 lines with 54 lines", "parent_metrics": {"runs_successfully": 1.0, "value_score": 0.9847147346160364, "distance_score": 0.9020390339105591, "combined_score": 1.4444536162217787, "reliability_score": 1.0}, "island": 1}, "prompts": {"diff_user": {"system": "You are an expert programmer specializing in optimization algorithms. Your task is to improve a function minimization algorithm to find the global minimum of a complex function with many local minima. The function is f(x, y) = sin(x) * cos(y) + sin(x*y) + (x^2 + y^2)/20. Focus on improving the search_algorithm function to reliably find the global minimum, escaping local minima that might trap simple algorithms.", "user": "# Current Program Information\n- Fitness: 1.4445\n- Feature coordinates: No feature coordinates\n- Focus areas: - Fitness declined: 1.4633 \u00e2\u2020\u2019 1.4445. Consider revising recent changes.\n- Consider simplifying - code length exceeds 500 characters\n\n## Last Execution Output\n\n### stage1_result\n```\nFound solution at x=-1.8608, y=0.6281 with value=-1.5028\n```\n\n### distance_to_global\n```\n0.1646\n```\n\n### solution_quality\n```\nDistance < 0.5: Very close\n```\n\n### convergence_info\n```\nConverged in 10 trials with 10 successes\n```\n\n### best_position\n```\nFinal position: x=-1.7794, y=0.7689\n```\n\n### average_distance_to_global\n```\n0.1086\n```\n\n### search_efficiency\n```\nSuccess rate: 100.00%\n```\n\n# Program Evolution History\n## Previous Attempts\n\n### Attempt 3\n- Changes: Change 1: Replace 75 lines with 106 lines\n- Metrics: runs_successfully: 1.0000, value_score: 0.9912, distance_score: 0.9331, combined_score: 1.4633, reliability_score: 1.0000\n- Outcome: Mixed results\n\n### Attempt 2\n- Changes: Change 1: Replace 46 lines with 70 lines\n- Metrics: runs_successfully: 1.0000, value_score: 0.9926, distance_score: 0.9719, combined_score: 1.4818, reliability_score: 1.0000\n- Outcome: Mixed results\n\n### Attempt 1\n- Changes: Unknown changes\n- Metrics: runs_successfully: 1.0000, value_score: 0.9997, distance_score: 0.9980, combined_score: 1.4989, reliability_score: 1.0000\n- Outcome: Improvement in all metrics\n\n## Top Performing Programs\n\n### Program 1 (Score: 1.4989)\n```python\n# EVOLVE-BLOCK-START\n\"\"\"Function minimization example for OpenEvolve\"\"\"\nimport numpy as np\n\n\ndef search_algorithm(iterations=1000, bounds=(-5, 5)):\n    \"\"\"\n    A simple random search algorithm that often gets stuck in local minima.\n\n    Args:\n        iterations: Number of iterations to run\n        bounds: Bounds for the search space (min, max)\n\n    Returns:\n        Tuple of (best_x, best_y, best_value)\n    \"\"\"\n    # Initialize with a random point\n    best_x = np.random.uniform(bounds[0], bounds[1])\n    best_y = np.random.uniform(bounds[0], bounds[1])\n    best_value = evaluate_function(best_x, best_y)\n\n    total_range = bounds[1] - bounds[0]\n\n    for i in range(iterations):\n        # Gradually shift from global exploration to local exploitation\n        # `explore_prob` decreases over time, `current_local_span` shrinks\n        # Minimum `explore_prob` of 0.05 ensures occasional global jumps to escape local minima\n        explore_prob = max(0.05, 1.0 - i / iterations)\n        # Local search span shrinks from 20% of total_range down to a very small value\n        current_local_span = total_range * (1.0 - i / iterations) * 0.2\n\n        if np.random.rand() < explore_prob: # Global exploration\n            x_candidate = np.random.uniform(bounds[0], bounds[1])\n            y_candidate = np.random.uniform(bounds[0], bounds[1])\n        else: # Local exploitation around the current best point\n            # Ensure local_span is not zero for sampling\n            half_span = max(1e-5, current_local_span / 2.0)\n            x_candidate = best_x + np.random.uniform(-half_span, half_span)\n            y_candidate = best_y + np.random.uniform(-half_span, half_span)\n\n            # Ensure candidate points are within global bounds\n            x_candidate = np.clip(x_candidate, bounds[0], bounds[1])\n            y_candidate = np.clip(y_candidate, bounds[0], bounds[1])\n\n        value = evaluate_function(x_candidate, y_candidate)\n\n        if value < best_value:\n            best_value = value\n            best_x, best_y = x_candidate, y_candidate\n\n    return best_x, best_y, best_value\n\n\n# EVOLVE-BLOCK-END\n\n\n# This part remains fixed (not evolved)\ndef evaluate_function(x, y):\n    \"\"\"The complex function we're trying to minimize\"\"\"\n    return np.sin(x) * np.cos(y) + np.sin(x * y) + (x**2 + y**2) / 20\n\n\ndef run_search():\n    x, y, value = search_algorithm()\n    return x, y, value\n\n\nif __name__ == \"__main__\":\n    x, y, value = run_search()\n    print(f\"Found minimum at ({x}, {y}) with value {value}\")\n\n```\nKey features: Performs well on runs_successfully (1.0000), Performs well on value_score (0.9997), Performs well on distance_score (0.9980), Performs well on combined_score (1.4989), Performs well on reliability_score (1.0000)\n\n### Program 2 (Score: 1.4818)\n```python\n# EVOLVE-BLOCK-START\n\"\"\"Function minimization example for OpenEvolve\"\"\"\nimport numpy as np\n\n\ndef search_algorithm(iterations=1000, bounds=(-5, 5)):\n    \"\"\"\n    An improved search algorithm that uses a simulated annealing-like approach\n    to escape local minima, combining global exploration with local exploitation\n    and a mechanism to accept worse solutions with decreasing probability.\n\n    Args:\n        iterations: Number of iterations to run\n        bounds: Bounds for the search space (min, max)\n\n    Returns:\n        Tuple of (best_x, best_y, best_value)\n    \"\"\"\n    # Initialize with a random point for both current state and global best\n    initial_x = np.random.uniform(bounds[0], bounds[1])\n    initial_y = np.random.uniform(bounds[0], bounds[1])\n    initial_value = evaluate_function(initial_x, initial_y)\n\n    best_x, best_y, best_value = initial_x, initial_y, initial_value\n    current_x, current_y, current_value = initial_x, initial_y, initial_value # Current position for annealing process\n\n    total_range = bounds[1] - bounds[0]\n\n    # Initialize temperature for simulated annealing-like acceptance.\n    # A simple exponential decay schedule is used.\n    initial_temp = 1.0\n    cooling_rate = 0.995 # Common cooling rate for SA\n\n    for i in range(iterations):\n        # Calculate current temperature, ensuring it never reaches exactly zero\n        temperature = initial_temp * (cooling_rate ** i)\n        temperature = max(1e-6, temperature) # Floor temperature to a small positive value\n\n        # Global exploration probability, decaying over time but with a minimum chance\n        global_explore_prob = max(0.05, 1.0 - i / iterations)\n\n        # Local search span: shrinks over time, but also influenced by temperature.\n        # Higher temperature leads to a wider local search, encouraging more exploration.\n        base_local_span = total_range * (1.0 - i / iterations) * 0.2\n        # Add a temperature-dependent component to the span, making it wider at higher temps\n        search_span = max(1e-5, base_local_span + temperature * total_range * 0.05)\n        \n        if np.random.rand() < global_explore_prob: # Global exploration (random jump anywhere)\n            x_candidate = np.random.uniform(bounds[0], bounds[1])\n            y_candidate = np.random.uniform(bounds[0], bounds[1])\n        else: # Local exploitation around the current *annealing* point\n            half_span = search_span / 2.0\n            x_candidate = current_x + np.random.uniform(-half_span, half_span)\n            y_candidate = current_y + np.random.uniform(-half_span, half_span)\n\n            # Ensure candidate points are within global bounds\n            x_candidate = np.clip(x_candidate, bounds[0], bounds[1])\n            y_candidate = np.clip(y_candidate, bounds[0], bounds[1])\n\n        value = evaluate_function(x_candidate, y_candidate)\n\n        # Simulated Annealing acceptance criteria (Metropolis criterion)\n        delta = value - current_value\n        if delta < 0: # Candidate is better than current, always accept\n            current_x, current_y = x_candidate, y_candidate\n            current_value = value\n            if value < best_value: # If current is also globally best, update global best\n                best_value = value\n                best_x, best_y = x_candidate, y_candidate\n        elif np.random.rand() < np.exp(-delta / temperature): # Accept worse solution with decreasing probability\n            current_x, current_y = x_candidate, y_candidate\n            current_value = value\n        # If not accepted, current_x, current_y, current_value remain unchanged, effectively rejecting the move.\n\n    return best_x, best_y, best_value\n\n\n# EVOLVE-BLOCK-END\n\n\n# This part remains fixed (not evolved)\ndef evaluate_function(x, y):\n    \"\"\"The complex function we're trying to minimize\"\"\"\n    return np.sin(x) * np.cos(y) + np.sin(x * y) + (x**2 + y**2) / 20\n\n\ndef run_search():\n    x, y, value = search_algorithm()\n    return x, y, value\n\n\nif __name__ == \"__main__\":\n    x, y, value = run_search()\n    print(f\"Found minimum at ({x}, {y}) with value {value}\")\n\n```\nKey features: Performs well on runs_successfully (1.0000), Performs well on value_score (0.9926), Performs well on distance_score (0.9719), Performs well on combined_score (1.4818), Performs well on reliability_score (1.0000)\n\n### Program 3 (Score: 1.4633)\n```python\n# EVOLVE-BLOCK-START\n\"\"\"Function minimization example for OpenEvolve\"\"\"\nimport numpy as np\n\n\ndef search_algorithm(iterations=1000, bounds=(-5, 5), initial_temp=1.0, cooling_rate=0.995):\n    \"\"\"\n    An improved search algorithm with adaptive exploration and a cooling schedule\n    to better escape local minima and find the global minimum.\n\n    Args:\n        iterations: Number of iterations to run.\n        bounds: Bounds for the search space (min, max).\n        initial_temp: Starting temperature for adaptive exploration.\n        cooling_rate: Rate at which temperature decreases.\n\n    Returns:\n        Tuple of (best_x, best_y, best_value)\n    \"\"\"\n    # Initialize with a random point\n    best_x = np.random.uniform(bounds[0], bounds[1])\n    best_y = np.random.uniform(bounds[0], bounds[1])\n    best_value = evaluate_function(best_x, best_y)\n\n    current_x, current_y = best_x, best_y\n    current_value = best_value\n\n    total_range = bounds[1] - bounds[0]\n    # Define parameters for a more robust exploration strategy, inspired by Program 1's linear decay\n    # and Inspiration 1's restart mechanism.\n    initial_explore_prob_factor = 0.7  # Higher initial probability of exploring globally\n    min_explore_prob = 0.05            # Minimum probability to ensure some global exploration\n    max_local_span_factor = 0.2        # Max proportion of total range for local search\n    min_local_span = total_range * 0.001 # Minimum absolute span for local search\n    stagnation_threshold_factor = 0.1  # Trigger restart/larger jump if no improvement for 10% of iterations\n    restart_prob = 0.5                 # Probability of a full restart if stagnant and temperature is low\n    restart_threshold_temp = 0.01      # Temperature threshold for considering a full restart\n\n    # Initialize state variables for dynamic behavior\n    no_improvement_count = 0\n    stagnation_threshold = int(iterations * stagnation_threshold_factor)\n\n    # Use a temperature-like parameter to control exploration/exploitation, but decay it linearly.\n    # This is a hybrid approach combining SA-like acceptance with more predictable decay.\n    exploration_decay_rate = 1.0 / iterations # Linear decay\n    current_exploration_prob = initial_explore_prob_factor\n\n    # Initial step size related to the total range\n    initial_step_size = total_range * max_local_span_factor\n\n    # Temperature for adaptive acceptance probability\n    temperature = initial_temp # Keep temperature for acceptance criterion\n\n    for i in range(iterations):\n        # Dynamically adjust exploration probability (linear decay)\n        current_exploration_prob = max(min_explore_prob, initial_explore_prob_factor - i * exploration_decay_rate)\n\n        # Dynamically adjust local search span (shrinks but can be reset/boosted)\n        # Local span is influenced by temperature and stagnation\n        current_step_size = initial_step_size * max(temperature, 0.01) # Step size tied to temperature\n\n        # Decide whether to explore globally or exploit locally\n        if np.random.rand() < current_exploration_prob: # Global exploration\n            x_candidate = np.random.uniform(bounds[0], bounds[1])\n            y_candidate = np.random.uniform(bounds[0], bounds[1])\n        else: # Local exploitation around the current point\n            half_span = max(1e-5, current_step_size / 2.0)\n            x_candidate = current_x + np.random.uniform(-half_span, half_span)\n            y_candidate = current_y + np.random.uniform(-half_span, half_span)\n\n            # Ensure candidate points are within global bounds\n            x_candidate = np.clip(x_candidate, bounds[0], bounds[1])\n            y_candidate = np.clip(y_candidate, bounds[0], bounds[1])\n\n        value = evaluate_function(x_candidate, y_candidate)\n\n        # Acceptance probability inspired by Metropolis criterion (Simulated Annealing)\n        delta = value - current_value\n        acceptance_prob = np.exp(-delta / max(temperature, 1e-6))\n\n        if delta < 0 or np.random.rand() < acceptance_prob:\n            current_x, current_y = x_candidate, y_candidate\n            current_value = value\n            if value < best_value:\n                best_value = value\n                best_x, best_y = x_candidate, y_candidate\n                no_improvement_count = 0 # Reset stagnation counter\n            else:\n                no_improvement_count += 1\n        else:\n            no_improvement_count += 1\n\n        # Cooling schedule for temperature (for acceptance probability)\n        temperature *= cooling_rate\n\n        # Stagnation handling:\n        # 1. If stagnated for too long and temperature is low enough, consider a full restart.\n        if no_improvement_count > stagnation_threshold and temperature < restart_threshold_temp and np.random.rand() < restart_prob:\n            print(f\"Iteration {i}: Stagnant and low temperature, performing full restart.\")\n            best_x = np.random.uniform(bounds[0], bounds[1])\n            best_y = np.random.uniform(bounds[0], bounds[1])\n            best_value = evaluate_function(best_x, best_y)\n            current_x, current_y = best_x, best_y # Reset current position too\n            current_value = best_value\n            no_improvement_count = 0 # Reset counter\n            # Optionally, slightly reset temperature to allow more exploration after restart\n            temperature = min(initial_temp * 0.5, initial_temp) # Reset to half initial temp\n\n        # 2. If stagnated but not yet restarting, perform a larger random jump around current position.\n        elif no_improvement_count > stagnation_threshold and temperature >= restart_threshold_temp:\n            print(f\"Iteration {i}: Stagnant, performing larger jump.\")\n            jump_scale = min(total_range * 0.5, initial_step_size * 2) # Make a substantial jump\n            current_x = np.clip(current_x + np.random.uniform(-jump_scale, jump_scale), bounds[0], bounds[1])\n            current_y = np.clip(current_y + np.random.uniform(-jump_scale, jump_scale), bounds[0], bounds[1])\n            current_value = evaluate_function(current_x, current_y)\n            # Update best if this jump landed on a better spot\n            if current_value < best_value:\n                best_value = current_value\n                best_x, best_y = current_x, current_y\n            no_improvement_count = 0 # Reset after jump\n            # Slightly increase temperature to encourage exploration after a jump\n            temperature = min(temperature * 1.2, initial_temp)\n\n\n    return best_x, best_y, best_value\n\n\n# EVOLVE-BLOCK-END\n\n\n# This part remains fixed (not evolved)\ndef evaluate_function(x, y):\n    \"\"\"The complex function we're trying to minimize\"\"\"\n    return np.sin(x) * np.cos(y) + np.sin(x * y) + (x**2 + y**2) / 20\n\n\ndef run_search():\n    x, y, value = search_algorithm()\n    return x, y, value\n\n\nif __name__ == \"__main__\":\n    x, y, value = run_search()\n    print(f\"Found minimum at ({x}, {y}) with value {value}\")\n\n```\nKey features: Performs well on runs_successfully (1.0000), Performs well on value_score (0.9912), Performs well on distance_score (0.9331), Performs well on combined_score (1.4633), Performs well on reliability_score (1.0000)\n\n\n\n## Diverse Programs\n\n### Program D1 (Score: 1.4567)\n```python\n# EVOLVE-BLOCK-START\n\"\"\"Function minimization example for OpenEvolve\"\"\"\nimport numpy as np\n\n\ndef search_algorithm(iterations=1000, bounds=(-5, 5), initial_temp=1.0, cooling_rate=0.995):\n    \"\"\"\n    An improved search algorithm with adaptive exploration and a cooling schedule\n    to better escape local minima and find the global minimum.\n\n    Args:\n        iterations: Number of iterations to run.\n        bounds: Bounds for the search space (min, max).\n        initial_temp: Starting temperature for adaptive exploration.\n        cooling_rate: Rate at which temperature decreases.\n\n    Returns:\n        Tuple of (best_x, best_y, best_value)\n    \"\"\"\n    # Initialize with a random point\n    best_x = np.random.uniform(bounds[0], bounds[1])\n    best_y = np.random.uniform(bounds[0], bounds[1])\n    best_value = evaluate_function(best_x, best_y)\n\n    current_x, current_y = best_x, best_y\n    current_value = best_value\n\n    total_range = bounds[1] - bounds[0]\n    # Initial step size related to the total range\n    initial_step_size = total_range * 0.2\n\n    # To track stagnation and trigger occasional larger jumps\n    no_improvement_count = 0\n    stagnation_threshold = int(iterations * 0.05) # Trigger if no improvement for 5% of iterations\n\n    # Temperature for adaptive exploration\n    temperature = initial_temp\n\n    for i in range(iterations):\n        # Exploration probability decays linearly over iterations, ensuring a balanced shift\n        # from global exploration to local exploitation.\n        # Minimum `explore_prob` of 0.05 ensures occasional global jumps throughout the search\n        # to escape subtle local minima even late in the process.\n        explore_prob = max(0.05, 1.0 - i / iterations)\n\n        # Adaptive step size for local search, directly influenced by temperature.\n        # This ensures larger steps at higher temperatures for broader exploration and\n        # smaller steps as temperature drops for fine-tuning.\n        # A small minimum step size is maintained to avoid numerical issues.\n        current_step_size = max(total_range * 1e-5, initial_step_size * temperature)\n\n        if np.random.rand() < explore_prob: # Global exploration based on the decaying probability\n            x_candidate = np.random.uniform(bounds[0], bounds[1])\n            y_candidate = np.random.uniform(bounds[0], bounds[1])\n            candidate_source = \"global_explore\"\n        else: # Local exploitation around the current point, with step size determined by temperature\n            half_span = max(1e-5, current_step_size / 2.0)\n            x_candidate = current_x + np.random.uniform(-half_span, half_span)\n            y_candidate = current_y + np.random.uniform(-half_span, half_span)\n            candidate_source = \"local_exploit\"\n\n            # Ensure candidate points are within global bounds\n            x_candidate = np.clip(x_candidate, bounds[0], bounds[1])\n            y_candidate = np.clip(y_candidate, bounds[0], bounds[1])\n\n        value = evaluate_function(x_candidate, y_candidate)\n\n        # Acceptance probability inspired by Metropolis criterion (Simulated Annealing)\n        # Allows accepting worse solutions with a certain probability to escape local minima\n        delta = value - current_value\n        if delta < 0 or np.random.rand() < np.exp(-delta / max(temperature, 1e-6)):\n            current_x, current_y = x_candidate, y_candidate\n            current_value = value\n            if value < best_value:\n                best_value = value\n                best_x, best_y = x_candidate, y_candidate\n                no_improvement_count = 0 # Reset stagnation counter\n            else:\n                no_improvement_count += 1\n        else:\n            no_improvement_count += 1\n\n        # Cooling schedule\n        temperature *= cooling_rate\n\n        # If stagnated for too long, perform a larger random jump to potentially escape\n        if no_improvement_count > stagnation_threshold and temperature > 0.01:\n            # Introduce a significant jump, but not a full random initialization\n            jump_scale = min(total_range * 0.5, initial_step_size * 5) # Make a substantial jump\n            current_x = np.clip(current_x + np.random.uniform(-jump_scale, jump_scale), bounds[0], bounds[1])\n            current_y = np.clip(current_y + np.random.uniform(-jump_scale, jump_scale), bounds[0], bounds[1])\n            current_value = evaluate_function(current_x, current_y)\n            no_improvement_count = 0 # Reset after jump\n            # Optionally, slightly increase temperature after a large jump to encourage exploration again\n            temperature = min(temperature * 1.5, initial_temp)\n\n\n    return best_x, best_y, best_value\n\n\n# EVOLVE-BLOCK-END\n\n\n# This part remains fixed (not evolved)\ndef evaluate_function(x, y):\n    \"\"\"The complex function we're trying to minimize\"\"\"\n    return np.sin(x) * np.cos(y) + np.sin(x * y) + (x**2 + y**2) / 20\n\n\ndef run_search():\n    x, y, value = search_algorithm()\n    return x, y, value\n\n\nif __name__ == \"__main__\":\n    x, y, value = run_search()\n    print(f\"Found minimum at ({x}, {y}) with value {value}\")\n\n```\nKey features: Alternative approach to runs_successfully, Alternative approach to value_score\n\n### Program D2 (Score: 1.4445)\n```python\n# EVOLVE-BLOCK-START\n\"\"\"Function minimization example for OpenEvolve\"\"\"\nimport numpy as np\n\n\ndef search_algorithm(iterations=1000, bounds=(-5, 5), initial_temp=1.0, cooling_rate=0.995):\n    \"\"\"\n    An improved search algorithm with adaptive exploration and a cooling schedule\n    to better escape local minima and find the global minimum.\n\n    Args:\n        iterations: Number of iterations to run.\n        bounds: Bounds for the search space (min, max).\n        initial_temp: Starting temperature for adaptive exploration.\n        cooling_rate: Rate at which temperature decreases.\n\n    Returns:\n        Tuple of (best_x, best_y, best_value)\n    \"\"\"\n    # Initialize with a random point\n    best_x = np.random.uniform(bounds[0], bounds[1])\n    best_y = np.random.uniform(bounds[0], bounds[1])\n    best_value = evaluate_function(best_x, best_y)\n\n    current_x, current_y = best_x, best_y\n    current_value = best_value\n\n    total_range = bounds[1] - bounds[0]\n    # Initial step size related to the total range\n    initial_step_size = total_range * 0.2\n\n    # To track stagnation and trigger occasional larger jumps\n    no_improvement_count = 0\n    stagnation_threshold = int(iterations * 0.05) # Trigger if no improvement for 5% of iterations\n\n    # Temperature for adaptive exploration\n    temperature = initial_temp\n\n    for i in range(iterations):\n        # Adaptive exploration probability based on temperature\n        # Higher temperature means more exploration\n        explore_prob = np.clip(temperature, 0.05, 0.95) # Clamp exploration probability\n\n        # Adaptive step size for local search, also influenced by temperature\n        # Larger steps at higher temperatures\n        current_step_size = initial_step_size * temperature\n\n        if np.random.rand() < explore_prob or temperature < 0.1: # Global exploration if exploring or temp is very low\n            x_candidate = np.random.uniform(bounds[0], bounds[1])\n            y_candidate = np.random.uniform(bounds[0], bounds[1])\n            candidate_source = \"global_explore\"\n        else: # Local exploitation around the current point\n            half_span = max(1e-5, current_step_size / 2.0)\n            x_candidate = current_x + np.random.uniform(-half_span, half_span)\n            y_candidate = current_y + np.random.uniform(-half_span, half_span)\n            candidate_source = \"local_exploit\"\n\n            # Ensure candidate points are within global bounds\n            x_candidate = np.clip(x_candidate, bounds[0], bounds[1])\n            y_candidate = np.clip(y_candidate, bounds[0], bounds[1])\n\n        value = evaluate_function(x_candidate, y_candidate)\n\n        # Acceptance probability inspired by Metropolis criterion (Simulated Annealing)\n        # Allows accepting worse solutions with a certain probability to escape local minima\n        delta = value - current_value\n        if delta < 0 or np.random.rand() < np.exp(-delta / max(temperature, 1e-6)):\n            current_x, current_y = x_candidate, y_candidate\n            current_value = value\n            if value < best_value:\n                best_value = value\n                best_x, best_y = x_candidate, y_candidate\n                no_improvement_count = 0 # Reset stagnation counter\n            else:\n                no_improvement_count += 1\n        else:\n            no_improvement_count += 1\n\n        # Cooling schedule: More aggressive initial cooling, then slower\n        # This helps to quickly settle into a region but allows for longer exploration at lower temps\n        if i < iterations * 0.3: # First 30% of iterations\n            temperature *= (cooling_rate * 0.95) # Faster cooling\n        else: # Remaining iterations\n            temperature *= cooling_rate # Normal cooling\n\n        # If stagnated for too long, perform a more significant action to escape\n        # This could be a \"restart\" to a new random region or a large jump.\n        # Let's implement a \"restart\" mechanism: reset current position and increase temperature slightly.\n        if no_improvement_count > stagnation_threshold:\n            # Introduce a significant jump by resetting to a new random point within bounds\n            # This is more drastic than just a large step.\n            current_x = np.random.uniform(bounds[0], bounds[1])\n            current_y = np.random.uniform(bounds[0], bounds[1])\n            current_value = evaluate_function(current_x, current_y)\n            no_improvement_count = 0 # Reset stagnation counter\n\n            # Slightly increase temperature after a \"restart\" to encourage exploration from the new spot\n            # but cap it at initial_temp to avoid excessive exploration late in the search.\n            temperature = min(temperature * 1.2, initial_temp)\n            # Ensure temperature doesn't become too low after a restart if it was already very low\n            temperature = max(temperature, initial_temp * 0.01) # Keep a minimum exploration potential\n\n            # If the restarted point is better than the global best, update global best\n            if current_value < best_value:\n                best_value = current_value\n                best_x, best_y = current_x, current_y\n\n\n    return best_x, best_y, best_value\n\n\n# EVOLVE-BLOCK-END\n\n\n# This part remains fixed (not evolved)\ndef evaluate_function(x, y):\n    \"\"\"The complex function we're trying to minimize\"\"\"\n    return np.sin(x) * np.cos(y) + np.sin(x * y) + (x**2 + y**2) / 20\n\n\ndef run_search():\n    x, y, value = search_algorithm()\n    return x, y, value\n\n\nif __name__ == \"__main__\":\n    x, y, value = run_search()\n    print(f\"Found minimum at ({x}, {y}) with value {value}\")\n\n```\nKey features: Alternative approach to runs_successfully, Alternative approach to value_score\n\n## Inspiration Programs\n\nThese programs represent diverse approaches and creative solutions that may inspire new ideas:\n\n### Inspiration 1 (Score: 1.4989, Type: High-Performer)\n```python\n# EVOLVE-BLOCK-START\n\"\"\"Function minimization example for OpenEvolve\"\"\"\nimport numpy as np\n\n\ndef search_algorithm(iterations=1000, bounds=(-5, 5)):\n    \"\"\"\n    A simple random search algorithm that often gets stuck in local minima.\n\n    Args:\n        iterations: Number of iterations to run\n        bounds: Bounds for the search space (min, max)\n\n    Returns:\n        Tuple of (best_x, best_y, best_value)\n    \"\"\"\n    # Initialize with a random point\n    best_x = np.random.uniform(bounds[0], bounds[1])\n    best_y = np.random.uniform(bounds[0], bounds[1])\n    best_value = evaluate_function(best_x, best_y)\n\n    total_range = bounds[1] - bounds[0]\n\n    for i in range(iterations):\n        # Gradually shift from global exploration to local exploitation\n        # `explore_prob` decreases over time, `current_local_span` shrinks\n        # Minimum `explore_prob` of 0.05 ensures occasional global jumps to escape local minima\n        explore_prob = max(0.05, 1.0 - i / iterations)\n        # Local search span shrinks from 20% of total_range down to a very small value\n        current_local_span = total_range * (1.0 - i / iterations) * 0.2\n\n        if np.random.rand() < explore_prob: # Global exploration\n            x_candidate = np.random.uniform(bounds[0], bounds[1])\n            y_candidate = np.random.uniform(bounds[0], bounds[1])\n        else: # Local exploitation around the current best point\n            # Ensure local_span is not zero for sampling\n            half_span = max(1e-5, current_local_span / 2.0)\n            x_candidate = best_x + np.random.uniform(-half_span, half_span)\n            y_candidate = best_y + np.random.uniform(-half_span, half_span)\n\n            # Ensure candidate points are within global bounds\n            x_candidate = np.clip(x_candidate, bounds[0], bounds[1])\n            y_candidate = np.clip(y_candidate, bounds[0], bounds[1])\n\n        value = evaluate_function(x_candidate, y_candidate)\n\n        if value < best_value:\n            best_value = value\n            best_x, best_y = x_candidate, y_candidate\n\n    return best_x, best_y, best_value\n\n\n# EVOLVE-BLOCK-END\n\n\n# This part remains fixed (not evolved)\ndef evaluate_function(x, y):\n    \"\"\"The complex function we're trying to minimize\"\"\"\n    return np.sin(x) * np.cos(y) + np.sin(x * y) + (x**2 + y**2) / 20\n\n\ndef run_search():\n    x, y, value = search_algorithm()\n    return x, y, value\n\n\nif __name__ == \"__main__\":\n    x, y, value = run_search()\n    print(f\"Found minimum at ({x}, {y}) with value {value}\")\n\n```\nUnique approach: Excellent runs_successfully (1.000), Excellent value_score (1.000), Excellent distance_score (0.998)\n\n### Inspiration 2 (Score: 1.1764, Type: High-Performer)\n```python\n# EVOLVE-BLOCK-START\n\"\"\"Function minimization example for OpenEvolve\"\"\"\nimport numpy as np\n\n\ndef search_algorithm(iterations=1000, bounds=(-5, 5)):\n    \"\"\"\n    A simple random search algorithm that often gets stuck in local minima.\n\n    Args:\n        iterations: Number of iterations to run\n        bounds: Bounds for the search space (min, max)\n\n    Returns:\n        Tuple of (best_x, best_y, best_value)\n    \"\"\"\n    # Initialize current search position and overall global best\n    current_x = np.random.uniform(bounds[0], bounds[1])\n    current_y = np.random.uniform(bounds[0], bounds[1])\n    current_value = evaluate_function(current_x, current_y)\n    global_best_x, global_best_y, global_best_value = current_x, current_y, current_value\n\n    total_range = bounds[1] - bounds[0]\n\n    # Simulated Annealing temperature schedule parameters\n    T_initial = 0.5 # Starting temperature (tuned for function value scale)\n    T_final = 0.001 # Ending temperature (small, non-zero)\n\n    for i in range(iterations):\n        # Gradually shift from global exploration to local exploitation\n        # `explore_prob` decreases over time, `current_local_span` shrinks\n        # Minimum `explore_prob` of 0.05 ensures occasional global jumps to escape local minima\n        explore_prob = max(0.05, 1.0 - i / iterations)\n        # Local search span shrinks from 20% of total_range down to a very small value\n        current_local_span = total_range * (1.0 - i / iterations) * 0.2\n\n        if np.random.rand() < explore_prob: # Global exploration\n            x_candidate = np.random.uniform(bounds[0], bounds[1])\n            y_candidate = np.random.uniform(bounds[0], bounds[1])\n        else: # Local exploitation around the current position\n            # Ensure local_span is not zero for sampling\n            half_span = max(1e-5, current_local_span / 2.0)\n            x_candidate = current_x + np.random.uniform(-half_span, half_span)\n            y_candidate = current_y + np.random.uniform(-half_span, half_span)\n\n            # Ensure candidate points are within global bounds\n            x_candidate = np.clip(x_candidate, bounds[0], bounds[1])\n            y_candidate = np.clip(y_candidate, bounds[0], bounds[1])\n\n        value_candidate = evaluate_function(x_candidate, y_candidate)\n\n        # Calculate current temperature for Simulated Annealing\n        temperature = T_initial * (1.0 - i / iterations) + T_final * (i / iterations)\n        temperature = max(1e-6, temperature) # Ensure temp is never zero for division\n\n        # Simulated Annealing acceptance criterion\n        delta_e = value_candidate - current_value\n        \n        # Accept if candidate is better OR with a probability if it's worse\n        if delta_e < 0 or np.random.rand() < np.exp(-delta_e / temperature):\n            current_x, current_y, current_value = x_candidate, y_candidate, value_candidate\n            \n            # Always track the true global best found so far\n            if current_value < global_best_value:\n                global_best_x, global_best_y, global_best_value = current_x, current_y, current_value\n\n    return global_best_x, global_best_y, global_best_value\n\n\n# EVOLVE-BLOCK-END\n\n\n# This part remains fixed (not evolved)\ndef evaluate_function(x, y):\n    \"\"\"The complex function we're trying to minimize\"\"\"\n    return np.sin(x) * np.cos(y) + np.sin(x * y) + (x**2 + y**2) / 20\n\n\ndef run_search():\n    x, y, value = search_algorithm()\n    return x, y, value\n\n\nif __name__ == \"__main__\":\n    x, y, value = run_search()\n    print(f\"Found minimum at ({x}, {y}) with value {value}\")\n\n```\nUnique approach: Modification: Change 1: Replace 35 lines with 51 lines, Excellent runs_successfully (1.000), Excellent value_score (0.916)\n\n### Inspiration 3 (Score: 0.0000, Type: Exploratory)\n```python\n# EVOLVE-BLOCK-START\n\"\"\"Function minimization example for OpenEvolve\"\"\"\nimport numpy as np\n\n\ndef search_algorithm(iterations=1000, bounds=(-5, 5)):\n    \"\"\"\n    A simple random search algorithm that often gets stuck in local minima.\n\n    Args:\n        iterations: Number of iterations to run\n        bounds: Bounds for the search space (min, max)\n\n    Returns:\n        Tuple of (best_x, best_y, best_value)\n    \"\"\"\n    # Initialize with a random point\n    best_x = np.random.uniform(bounds[0], bounds[1])\n    best_y = np.random.uniform(bounds[0], bounds[1])\n    best_value = evaluate_function(best_x, best_y)\n\n    total_range = bounds[1] - bounds[0]\n\n    for i in range(iterations):\n    # Parameters for more robust exploration\n    initial_explore_prob = 0.7  # Higher initial probability of exploring globally\n    min_explore_prob = 0.01     # Minimum probability to ensure some global exploration\n    max_local_span_factor = 0.2 # Max proportion of total range for local search\n    min_local_span_factor = 0.001 # Min proportion of total range for local search\n    stagnation_threshold = 50   # Number of iterations without improvement to trigger restart\n    restart_prob_decay = 0.999  # Decay factor for restart probability\n\n    # Initialize state variables for dynamic behavior\n    no_improvement_count = 0\n    current_explore_prob = initial_explore_prob\n    current_local_span_factor = max_local_span_factor\n    restart_probability = 1.0 # Start with high probability of restarting if stagnant\n\n    total_range = bounds[1] - bounds[0]\n\n    for i in range(iterations):\n        # Dynamically adjust exploration probability\n        # Decay probability of global exploration, but ensure it doesn't go below min_explore_prob\n        current_explore_prob = max(min_explore_prob, initial_explore_prob * (1.0 - i / iterations)**2) # Quadratic decay for smoother transition\n\n        # Dynamically adjust local search span\n        # Shrinks, but can slightly expand if stagnant, and has a minimum size\n        if no_improvement_count > stagnation_threshold:\n            # If stagnant, slightly increase local span to try and jump out\n            current_local_span_factor = min(max_local_span_factor, current_local_span_factor * 1.1)\n            # Reduce restart probability as we try to explore more locally\n            restart_probability *= restart_prob_decay\n        else:\n            # Normal decay of local span\n            current_local_span_factor = max(min_local_span_factor, max_local_span_factor * (1.0 - i / iterations)**0.5) # Slower decay for local span\n\n        # Decide whether to explore globally or exploit locally\n        if np.random.rand() < current_explore_prob: # Global exploration\n            x_candidate = np.random.uniform(bounds[0], bounds[1])\n            y_candidate = np.random.uniform(bounds[0], bounds[1])\n            no_improvement_count += 1 # Count global exploration as \"no progress\" if it doesn't improve\n        else: # Local exploitation around the current best point\n            # Calculate local span and ensure it's not too small\n            local_span = total_range * current_local_span_factor\n            half_span = max(1e-5, local_span / 2.0) # Ensure a minimum step size\n\n            x_candidate = best_x + np.random.uniform(-half_span, half_span)\n            y_candidate = best_y + np.random.uniform(-half_span, half_span)\n\n            # Ensure candidate points are within global bounds\n            x_candidate = np.clip(x_candidate, bounds[0], bounds[1])\n            y_candidate = np.clip(y_candidate, bounds[0], bounds[1])\n\n            value = evaluate_function(x_candidate, y_candidate)\n\n            if value < best_value:\n                best_value = value\n                best_x, best_y = x_candidate, y_candidate\n                no_improvement_count = 0 # Reset counter on improvement\n            else:\n                no_improvement_count += 1 # Increment counter if no improvement\n\n        # Restart mechanism: if stagnant and restart probability is high enough\n        if no_improvement_count > stagnation_threshold and np.random.rand() < restart_probability:\n            print(f\"Iteration {i}: Restarting search due to stagnation.\")\n            best_x = np.random.uniform(bounds[0], bounds[1])\n            best_y = np.random.uniform(bounds[0], bounds[1])\n            best_value = evaluate_function(best_x, best_y)\n            no_improvement_count = 0 # Reset counter after restart\n            current_local_span_factor = max_local_span_factor # Reset local span after restart\n            restart_probability = 1.0 # Reset restart probability for next stagnation period\n\n    return best_x, best_y, best_value\n\n    return best_x, best_y, best_value\n\n\n# EVOLVE-BLOCK-END\n\n\n# This part remains fixed (not evolved)\ndef evaluate_function(x, y):\n    \"\"\"The complex function we're trying to minimize\"\"\"\n    return np.sin(x) * np.cos(y) + np.sin(x * y) + (x**2 + y**2) / 20\n\n\ndef run_search():\n    x, y, value = search_algorithm()\n    return x, y, value\n\n\nif __name__ == \"__main__\":\n    x, y, value = run_search()\n    print(f\"Found minimum at ({x}, {y}) with value {value}\")\n\n```\nUnique approach: Modification: Change 1: Replace 25 lines with 69 lines, Alternative runs_successfully approach, Alternative combined_score approach\n\n# Current Program\n```python\n# EVOLVE-BLOCK-START\n\"\"\"Function minimization example for OpenEvolve\"\"\"\nimport numpy as np\n\n\ndef search_algorithm(iterations=1000, bounds=(-5, 5), initial_temp=1.0, cooling_rate=0.995):\n    \"\"\"\n    An improved search algorithm with adaptive exploration and a cooling schedule\n    to better escape local minima and find the global minimum.\n\n    Args:\n        iterations: Number of iterations to run.\n        bounds: Bounds for the search space (min, max).\n        initial_temp: Starting temperature for adaptive exploration.\n        cooling_rate: Rate at which temperature decreases.\n\n    Returns:\n        Tuple of (best_x, best_y, best_value)\n    \"\"\"\n    # Initialize with a random point\n    best_x = np.random.uniform(bounds[0], bounds[1])\n    best_y = np.random.uniform(bounds[0], bounds[1])\n    best_value = evaluate_function(best_x, best_y)\n\n    current_x, current_y = best_x, best_y\n    current_value = best_value\n\n    total_range = bounds[1] - bounds[0]\n    # Initial step size related to the total range\n    initial_step_size = total_range * 0.2\n\n    # To track stagnation and trigger occasional larger jumps\n    no_improvement_count = 0\n    stagnation_threshold = int(iterations * 0.05) # Trigger if no improvement for 5% of iterations\n\n    # Temperature for adaptive exploration\n    temperature = initial_temp\n\n    for i in range(iterations):\n        # Adaptive exploration probability based on temperature\n        # Higher temperature means more exploration\n        explore_prob = np.clip(temperature, 0.05, 0.95) # Clamp exploration probability\n\n        # Adaptive step size for local search, also influenced by temperature\n        # Larger steps at higher temperatures\n        current_step_size = initial_step_size * temperature\n\n        if np.random.rand() < explore_prob or temperature < 0.1: # Global exploration if exploring or temp is very low\n            x_candidate = np.random.uniform(bounds[0], bounds[1])\n            y_candidate = np.random.uniform(bounds[0], bounds[1])\n            candidate_source = \"global_explore\"\n        else: # Local exploitation around the current point\n            half_span = max(1e-5, current_step_size / 2.0)\n            x_candidate = current_x + np.random.uniform(-half_span, half_span)\n            y_candidate = current_y + np.random.uniform(-half_span, half_span)\n            candidate_source = \"local_exploit\"\n\n            # Ensure candidate points are within global bounds\n            x_candidate = np.clip(x_candidate, bounds[0], bounds[1])\n            y_candidate = np.clip(y_candidate, bounds[0], bounds[1])\n\n        value = evaluate_function(x_candidate, y_candidate)\n\n        # Acceptance probability inspired by Metropolis criterion (Simulated Annealing)\n        # Allows accepting worse solutions with a certain probability to escape local minima\n        delta = value - current_value\n        if delta < 0 or np.random.rand() < np.exp(-delta / max(temperature, 1e-6)):\n            current_x, current_y = x_candidate, y_candidate\n            current_value = value\n            if value < best_value:\n                best_value = value\n                best_x, best_y = x_candidate, y_candidate\n                no_improvement_count = 0 # Reset stagnation counter\n            else:\n                no_improvement_count += 1\n        else:\n            no_improvement_count += 1\n\n        # Cooling schedule: More aggressive initial cooling, then slower\n        # This helps to quickly settle into a region but allows for longer exploration at lower temps\n        if i < iterations * 0.3: # First 30% of iterations\n            temperature *= (cooling_rate * 0.95) # Faster cooling\n        else: # Remaining iterations\n            temperature *= cooling_rate # Normal cooling\n\n        # If stagnated for too long, perform a more significant action to escape\n        # This could be a \"restart\" to a new random region or a large jump.\n        # Let's implement a \"restart\" mechanism: reset current position and increase temperature slightly.\n        if no_improvement_count > stagnation_threshold:\n            # Introduce a significant jump by resetting to a new random point within bounds\n            # This is more drastic than just a large step.\n            current_x = np.random.uniform(bounds[0], bounds[1])\n            current_y = np.random.uniform(bounds[0], bounds[1])\n            current_value = evaluate_function(current_x, current_y)\n            no_improvement_count = 0 # Reset stagnation counter\n\n            # Slightly increase temperature after a \"restart\" to encourage exploration from the new spot\n            # but cap it at initial_temp to avoid excessive exploration late in the search.\n            temperature = min(temperature * 1.2, initial_temp)\n            # Ensure temperature doesn't become too low after a restart if it was already very low\n            temperature = max(temperature, initial_temp * 0.01) # Keep a minimum exploration potential\n\n            # If the restarted point is better than the global best, update global best\n            if current_value < best_value:\n                best_value = current_value\n                best_x, best_y = current_x, current_y\n\n\n    return best_x, best_y, best_value\n\n\n# EVOLVE-BLOCK-END\n\n\n# This part remains fixed (not evolved)\ndef evaluate_function(x, y):\n    \"\"\"The complex function we're trying to minimize\"\"\"\n    return np.sin(x) * np.cos(y) + np.sin(x * y) + (x**2 + y**2) / 20\n\n\ndef run_search():\n    x, y, value = search_algorithm()\n    return x, y, value\n\n\nif __name__ == \"__main__\":\n    x, y, value = run_search()\n    print(f\"Found minimum at ({x}, {y}) with value {value}\")\n\n```\n\n# Task\nSuggest improvements to the program that will improve its FITNESS SCORE.\nThe system maintains diversity across these dimensions: complexity, diversity\nDifferent solutions with similar fitness but different features are valuable.\n\nYou MUST use the exact SEARCH/REPLACE diff format shown below to indicate changes:\n\n<<<<<<< SEARCH\n# Original code to find and replace (must match exactly)\n=======\n# New replacement code\n>>>>>>> REPLACE\n\nExample of valid diff format:\n<<<<<<< SEARCH\nfor i in range(m):\n    for j in range(p):\n        for k in range(n):\n            C[i, j] += A[i, k] * B[k, j]\n=======\n# Reorder loops for better memory access pattern\nfor i in range(m):\n    for k in range(n):\n        for j in range(p):\n            C[i, j] += A[i, k] * B[k, j]\n>>>>>>> REPLACE\n\nYou can suggest multiple changes. Each SEARCH section must exactly match code in the current program.\nBe thoughtful about your changes and explain your reasoning thoroughly.\n\nIMPORTANT: Do not rewrite the entire program - focus on targeted improvements.", "responses": ["The current `search_algorithm` (Program D2) attempts to combine features of simulated annealing (SA) with adaptive exploration and stagnation handling. However, its fitness has declined, and the code length is excessive.\n\nThe main issues contributing to the fitness decline and complexity are:\n1.  **Confusing Exploration Logic**: The `explore_prob = np.clip(temperature, 0.05, 0.95)` combined with `if np.random.rand() < explore_prob or temperature < 0.1:` for global exploration is counter-intuitive. `temperature < 0.1` suggests increased global exploration when the temperature is low, which contradicts the SA principle of focusing on local search at low temperatures for fine-tuning.\n2.  **Overly Complex Cooling Schedule**: The conditional cooling `if i < iterations * 0.3: temperature *= (cooling_rate * 0.95)` is arbitrary and might not be optimal. A simpler exponential decay is generally robust for SA.\n3.  **Complex Stagnation Handling**: The \"restart\" mechanism triggered by `no_improvement_count` adds significant complexity. While restarts can be beneficial, a well-tuned SA with proper exploration/exploitation balance often handles escapes from local minima without such explicit mechanisms, especially when combined with a decaying exploration probability.\n4.  **Mixed Step Size Logic**: The `current_step_size = initial_step_size * temperature` ties the step size too directly to temperature, which is then used in a local search that also has an `explore_prob` for global jumps. This creates a convoluted interplay.\n\n**Proposed Improvement Strategy**:\nThe top-performing program (Program 1, score 1.4989) uses a simple yet effective strategy: a linearly decaying global exploration probability and a linearly shrinking local search span. Program 2 (score 1.4818) combines this with Simulated Annealing acceptance criteria.\n\nThe proposed improvement will:\n1.  **Adopt Program 1's proven exploration/exploitation decay**: Use `explore_prob = max(0.05, 1.0 - i / iterations)` for global exploration and `current_local_span = total_range * (1.0 - i / iterations) * 0.2` for local step size. This provides a clear, predictable shift from global search to local exploitation.\n2.  **Retain Simulated Annealing (SA) acceptance**: Keep the Metropolis criterion (`np.exp(-delta / temperature)`) to allow escaping local minima by accepting worse solutions with decreasing probability, which is a core strength of SA.\n3.  **Simplify Cooling Schedule**: Use a standard exponential decay for `temperature` (`temperature *= cooling_rate`) throughout the iterations.\n4.  **Remove Complex Stagnation Logic**: Rely on the combined power of decaying exploration, shrinking local steps, and SA's acceptance of worse solutions to navigate the search space and escape local minima. This simplifies the code significantly.\n5.  **Remove Unused Variables/Debug Strings**: Clean up `candidate_source` and `no_improvement_count` related variables.\n\nThis approach will create a more streamlined, robust, and concise algorithm by combining the best elements of the top-performing programs and removing the problematic complexities of the current solution. It should lead to improved fitness and reduced code length.\n\n<<<<<<< SEARCH\n    # Initialize with a random point\n    best_x = np.random.uniform(bounds[0], bounds[1])\n    best_y = np.random.uniform(bounds[0], bounds[1])\n    best_value = evaluate_function(best_x, best_y)\n\n    current_x, current_y = best_x, best_y\n    current_value = best_value\n\n    total_range = bounds[1] - bounds[0]\n    # Initial step size related to the total range\n    initial_step_size = total_range * 0.2\n\n    # To track stagnation and trigger occasional larger jumps\n    no_improvement_count = 0\n    stagnation_threshold = int(iterations * 0.05) # Trigger if no improvement for 5% of iterations\n\n    # Temperature for adaptive exploration\n    temperature = initial_temp\n\n    for i in range(iterations):\n        # Adaptive exploration probability based on temperature\n        # Higher temperature means more exploration\n        explore_prob = np.clip(temperature, 0.05, 0.95) # Clamp exploration probability\n\n        # Adaptive step size for local search, also influenced by temperature\n        # Larger steps at higher temperatures\n        current_step_size = initial_step_size * temperature\n\n        if np.random.rand() < explore_prob or temperature < 0.1: # Global exploration if exploring or temp is very low\n            x_candidate = np.random.uniform(bounds[0], bounds[1])\n            y_candidate = np.random.uniform(bounds[0], bounds[1])\n            candidate_source = \"global_explore\"\n        else: # Local exploitation around the current point\n            half_span = max(1e-5, current_step_size / 2.0)\n            x_candidate = current_x + np.random.uniform(-half_span, half_span)\n            y_candidate = current_y + np.random.uniform(-half_span, half_span)\n            candidate_source = \"local_exploit\"\n\n            # Ensure candidate points are within global bounds\n            x_candidate = np.clip(x_candidate, bounds[0], bounds[1])\n            y_candidate = np.clip(y_candidate, bounds[0], bounds[1])\n\n        value = evaluate_function(x_candidate, y_candidate)\n\n        # Acceptance probability inspired by Metropolis criterion (Simulated Annealing)\n        # Allows accepting worse solutions with a certain probability to escape local minima\n        delta = value - current_value\n        if delta < 0 or np.random.rand() < np.exp(-delta / max(temperature, 1e-6)):\n            current_x, current_y = x_candidate, y_candidate\n            current_value = value\n            if value < best_value:\n                best_value = value\n                best_x, best_y = x_candidate, y_candidate\n                no_improvement_count = 0 # Reset stagnation counter\n            else:\n                no_improvement_count += 1\n        else:\n            no_improvement_count += 1\n\n        # Cooling schedule: More aggressive initial cooling, then slower\n        # This helps to quickly settle into a region but allows for longer exploration at lower temps\n        if i < iterations * 0.3: # First 30% of iterations\n            temperature *= (cooling_rate * 0.95) # Faster cooling\n        else: # Remaining iterations\n            temperature *= cooling_rate # Normal cooling\n\n        # If stagnated for too long, perform a more significant action to escape\n        # This could be a \"restart\" to a new random region or a large jump.\n        # Let's implement a \"restart\" mechanism: reset current position and increase temperature slightly.\n        if no_improvement_count > stagnation_threshold:\n            # Introduce a significant jump by resetting to a new random point within bounds\n            # This is more drastic than just a large step.\n            current_x = np.random.uniform(bounds[0], bounds[1])\n            current_y = np.random.uniform(bounds[0], bounds[1])\n            current_value = evaluate_function(current_x, current_y)\n            no_improvement_count = 0 # Reset stagnation counter\n\n            # Slightly increase temperature after a \"restart\" to encourage exploration from the new spot\n            # but cap it at initial_temp to avoid excessive exploration late in the search.\n            temperature = min(temperature * 1.2, initial_temp)\n            # Ensure temperature doesn't become too low after a restart if it was already very low\n            temperature = max(temperature, initial_temp * 0.01) # Keep a minimum exploration potential\n\n            # If the restarted point is better than the global best, update global best\n            if current_value < best_value:\n                best_value = current_value\n                best_x, best_y = current_x, current_y\n=======\n    # Initialize with a random point for both current state and global best\n    initial_x = np.random.uniform(bounds[0], bounds[1])\n    initial_y = np.random.uniform(bounds[0], bounds[1])\n    initial_value = evaluate_function(initial_x, initial_y)\n\n    best_x, best_y, best_value = initial_x, initial_y, initial_value\n    current_x, current_y, current_value = initial_x, initial_y, initial_value # Current position for annealing process\n\n    total_range = bounds[1] - bounds[0]\n\n    # Temperature for simulated annealing\n    temperature = initial_temp\n\n    for i in range(iterations):\n        # Global exploration probability, decaying over time but with a minimum chance (from Program 1)\n        # This controls the balance between global jumps and local search.\n        explore_prob = max(0.05, 1.0 - i / iterations)\n\n        # Local search span: shrinks over time (from Program 1)\n        # This controls the step size for local exploitation.\n        current_local_span = total_range * (1.0 - i / iterations) * 0.2\n        current_local_span = max(1e-5, current_local_span) # Ensure minimum span\n\n        if np.random.rand() < explore_prob: # Global exploration (random jump anywhere)\n            x_candidate = np.random.uniform(bounds[0], bounds[1])\n            y_candidate = np.random.uniform(bounds[0], bounds[1])\n        else: # Local exploitation around the current *annealing* point\n            half_span = current_local_span / 2.0\n            x_candidate = current_x + np.random.uniform(-half_span, half_span)\n            y_candidate = current_y + np.random.uniform(-half_span, half_span)\n\n            # Ensure candidate points are within global bounds\n            x_candidate = np.clip(x_candidate, bounds[0], bounds[1])\n            y_candidate = np.clip(y_candidate, bounds[0], bounds[1])\n\n        value = evaluate_function(x_candidate, y_candidate)\n\n        # Simulated Annealing acceptance criteria (Metropolis criterion)\n        # This allows accepting worse solutions with decreasing probability to escape local minima.\n        delta = value - current_value\n        if delta < 0: # Candidate is better than current, always accept\n            current_x, current_y = x_candidate, y_candidate\n            current_value = value\n            if value < best_value: # If current is also globally best, update global best\n                best_value = value\n                best_x, best_y = x_candidate, y_candidate\n        elif temperature > 1e-6 and np.random.rand() < np.exp(-delta / temperature): # Accept worse solution with decreasing probability\n            current_x, current_y = x_candidate, y_candidate\n            current_value = value\n        # If not accepted, current_x, current_y, current_value remain unchanged.\n\n        # Cooling schedule for temperature (exponential decay)\n        temperature *= cooling_rate\n        temperature = max(1e-6, temperature) # Ensure temperature doesn't go to zero for division\n>>>>>>> REPLACE"]}}, "artifacts_json": "{\"stage1_result\": \"Found solution at x=-1.7092, y=0.6799 with value=-1.5187\", \"distance_to_global\": \"0.0055\", \"solution_quality\": \"Distance < 0.5: Very close\", \"convergence_info\": \"Converged in 10 trials with 10 successes\", \"best_position\": \"Final position: x=-1.7063, y=0.6796\", \"average_distance_to_global\": \"0.0103\", \"search_efficiency\": \"Success rate: 100.00%\"}", "artifact_dir": null}