{"id": "a81b3ca0-ad5a-4e69-ab72-5b2debf844ab", "code": "# EVOLVE-BLOCK-START\n\"\"\"Function minimization example for OpenEvolve\"\"\"\nimport numpy as np\n\n\ndef search_algorithm(iterations=1000, bounds=(-5, 5)):\n    \"\"\"\n    A simple random search algorithm that often gets stuck in local minima.\n\n    Args:\n        iterations: Number of iterations to run\n        bounds: Bounds for the search space (min, max)\n\n    Returns:\n        Tuple of (best_x, best_y, best_value)\n    \"\"\"\n    # Initialize with a random point for both current and best\n    current_x = np.random.uniform(bounds[0], bounds[1])\n    current_y = np.random.uniform(bounds[0], bounds[1])\n    current_value = evaluate_function(current_x, current_y)\n\n    best_x, best_y, best_value = current_x, current_y, current_value\n\n    # Simulated Annealing parameters\n    # Estimate initial temperature: Aim for ~50% acceptance of significantly worse solutions\n    # Sample a few points to estimate the variance of function values\n    sample_values = [evaluate_function(np.random.uniform(bounds[0], bounds[1]), np.random.uniform(bounds[0], bounds[1])) for _ in range(100)]\n    # A simple heuristic: initial temperature is related to the std of function values\n    # This ensures that early on, we are likely to accept worse solutions to explore\n    initial_temperature = np.std(sample_values) if sample_values else 1.0\n    temperature = max(1e-3, initial_temperature * 1.5) # Start a bit higher for better initial exploration\n\n    cooling_rate = 0.995  # Slightly slower cooling rate for better exploration\n    step_range = (bounds[1] - bounds[0]) # Total range for a dimension\n\n    for i in range(iterations):\n        # Calculate current global jump probability based on iteration progress\n        # Start with a higher probability and decay it to ensure exploration early on\n        global_jump_prob_initial = 0.3\n        global_jump_prob_final = 0.05\n        progress = i / iterations\n        current_global_jump_prob = global_jump_prob_initial - (global_jump_prob_initial - global_jump_prob_final) * progress\n\n        # Generate a candidate point (neighbor or global jump)\n        if np.random.rand() < current_global_jump_prob:  # Adaptive global jump\n            new_x = np.random.uniform(bounds[0], bounds[1])\n            new_y = np.random.uniform(bounds[0], bounds[1])\n        else:\n            # Perturb current position, step size scales with temperature\n            # Max step is 15% of the total range, scaled by current temperature\n            # This ensures local search becomes finer as temperature decreases\n            max_step_fraction = 0.15\n            # Scale step size by temperature relative to initial temperature (or a reference)\n            # Using the initial_temperature calculated earlier for a more robust scaling\n            step_size = step_range * max_step_fraction * (temperature / initial_temperature)\n            \n            new_x = current_x + np.random.uniform(-step_size, step_size)\n            new_y = current_y + np.random.uniform(-step_size, step_size)\n            # Ensure candidate stays within bounds\n            new_x = np.clip(new_x, bounds[0], bounds[1])\n            new_y = np.clip(new_y, bounds[0], bounds[1])\n\n        new_value = evaluate_function(new_x, new_y)\n\n        # Simulated Annealing acceptance criterion\n        if new_value < current_value:\n            current_x, current_y, current_value = new_x, new_y, new_value\n            if new_value < best_value: # Update global best if a new best is found\n                best_x, best_y, best_value = new_x, new_y, new_value\n        elif temperature > 1e-9: # Use a small threshold to avoid division by near-zero temperature\n            # Accept worse solution with a probability (Metropolis criterion)\n            try:\n                acceptance_probability = np.exp((current_value - new_value) / temperature)\n                if np.random.rand() < acceptance_probability:\n                    current_x, current_y, current_value = new_x, new_y, new_value\n            except OverflowError:\n                # If exp() overflows, it means the probability is extremely low, effectively 0\n                pass\n\n        # Cool down the temperature\n        temperature *= cooling_rate\n        if temperature < 1e-6: # Set a floor for temperature to prevent it from becoming too small\n            temperature = 1e-6\n\n    return best_x, best_y, best_value\n\n\n# EVOLVE-BLOCK-END\n\n\n# This part remains fixed (not evolved)\ndef evaluate_function(x, y):\n    \"\"\"The complex function we're trying to minimize\"\"\"\n    return np.sin(x) * np.cos(y) + np.sin(x * y) + (x**2 + y**2) / 20\n\n\ndef run_search():\n    x, y, value = search_algorithm()\n    return x, y, value\n\n\nif __name__ == \"__main__\":\n    x, y, value = run_search()\n    print(f\"Found minimum at ({x}, {y}) with value {value}\")\n", "language": "python", "parent_id": "5acf1bca-40d7-4b3a-8ab9-3e52f0375ec2", "generation": 2, "timestamp": 1759151719.993594, "iteration_found": 19, "metrics": {"runs_successfully": 1.0, "value_score": 0.9991630868402944, "distance_score": 0.9880515912684967, "combined_score": 1.4939955312010444, "reliability_score": 1.0}, "complexity": 0.0, "diversity": 0.0, "metadata": {"changes": "Change 1: Replace 4 lines with 11 lines\nChange 2: Replace 13 lines with 25 lines\nChange 3: Replace 5 lines with 9 lines", "parent_metrics": {"runs_successfully": 1.0, "value_score": 0.9781256696233198, "distance_score": 0.5446690919569102, "combined_score": 1.0229562748784795, "reliability_score": 1.0}, "island": 0}, "prompts": {"diff_user": {"system": "You are an expert programmer specializing in optimization algorithms. Your task is to improve a function minimization algorithm to find the global minimum of a complex function with many local minima. The function is f(x, y) = sin(x) * cos(y) + sin(x*y) + (x^2 + y^2)/20. Focus on improving the search_algorithm function to reliably find the global minimum, escaping local minima that might trap simple algorithms.", "user": "# Current Program Information\n- Fitness: 1.0230\n- Feature coordinates: No feature coordinates\n- Focus areas: - Fitness declined: 1.4790 \u00e2\u2020\u2019 1.0230. Consider revising recent changes.\n- Consider simplifying - code length exceeds 500 characters\n\n## Last Execution Output\n\n### stage1_result\n```\nFound solution at x=-1.7293, y=0.7259 with value=-1.5133\n```\n\n### distance_to_global\n```\n0.0542\n```\n\n### solution_quality\n```\nDistance < 0.5: Very close\n```\n\n### convergence_info\n```\nConverged in 10 trials with 10 successes\n```\n\n### best_position\n```\nFinal position: x=1.5830, y=2.9529\n```\n\n### average_distance_to_global\n```\n0.8360\n```\n\n### search_efficiency\n```\nSuccess rate: 100.00%\n```\n\n# Program Evolution History\n## Previous Attempts\n\n### Attempt 3\n- Changes: Change 1: Replace 39 lines with 62 lines\n- Metrics: runs_successfully: 1.0000, value_score: 0.9965, distance_score: 0.9592, combined_score: 1.4790, reliability_score: 1.0000\n- Outcome: Mixed results\n\n### Attempt 2\n- Changes: Change 1: Replace 19 lines with 25 lines\nChange 2: Replace 16 lines with 27 lines\n- Metrics: runs_successfully: 1.0000, value_score: 0.9997, distance_score: 0.9960, combined_score: 1.4979, reliability_score: 1.0000\n- Outcome: Mixed results\n\n### Attempt 1\n- Changes: Change 1: Replace 16 lines with 35 lines\n- Metrics: runs_successfully: 1.0000, value_score: 0.9997, distance_score: 0.9980, combined_score: 1.4989, reliability_score: 1.0000\n- Outcome: Mixed results\n\n## Top Performing Programs\n\n### Program 1 (Score: 1.4989)\n```python\n# EVOLVE-BLOCK-START\n\"\"\"Function minimization example for OpenEvolve\"\"\"\nimport numpy as np\n\n\ndef search_algorithm(iterations=1000, bounds=(-5, 5)):\n    \"\"\"\n    A simple random search algorithm that often gets stuck in local minima.\n\n    Args:\n        iterations: Number of iterations to run\n        bounds: Bounds for the search space (min, max)\n\n    Returns:\n        Tuple of (best_x, best_y, best_value)\n    \"\"\"\n    # Initialize with a random point\n    best_x = np.random.uniform(bounds[0], bounds[1])\n    best_y = np.random.uniform(bounds[0], bounds[1])\n    best_value = evaluate_function(best_x, best_y)\n\n    total_range = bounds[1] - bounds[0]\n\n    for i in range(iterations):\n        # Gradually shift from global exploration to local exploitation\n        # `explore_prob` decreases over time, `current_local_span` shrinks\n        # Minimum `explore_prob` of 0.05 ensures occasional global jumps to escape local minima\n        explore_prob = max(0.05, 1.0 - i / iterations)\n        # Local search span shrinks from 20% of total_range down to a very small value\n        current_local_span = total_range * (1.0 - i / iterations) * 0.2\n\n        if np.random.rand() < explore_prob: # Global exploration\n            x_candidate = np.random.uniform(bounds[0], bounds[1])\n            y_candidate = np.random.uniform(bounds[0], bounds[1])\n        else: # Local exploitation around the current best point\n            # Ensure local_span is not zero for sampling\n            half_span = max(1e-5, current_local_span / 2.0)\n            x_candidate = best_x + np.random.uniform(-half_span, half_span)\n            y_candidate = best_y + np.random.uniform(-half_span, half_span)\n\n            # Ensure candidate points are within global bounds\n            x_candidate = np.clip(x_candidate, bounds[0], bounds[1])\n            y_candidate = np.clip(y_candidate, bounds[0], bounds[1])\n\n        value = evaluate_function(x_candidate, y_candidate)\n\n        if value < best_value:\n            best_value = value\n            best_x, best_y = x_candidate, y_candidate\n\n    return best_x, best_y, best_value\n\n\n# EVOLVE-BLOCK-END\n\n\n# This part remains fixed (not evolved)\ndef evaluate_function(x, y):\n    \"\"\"The complex function we're trying to minimize\"\"\"\n    return np.sin(x) * np.cos(y) + np.sin(x * y) + (x**2 + y**2) / 20\n\n\ndef run_search():\n    x, y, value = search_algorithm()\n    return x, y, value\n\n\nif __name__ == \"__main__\":\n    x, y, value = run_search()\n    print(f\"Found minimum at ({x}, {y}) with value {value}\")\n\n```\nKey features: Performs well on runs_successfully (1.0000), Performs well on value_score (0.9997), Performs well on distance_score (0.9980), Performs well on combined_score (1.4989), Performs well on reliability_score (1.0000)\n\n### Program 2 (Score: 1.4979)\n```python\n# EVOLVE-BLOCK-START\n\"\"\"Function minimization example for OpenEvolve\"\"\"\nimport numpy as np\n\n\ndef search_algorithm(iterations=1000, bounds=(-5, 5)):\n    \"\"\"\n    A simple random search algorithm that often gets stuck in local minima.\n\n    Args:\n        iterations: Number of iterations to run\n        bounds: Bounds for the search space (min, max)\n\n    Returns:\n        Tuple of (best_x, best_y, best_value)\n    \"\"\"\n    # Initialize with a random point\n    best_x = np.random.uniform(bounds[0], bounds[1])\n    best_y = np.random.uniform(bounds[0], bounds[1])\n    best_value = evaluate_function(best_x, best_y)\n\n    total_range = bounds[1] - bounds[0]\n\n    for i in range(iterations):\n        # Gradually shift from global exploration to local exploitation\n        # `explore_prob` decreases over time, `current_local_span` shrinks\n        # Minimum `explore_prob` of 0.05 ensures occasional global jumps to escape local minima\n        # Start with a higher exploration probability and decay it more rapidly initially\n        explore_prob = max(0.05, 1.0 - (i / iterations)**1.5) \n\n        # Local search span shrinks from 20% of total_range down to a very small value\n        # This span also decays, ensuring finer local searches as we progress.\n        # The decay rate is controlled by (1.0 - i / iterations)**1.5 to mirror explore_prob\n        current_local_span = total_range * (1.0 - (i / iterations)**1.5) * 0.2\n\n        if np.random.rand() < explore_prob: # Global exploration\n            x_candidate = np.random.uniform(bounds[0], bounds[1])\n            y_candidate = np.random.uniform(bounds[0], bounds[1])\n        else: # Local exploitation around the current best point\n            # Ensure local_span is not zero for sampling\n            half_span = max(1e-5, current_local_span / 2.0)\n            # Use Gaussian perturbation for local search, which is often more effective\n            # than uniform for fine-tuning around a point.\n            x_candidate = best_x + np.random.normal(0, half_span)\n            y_candidate = best_y + np.random.normal(0, half_span)\n\n            # Ensure candidate points are within global bounds\n            x_candidate = np.clip(x_candidate, bounds[0], bounds[1])\n            y_candidate = np.clip(y_candidate, bounds[0], bounds[1])\n\n        value = evaluate_function(x_candidate, y_candidate)\n\n        if value < best_value:\n            best_value = value\n            best_x, best_y = x_candidate, y_candidate\n\n    return best_x, best_y, best_value\n\n\n# EVOLVE-BLOCK-END\n\n\n# This part remains fixed (not evolved)\ndef evaluate_function(x, y):\n    \"\"\"The complex function we're trying to minimize\"\"\"\n    return np.sin(x) * np.cos(y) + np.sin(x * y) + (x**2 + y**2) / 20\n\n\ndef run_search():\n    x, y, value = search_algorithm()\n    return x, y, value\n\n\nif __name__ == \"__main__\":\n    x, y, value = run_search()\n    print(f\"Found minimum at ({x}, {y}) with value {value}\")\n\n```\nKey features: Performs well on runs_successfully (1.0000), Performs well on value_score (0.9997), Performs well on distance_score (0.9960), Performs well on combined_score (1.4979), Performs well on reliability_score (1.0000)\n\n### Program 3 (Score: 1.4790)\n```python\n# EVOLVE-BLOCK-START\n\"\"\"Function minimization example for OpenEvolve\"\"\"\nimport numpy as np\n\n\ndef search_algorithm(iterations=1000, bounds=(-5, 5)):\n    \"\"\"\n    A simple random search algorithm that often gets stuck in local minima.\n\n    Args:\n        iterations: Number of iterations to run\n        bounds: Bounds for the search space (min, max)\n\n    Returns:\n        Tuple of (best_x, best_y, best_value)\n    \"\"\"\n    # Initialize with a random point for both current and best\n    current_x = np.random.uniform(bounds[0], bounds[1])\n    current_y = np.random.uniform(bounds[0], bounds[1])\n    current_value = evaluate_function(current_x, current_y)\n\n    best_x, best_y, best_value = current_x, current_y, current_value\n\n    # Simulated Annealing parameters\n    # Estimate initial temperature: Aim for ~50% acceptance of significantly worse solutions\n    # Sample a few points to estimate the variance of function values\n    sample_values = [evaluate_function(np.random.uniform(bounds[0], bounds[1]), np.random.uniform(bounds[0], bounds[1])) for _ in range(100)]\n    # A simple heuristic: initial temperature is related to the std of function values\n    # This ensures that early on, we are likely to accept worse solutions to explore\n    initial_temperature = np.std(sample_values) if sample_values else 1.0\n    temperature = max(1e-3, initial_temperature * 1.5) # Start a bit higher\n\n    cooling_rate = 0.995  # Slightly slower cooling rate for better exploration\n    step_range = (bounds[1] - bounds[0]) # Total range for a dimension\n\n    # Adaptive global jump probability: higher at start, lower at end\n    global_jump_prob_initial = 0.3\n    global_jump_prob_final = 0.05\n\n    for i in range(iterations):\n        # Calculate current global jump probability based on iteration progress\n        progress = i / iterations\n        current_global_jump_prob = global_jump_prob_initial - (global_jump_prob_initial - global_jump_prob_final) * progress\n\n        # Generate a candidate point (neighbor or global jump)\n        if np.random.rand() < current_global_jump_prob:  # Adaptive global jump\n            new_x = np.random.uniform(bounds[0], bounds[1])\n            new_y = np.random.uniform(bounds[0], bounds[1])\n        else:\n            # Perturb current position, step size scales with temperature\n            # Max step is 15% of the total range, scaled by current temperature\n            # Ensure step_size doesn't become too large even at high temps\n            max_step_fraction = 0.15\n            step_size = step_range * max_step_fraction * (temperature / (max(1e-3, initial_temperature)))\n            new_x = current_x + np.random.uniform(-step_size, step_size)\n            new_y = current_y + np.random.uniform(-step_size, step_size)\n            # Ensure candidate stays within bounds\n            new_x = np.clip(new_x, bounds[0], bounds[1])\n            new_y = np.clip(new_y, bounds[0], bounds[1])\n\n        new_value = evaluate_function(new_x, new_y)\n\n        # Simulated Annealing acceptance criterion\n        if new_value < current_value:\n            current_x, current_y, current_value = new_x, new_y, new_value\n            if new_value < best_value: # Update global best if a new best is found\n                best_x, best_y, best_value = new_x, new_y, new_value\n        elif temperature > 1e-9: # Use a small threshold to avoid division by near-zero temperature\n            # Accept worse solution with a probability (Metropolis criterion)\n            try:\n                acceptance_probability = np.exp((current_value - new_value) / temperature)\n                if np.random.rand() < acceptance_probability:\n                    current_x, current_y, current_value = new_x, new_y, new_value\n            except OverflowError:\n                # If exp() overflows, it means the probability is extremely low, effectively 0\n                pass\n\n\n        # Cool down the temperature\n        temperature *= cooling_rate\n        # Ensure temperature doesn't become exactly zero or too small for exp calculation\n        if temperature < 1e-9:\n            temperature = 1e-9\n\n    return best_x, best_y, best_value\n\n\n# EVOLVE-BLOCK-END\n\n\n# This part remains fixed (not evolved)\ndef evaluate_function(x, y):\n    \"\"\"The complex function we're trying to minimize\"\"\"\n    return np.sin(x) * np.cos(y) + np.sin(x * y) + (x**2 + y**2) / 20\n\n\ndef run_search():\n    x, y, value = search_algorithm()\n    return x, y, value\n\n\nif __name__ == \"__main__\":\n    x, y, value = run_search()\n    print(f\"Found minimum at ({x}, {y}) with value {value}\")\n\n```\nKey features: Performs well on runs_successfully (1.0000), Performs well on value_score (0.9965), Performs well on distance_score (0.9592), Performs well on combined_score (1.4790), Performs well on reliability_score (1.0000)\n\n\n\n## Diverse Programs\n\n### Program D1 (Score: 1.4531)\n```python\n# EVOLVE-BLOCK-START\n\"\"\"Function minimization example for OpenEvolve\"\"\"\nimport numpy as np\n\n\ndef search_algorithm(iterations=1000, bounds=(-5, 5)):\n    \"\"\"\n    A simple random search algorithm that often gets stuck in local minima.\n\n    Args:\n        iterations: Number of iterations to run\n        bounds: Bounds for the search space (min, max)\n\n    Returns:\n        Tuple of (best_x, best_y, best_value)\n    \"\"\"\n    # Initialize with a random point\n    best_x = np.random.uniform(bounds[0], bounds[1])\n    best_y = np.random.uniform(bounds[0], bounds[1])\n    best_value = evaluate_function(best_x, best_y)\n\n    # Parameters for biased random search\n    # Probability of performing a global random jump (exploration)\n    P_GLOBAL_EXPLORATION = 0.2\n    # Standard deviation for local search (exploitation), relative to bounds\n    LOCAL_SEARCH_STD = (bounds[1] - bounds[0]) / 5.0\n\n    for _ in range(iterations):\n        if np.random.rand() < P_GLOBAL_EXPLORATION:\n            # Global random search: sample uniformly across the entire bounds\n            x = np.random.uniform(bounds[0], bounds[1])\n            y = np.random.uniform(bounds[0], bounds[1])\n        else:\n            # Local search: perturb the current best point using a normal distribution\n            x = np.random.normal(loc=best_x, scale=LOCAL_SEARCH_STD)\n            y = np.random.normal(loc=best_y, scale=LOCAL_SEARCH_STD)\n\n            # Clip coordinates to stay within the defined bounds\n            x = np.clip(x, bounds[0], bounds[1])\n            y = np.clip(y, bounds[0], bounds[1])\n\n        value = evaluate_function(x, y)\n\n        if value < best_value:\n            best_value = value\n            best_x, best_y = x, y\n\n    return best_x, best_y, best_value\n\n\n# EVOLVE-BLOCK-END\n\n\n# This part remains fixed (not evolved)\ndef evaluate_function(x, y):\n    \"\"\"The complex function we're trying to minimize\"\"\"\n    return np.sin(x) * np.cos(y) + np.sin(x * y) + (x**2 + y**2) / 20\n\n\ndef run_search():\n    x, y, value = search_algorithm()\n    return x, y, value\n\n\nif __name__ == \"__main__\":\n    x, y, value = run_search()\n    print(f\"Found minimum at ({x}, {y}) with value {value}\")\n\n```\nKey features: Alternative approach to runs_successfully, Alternative approach to value_score\n\n### Program D2 (Score: 1.4740)\n```python\n# EVOLVE-BLOCK-START\n\"\"\"Function minimization example for OpenEvolve\"\"\"\nimport numpy as np\n\n\ndef search_algorithm(iterations=1000, bounds=(-5, 5)):\n    \"\"\"\n    An improved random search that combines global exploration with local refinement.\n    Helps escape local minima by mixing global jumps and local perturbations.\n\n    Args:\n        iterations: Number of iterations to run\n        bounds: Bounds for the search space (min, max)\n\n    Returns:\n        Tuple of (best_x, best_y, best_value)\n    \"\"\"\n    low, high = bounds\n    \n    # Initialize with a random point\n    best_x = np.random.uniform(low, high)\n    best_y = np.random.uniform(low, high)\n    best_value = evaluate_function(best_x, best_y)\n\n    # Parameters for adaptive search\n    # Probability of performing a local perturbation around the current best\n    local_search_prob = 0.8 \n    # Standard deviation for the Gaussian perturbation in local search\n    # Scales with the search space width to be effective\n    perturbation_std = (high - low) / 10.0 \n\n    for _ in range(iterations):\n        if np.random.rand() < local_search_prob:\n            # Local refinement: perturb around the current best solution\n            x_candidate = np.clip(best_x + np.random.normal(0, perturbation_std), low, high)\n            y_candidate = np.clip(best_y + np.random.normal(0, perturbation_std), low, high)\n        else:\n            # Global exploration: jump to a completely random point in the search space\n            x_candidate = np.random.uniform(low, high)\n            y_candidate = np.random.uniform(low, high)\n        \n        value = evaluate_function(x_candidate, y_candidate)\n\n        if value < best_value:\n            best_value = value\n            best_x, best_y = x_candidate, y_candidate\n\n    return best_x, best_y, best_value\n\n\n# EVOLVE-BLOCK-END\n\n\n# This part remains fixed (not evolved)\ndef evaluate_function(x, y):\n    \"\"\"The complex function we're trying to minimize\"\"\"\n    return np.sin(x) * np.cos(y) + np.sin(x * y) + (x**2 + y**2) / 20\n\n\ndef run_search():\n    x, y, value = search_algorithm()\n    return x, y, value\n\n\nif __name__ == \"__main__\":\n    x, y, value = run_search()\n    print(f\"Found minimum at ({x}, {y}) with value {value}\")\n\n```\nKey features: Alternative approach to runs_successfully, Alternative approach to value_score\n\n## Inspiration Programs\n\nThese programs represent diverse approaches and creative solutions that may inspire new ideas:\n\n### Inspiration 1 (Score: 1.4989, Type: High-Performer)\n```python\n# EVOLVE-BLOCK-START\n\"\"\"Function minimization example for OpenEvolve\"\"\"\nimport numpy as np\n\n\ndef search_algorithm(iterations=1000, bounds=(-5, 5)):\n    \"\"\"\n    A simple random search algorithm that often gets stuck in local minima.\n\n    Args:\n        iterations: Number of iterations to run\n        bounds: Bounds for the search space (min, max)\n\n    Returns:\n        Tuple of (best_x, best_y, best_value)\n    \"\"\"\n    # Initialize with a random point\n    best_x = np.random.uniform(bounds[0], bounds[1])\n    best_y = np.random.uniform(bounds[0], bounds[1])\n    best_value = evaluate_function(best_x, best_y)\n\n    total_range = bounds[1] - bounds[0]\n\n    for i in range(iterations):\n        # Gradually shift from global exploration to local exploitation\n        # `explore_prob` decreases over time, `current_local_span` shrinks\n        # Minimum `explore_prob` of 0.05 ensures occasional global jumps to escape local minima\n        explore_prob = max(0.05, 1.0 - i / iterations)\n        # Local search span shrinks from 20% of total_range down to a very small value\n        current_local_span = total_range * (1.0 - i / iterations) * 0.2\n\n        if np.random.rand() < explore_prob: # Global exploration\n            x_candidate = np.random.uniform(bounds[0], bounds[1])\n            y_candidate = np.random.uniform(bounds[0], bounds[1])\n        else: # Local exploitation around the current best point\n            # Ensure local_span is not zero for sampling\n            half_span = max(1e-5, current_local_span / 2.0)\n            x_candidate = best_x + np.random.uniform(-half_span, half_span)\n            y_candidate = best_y + np.random.uniform(-half_span, half_span)\n\n            # Ensure candidate points are within global bounds\n            x_candidate = np.clip(x_candidate, bounds[0], bounds[1])\n            y_candidate = np.clip(y_candidate, bounds[0], bounds[1])\n\n        value = evaluate_function(x_candidate, y_candidate)\n\n        if value < best_value:\n            best_value = value\n            best_x, best_y = x_candidate, y_candidate\n\n    return best_x, best_y, best_value\n\n\n# EVOLVE-BLOCK-END\n\n\n# This part remains fixed (not evolved)\ndef evaluate_function(x, y):\n    \"\"\"The complex function we're trying to minimize\"\"\"\n    return np.sin(x) * np.cos(y) + np.sin(x * y) + (x**2 + y**2) / 20\n\n\ndef run_search():\n    x, y, value = search_algorithm()\n    return x, y, value\n\n\nif __name__ == \"__main__\":\n    x, y, value = run_search()\n    print(f\"Found minimum at ({x}, {y}) with value {value}\")\n\n```\nUnique approach: Modification: Change 1: Replace 16 lines with 35 lines, Excellent runs_successfully (1.000), Excellent value_score (1.000)\n\n### Inspiration 2 (Score: 1.3435, Type: High-Performer)\n```python\n# EVOLVE-BLOCK-START\n\"\"\"Function minimization example for OpenEvolve\"\"\"\nimport numpy as np\n\n\ndef search_algorithm(iterations=1000, bounds=(-5, 5)):\n    \"\"\"\n    A hybrid global-local search algorithm to find the global minimum,\n    combining wide exploration with local refinement to escape local minima.\n\n    Args:\n        iterations: Number of iterations to run\n        bounds: Bounds for the search space (min, max)\n\n    Returns:\n        Tuple of (best_x, best_y, best_value)\n    \"\"\"\n    # Initialize with a random point\n    best_x = np.random.uniform(bounds[0], bounds[1])\n    best_y = np.random.uniform(bounds[0], bounds[1])\n    best_value = evaluate_function(best_x, best_y)\n\n    # Parameters for the hybrid search strategy\n    # local_search_std: Standard deviation for Gaussian perturbations in local search.\n    # This value is a fraction of the total search range (bounds[1] - bounds[0]).\n    # A larger std allows for wider local exploration, potentially escaping small local minima.\n    local_search_std = (bounds[1] - bounds[0]) / 8.0\n    # global_jump_prob: Probability of performing a global random jump.\n    # (1 - global_jump_prob) is the probability of a local perturbation.\n    # Higher probability means more global exploration, better for very complex landscapes.\n    global_jump_prob = 0.15\n\n    for _ in range(iterations):\n        if np.random.rand() < global_jump_prob:\n            # Global random search: explore widely to escape local minima\n            x_candidate = np.random.uniform(bounds[0], bounds[1])\n            y_candidate = np.random.uniform(bounds[0], bounds[1])\n        else:\n            # Local perturbation: exploit the neighborhood of the current best solution\n            # Samples from a Gaussian distribution centered at best_x, best_y\n            x_candidate = np.random.normal(best_x, local_search_std)\n            y_candidate = np.random.normal(best_y, local_search_std)\n\n            # Ensure candidates stay within the defined bounds\n            x_candidate = np.clip(x_candidate, bounds[0], bounds[1])\n            y_candidate = np.clip(y_candidate, bounds[0], bounds[1])\n\n        value = evaluate_function(x_candidate, y_candidate)\n\n        if value < best_value:\n            best_value = value\n            best_x, best_y = x_candidate, y_candidate\n\n    return best_x, best_y, best_value\n\n\n# EVOLVE-BLOCK-END\n\n\n# This part remains fixed (not evolved)\ndef evaluate_function(x, y):\n    \"\"\"The complex function we're trying to minimize\"\"\"\n    return np.sin(x) * np.cos(y) + np.sin(x * y) + (x**2 + y**2) / 20\n\n\ndef run_search():\n    x, y, value = search_algorithm()\n    return x, y, value\n\n\nif __name__ == \"__main__\":\n    x, y, value = run_search()\n    print(f\"Found minimum at ({x}, {y}) with value {value}\")\n\n```\nUnique approach: Modification: Change 1: Replace 24 lines with 46 lines, Excellent runs_successfully (1.000), Excellent value_score (0.982)\n\n### Inspiration 3 (Score: 1.3636, Type: High-Performer)\n```python\n# EVOLVE-BLOCK-START\n\"\"\"Function minimization example for OpenEvolve\"\"\"\nimport numpy as np\n\n\ndef search_algorithm(iterations=1000, bounds=(-5, 5)):\n    \"\"\"\n    A hybrid random search algorithm combining global exploration and local exploitation.\n    Aims to escape local minima by balancing large jumps with fine-tuned steps.\n\n    Args:\n        iterations: Number of iterations to run\n        bounds: Bounds for the search space (min, max)\n\n    Returns:\n        Tuple of (best_x, best_y, best_value)\n    \"\"\"\n    min_bound, max_bound = bounds\n\n    # Initialize with a random point\n    best_x = np.random.uniform(min_bound, max_bound)\n    best_y = np.random.uniform(min_bound, max_bound)\n    best_value = evaluate_function(best_x, best_y)\n\n    total_range = max_bound - min_bound # Calculate total range for scaling local search\n\n    for i in range(iterations): # Use iteration counter 'i' for dynamic parameter adjustment\n        # Gradually shift from global exploration to local exploitation over time\n        # `explore_prob` decreases, favoring local search towards the end\n        # A minimum of 0.05 ensures some global jumps throughout to escape tricky local minima\n        explore_prob = max(0.05, 1.0 - i / iterations)\n        \n        # `current_local_span` shrinks, allowing finer exploitation as the search progresses\n        # Starts at 20% of total_range and reduces to a very small value\n        current_local_span = total_range * (1.0 - i / iterations) * 0.2\n\n        if np.random.rand() < explore_prob:\n            # Global exploration: sample a new point uniformly across the entire bounds\n            x_candidate = np.random.uniform(min_bound, max_bound)\n            y_candidate = np.random.uniform(min_bound, max_bound)\n        else:\n            # Local exploitation: perturb the current best point within a shrinking uniform window\n            half_span = max(1e-5, current_local_span / 2.0) # Ensure span is not zero to avoid division by zero or static search\n            x_candidate = best_x + np.random.uniform(-half_span, half_span)\n            y_candidate = best_y + np.random.uniform(-half_span, half_span)\n\n            # Ensure candidate points are within global bounds\n            x_candidate = np.clip(x_candidate, min_bound, max_bound)\n            y_candidate = np.clip(y_candidate, min_bound, max_bound)\n\n        value_candidate = evaluate_function(x_candidate, y_candidate)\n\n        if value_candidate < best_value:\n            best_value = value_candidate\n            best_x, best_y = x_candidate, y_candidate\n\n    return best_x, best_y, best_value\n\n\n# EVOLVE-BLOCK-END\n\n\n# This part remains fixed (not evolved)\ndef evaluate_function(x, y):\n    \"\"\"The complex function we're trying to minimize\"\"\"\n    return np.sin(x) * np.cos(y) + np.sin(x * y) + (x**2 + y**2) / 20\n\n\ndef run_search():\n    x, y, value = search_algorithm()\n    return x, y, value\n\n\nif __name__ == \"__main__\":\n    x, y, value = run_search()\n    print(f\"Found minimum at ({x}, {y}) with value {value}\")\n\n```\nUnique approach: Modification: Change 1: Replace 25 lines with 31 lines, Excellent runs_successfully (1.000), Excellent value_score (0.990)\n\n# Current Program\n```python\n# EVOLVE-BLOCK-START\n\"\"\"Function minimization example for OpenEvolve\"\"\"\nimport numpy as np\n\n\ndef search_algorithm(iterations=1000, bounds=(-5, 5)):\n    \"\"\"\n    A simple random search algorithm that often gets stuck in local minima.\n\n    Args:\n        iterations: Number of iterations to run\n        bounds: Bounds for the search space (min, max)\n\n    Returns:\n        Tuple of (best_x, best_y, best_value)\n    \"\"\"\n    # Initialize with a random point for both current and best\n    current_x = np.random.uniform(bounds[0], bounds[1])\n    current_y = np.random.uniform(bounds[0], bounds[1])\n    current_value = evaluate_function(current_x, current_y)\n\n    best_x, best_y, best_value = current_x, current_y, current_value\n\n    # Simulated Annealing parameters\n    temperature = 1.0  # Initial temperature, adjusted based on function value scale\n    cooling_rate = 0.99  # How fast temperature decreases\n    step_range = (bounds[1] - bounds[0]) # Total range for a dimension\n\n    for i in range(iterations):\n        # Generate a candidate point (neighbor or global jump)\n        if np.random.rand() < 0.1:  # 10% chance of a global jump for broad exploration\n            new_x = np.random.uniform(bounds[0], bounds[1])\n            new_y = np.random.uniform(bounds[0], bounds[1])\n        else:\n            # Perturb current position, step size scales with temperature\n            # Max step is 10% of the total range, scaled by current temperature\n            step_size = step_range * 0.1 * (temperature / 1.0)\n            new_x = current_x + np.random.uniform(-step_size, step_size)\n            new_y = current_y + np.random.uniform(-step_size, step_size)\n            # Ensure candidate stays within bounds\n            new_x = np.clip(new_x, bounds[0], bounds[1])\n            new_y = np.clip(new_y, bounds[0], bounds[1])\n\n        new_value = evaluate_function(new_x, new_y)\n\n        # Simulated Annealing acceptance criterion\n        if new_value < current_value:\n            current_x, current_y, current_value = new_x, new_y, new_value\n            if new_value < best_value: # Update global best if a new best is found\n                best_x, best_y, best_value = new_x, new_y, new_value\n        elif temperature > 0: # Avoid division by zero\n            # Accept worse solution with a probability (Metropolis criterion)\n            acceptance_probability = np.exp((current_value - new_value) / temperature)\n            if np.random.rand() < acceptance_probability:\n                current_x, current_y, current_value = new_x, new_y, new_value\n\n        # Cool down the temperature\n        temperature *= cooling_rate\n        if temperature < 1e-6: # Set a floor for temperature to prevent it from becoming too small\n            temperature = 1e-6\n\n    return best_x, best_y, best_value\n\n\n# EVOLVE-BLOCK-END\n\n\n# This part remains fixed (not evolved)\ndef evaluate_function(x, y):\n    \"\"\"The complex function we're trying to minimize\"\"\"\n    return np.sin(x) * np.cos(y) + np.sin(x * y) + (x**2 + y**2) / 20\n\n\ndef run_search():\n    x, y, value = search_algorithm()\n    return x, y, value\n\n\nif __name__ == \"__main__\":\n    x, y, value = run_search()\n    print(f\"Found minimum at ({x}, {y}) with value {value}\")\n\n```\n\n# Task\nSuggest improvements to the program that will improve its FITNESS SCORE.\nThe system maintains diversity across these dimensions: complexity, diversity\nDifferent solutions with similar fitness but different features are valuable.\n\nYou MUST use the exact SEARCH/REPLACE diff format shown below to indicate changes:\n\n<<<<<<< SEARCH\n# Original code to find and replace (must match exactly)\n=======\n# New replacement code\n>>>>>>> REPLACE\n\nExample of valid diff format:\n<<<<<<< SEARCH\nfor i in range(m):\n    for j in range(p):\n        for k in range(n):\n            C[i, j] += A[i, k] * B[k, j]\n=======\n# Reorder loops for better memory access pattern\nfor i in range(m):\n    for k in range(n):\n        for j in range(p):\n            C[i, j] += A[i, k] * B[k, j]\n>>>>>>> REPLACE\n\nYou can suggest multiple changes. Each SEARCH section must exactly match code in the current program.\nBe thoughtful about your changes and explain your reasoning thoroughly.\n\nIMPORTANT: Do not rewrite the entire program - focus on targeted improvements.", "responses": ["The current program uses a Simulated Annealing approach. While this is a good starting point for escaping local minima, its performance can be further improved by:\n\n1.  **Adaptive Temperature and Cooling:** The current fixed initial temperature and cooling rate might not be optimal for all function landscapes. Adapting these parameters based on the function's characteristics or the search progress can lead to better exploration.\n2.  **More Sophisticated Global Exploration:** The fixed 10% probability for global jumps might be too low or too high depending on the stage of the search. An adaptive strategy for global jumps, similar to how exploration probability was handled in Program 1 and Program 3, could be beneficial.\n3.  **Initialization Strategy:** The initial temperature is fixed at 1.0. For functions with a wide range of values, this might be too low to allow sufficient initial exploration. Estimating an initial temperature based on function variance, as seen in Program 3, can be more robust.\n4.  **Step Size Adaptation:** The step size for local perturbations is currently a fixed fraction (0.1) of the total range, scaled by temperature. This could be made more adaptive, perhaps by increasing the step size when stuck in a plateau or decreasing it when making steady progress.\n\nHere are a few targeted improvements:\n\n### Improvement 1: Adaptive Initial Temperature and Cooling Rate\n\nThe current fixed initial temperature of `1.0` and a fixed `cooling_rate` of `0.99` might not be optimal. We can make the initial temperature more adaptive by estimating it based on the function's value variance, similar to Program 3. We can also slightly adjust the cooling rate for potentially better exploration.\n\n<<<<<<< SEARCH\n    # Simulated Annealing parameters\n    temperature = 1.0  # Initial temperature, adjusted based on function value scale\n    cooling_rate = 0.99  # How fast temperature decreases\n    step_range = (bounds[1] - bounds[0]) # Total range for a dimension\n=======\n    # Simulated Annealing parameters\n    # Estimate initial temperature: Aim for ~50% acceptance of significantly worse solutions\n    # Sample a few points to estimate the variance of function values\n    sample_values = [evaluate_function(np.random.uniform(bounds[0], bounds[1]), np.random.uniform(bounds[0], bounds[1])) for _ in range(100)]\n    # A simple heuristic: initial temperature is related to the std of function values\n    # This ensures that early on, we are likely to accept worse solutions to explore\n    initial_temperature = np.std(sample_values) if sample_values else 1.0\n    temperature = max(1e-3, initial_temperature * 1.5) # Start a bit higher for better initial exploration\n\n    cooling_rate = 0.995  # Slightly slower cooling rate for better exploration\n    step_range = (bounds[1] - bounds[0]) # Total range for a dimension\n>>>>>>> REPLACE\n\n**Reasoning:**\n-   **Adaptive Initial Temperature:** By sampling function values and calculating their standard deviation, we get a measure of the landscape's \"roughness.\" Multiplying this by `1.5` and ensuring it's at least `1e-3` provides a more informed starting point for the temperature. A higher initial temperature encourages more exploration of potentially worse solutions, helping to escape initial local minima.\n-   **Slower Cooling Rate:** A `cooling_rate` of `0.995` (instead of `0.99`) means the temperature decreases more slowly. This allows the algorithm to spend more time at higher temperatures, giving it a better chance to explore the search space broadly and escape local minima before converging.\n\n### Improvement 2: Adaptive Global Jump Probability\n\nThe fixed `0.1` probability for global jumps might not be ideal throughout the entire search. We can make this probability adaptive, starting higher and decreasing over time, similar to how Program 3 dynamically adjusts its `current_global_jump_prob`.\n\n<<<<<<< SEARCH\n        # Generate a candidate point (neighbor or global jump)\n        if np.random.rand() < 0.1:  # 10% chance of a global jump for broad exploration\n            new_x = np.random.uniform(bounds[0], bounds[1])\n            new_y = np.random.uniform(bounds[0], bounds[1])\n        else:\n            # Perturb current position, step size scales with temperature\n            # Max step is 10% of the total range, scaled by current temperature\n            step_size = step_range * 0.1 * (temperature / 1.0)\n            new_x = current_x + np.random.uniform(-step_size, step_size)\n            new_y = current_y + np.random.uniform(-step_size, step_size)\n            # Ensure candidate stays within bounds\n            new_x = np.clip(new_x, bounds[0], bounds[1])\n            new_y = np.clip(new_y, bounds[0], bounds[1])\n=======\n        # Calculate current global jump probability based on iteration progress\n        # Start with a higher probability and decay it to ensure exploration early on\n        global_jump_prob_initial = 0.3\n        global_jump_prob_final = 0.05\n        progress = i / iterations\n        current_global_jump_prob = global_jump_prob_initial - (global_jump_prob_initial - global_jump_prob_final) * progress\n\n        # Generate a candidate point (neighbor or global jump)\n        if np.random.rand() < current_global_jump_prob:  # Adaptive global jump\n            new_x = np.random.uniform(bounds[0], bounds[1])\n            new_y = np.random.uniform(bounds[0], bounds[1])\n        else:\n            # Perturb current position, step size scales with temperature\n            # Max step is 15% of the total range, scaled by current temperature\n            # This ensures local search becomes finer as temperature decreases\n            max_step_fraction = 0.15\n            # Scale step size by temperature relative to initial temperature (or a reference)\n            # Using the initial_temperature calculated earlier for a more robust scaling\n            step_size = step_range * max_step_fraction * (temperature / initial_temperature)\n            \n            new_x = current_x + np.random.uniform(-step_size, step_size)\n            new_y = current_y + np.random.uniform(-step_size, step_size)\n            # Ensure candidate stays within bounds\n            new_x = np.clip(new_x, bounds[0], bounds[1])\n            new_y = np.clip(new_y, bounds[0], bounds[1])\n>>>>>>> REPLACE\n\n**Reasoning:**\n-   **Adaptive Probability:** By using `current_global_jump_prob` that decreases from `0.3` to `0.05` over iterations, the algorithm starts with a high chance of global exploration to find promising regions and gradually shifts towards more local refinement. This is a common and effective strategy for escaping local minima.\n-   **Adaptive Step Size Scaling:** The `step_size` calculation is updated to use `initial_temperature` as a reference point for scaling. This makes the step size more robust to different initial temperature settings. A `max_step_fraction` of `0.15` allows for slightly wider local steps initially.\n\n### Improvement 3: Refined Local Perturbation and Acceptance Probability\n\nThe current local search uses a uniform distribution. A Gaussian distribution can sometimes be more effective for fine-tuning. Also, the acceptance probability calculation can be made slightly more robust.\n\n<<<<<<< SEARCH\n        elif temperature > 0: # Avoid division by zero\n            # Accept worse solution with a probability (Metropolis criterion)\n            acceptance_probability = np.exp((current_value - new_value) / temperature)\n            if np.random.rand() < acceptance_probability:\n                current_x, current_y, current_value = new_x, new_y, new_value\n=======\n        elif temperature > 1e-9: # Use a small threshold to avoid division by near-zero temperature\n            # Accept worse solution with a probability (Metropolis criterion)\n            try:\n                acceptance_probability = np.exp((current_value - new_value) / temperature)\n                if np.random.rand() < acceptance_probability:\n                    current_x, current_y, current_value = new_x, new_y, new_value\n            except OverflowError:\n                # If exp() overflows, it means the probability is extremely low, effectively 0\n                pass\n>>>>>>> REPLACE\n\n**Reasoning:**\n-   **Robust Temperature Check:** Changing `temperature > 0` to `temperature > 1e-9` prevents potential issues with extremely small temperatures.\n-   **Overflow Handling:** The `try-except OverflowError` block handles cases where `np.exp()` might result in a value too large to represent, which implies an acceptance probability close to zero. This makes the acceptance probability calculation more robust.\n\nThese changes aim to make the Simulated Annealing algorithm more adaptive and robust, increasing its chances of finding the global minimum by better balancing exploration and exploitation."]}}, "artifacts_json": "{\"stage1_result\": \"Found solution at x=-1.6587, y=0.6937 with value=-1.5173\", \"distance_to_global\": \"0.0480\", \"solution_quality\": \"Distance < 0.5: Very close\", \"convergence_info\": \"Converged in 10 trials with 10 successes\", \"best_position\": \"Final position: x=-1.7038, y=0.6769\", \"average_distance_to_global\": \"0.0121\", \"search_efficiency\": \"Success rate: 100.00%\"}", "artifact_dir": null}