{"id": "af992b4b-d9d5-4a64-8f50-e7211189e920", "code": "# EVOLVE-BLOCK-START\n\"\"\"Function minimization example for OpenEvolve\"\"\"\nimport numpy as np\n\n\ndef search_algorithm(iterations=1000, bounds=(-5, 5)):\n    \"\"\"\n    An improved search algorithm that combines global exploration with adaptive local exploitation.\n    It aims to escape local minima by gradually reducing exploration probability and\n    controlling the local search step size based on an adaptive \"temperature\".\n\n    Args:\n        iterations: Number of iterations to run\n        bounds: Bounds for the search space (min, max)\n\n    Returns:\n        Tuple of (best_x, best_y, best_value)\n    \"\"\"\n    low, high = bounds\n    best_x = np.random.uniform(low, high)\n    best_y = np.random.uniform(low, high)\n    best_value = evaluate_function(best_x, best_y)\n\n    total_range = high - low\n\n    # Parameters for adaptive search\n    # `explore_prob` decreases over time, transitioning from global to local search.\n    # Initial exploration probability is higher, decaying to a minimum to ensure occasional global jumps.\n    explore_prob_initial = 0.6  # Start with a significant exploration probability\n    explore_prob_final = 0.05   # Minimum exploration probability to avoid getting completely stuck\n    # Using a non-linear decay (e.g., quadratic) can allow for more exploration early on\n    # and a faster transition to local search.\n    decay_exponent = 2.0\n\n    # Temperature-like parameter to control local search step size.\n    # It starts high and cools down, allowing larger steps initially and finer steps later.\n    # This helps escape local minima by allowing larger jumps when \"hot\" (early)\n    # and fine-tuning when \"cold\" (late).\n    initial_temperature = 1.0 # A heuristic starting temperature\n    cooling_rate = 0.99       # A slower cooling rate generally allows for better exploration\n    # Ensure temperature doesn't become excessively small, leading to no movement.\n    min_temperature = 1e-5\n\n    for i in range(iterations):\n        # Calculate current exploration probability using a power decay\n        explore_prob = max(explore_prob_final, explore_prob_initial - (explore_prob_initial - explore_prob_final) * (i / iterations)**decay_exponent)\n\n        # Calculate current temperature, ensuring it doesn't drop below a minimum\n        temperature = initial_temperature * (cooling_rate ** i)\n        temperature = max(min_temperature, temperature)\n\n        # Local search step size scales with temperature and a fraction of the total range.\n        # The maximum step size is a fraction (e.g., 15%) of the total range.\n        max_step_fraction = 0.15\n        # Scale step size by the current temperature relative to the initial temperature.\n        # This makes steps larger when temperature is high and smaller when it's low.\n        current_local_step_size = total_range * max_step_fraction * (temperature / initial_temperature)\n\n        # Ensure a minimum step size to avoid getting stuck if temperature is very low\n        min_local_step_size = 1e-4\n        current_local_step_size = max(min_local_step_size, current_local_step_size)\n\n        if np.random.rand() < explore_prob: # Global exploration\n            x_candidate = np.random.uniform(low, high)\n            y_candidate = np.random.uniform(low, high)\n        else: # Local exploitation around the current best point\n            # Use Gaussian perturbation with the adaptive step size.\n            # Gaussian is generally preferred for local refinement around a point.\n            x_candidate = best_x + np.random.normal(0, current_local_step_size)\n            y_candidate = best_y + np.random.normal(0, current_local_step_size)\n\n            # Ensure candidate points are within global bounds\n            x_candidate = np.clip(x_candidate, low, high)\n            y_candidate = np.clip(y_candidate, low, high)\n\n        value_candidate = evaluate_function(x_candidate, y_candidate)\n\n        if value_candidate < best_value:\n            best_value = value_candidate\n            best_x, best_y = x_candidate, y_candidate\n\n    return best_x, best_y, best_value\n\n\n# EVOLVE-BLOCK-END\n\n\n# This part remains fixed (not evolved)\ndef evaluate_function(x, y):\n    \"\"\"The complex function we're trying to minimize\"\"\"\n    return np.sin(x) * np.cos(y) + np.sin(x * y) + (x**2 + y**2) / 20\n\n\ndef run_search():\n    x, y, value = search_algorithm()\n    return x, y, value\n\n\nif __name__ == \"__main__\":\n    x, y, value = run_search()\n    print(f\"Found minimum at ({x}, {y}) with value {value}\")\n", "language": "python", "parent_id": "65bf5beb-78fa-462a-8b32-7ec42152e720", "generation": 2, "timestamp": 1759151775.9459789, "iteration_found": 31, "metrics": {"runs_successfully": 1.0, "value_score": 0.9804389557371904, "distance_score": 0.5560525610730895, "combined_score": 1.0284422954286263, "reliability_score": 1.0}, "complexity": 0.0, "diversity": 0.0, "metadata": {"changes": "Change 1: Replace 27 lines with 77 lines\nChange 2: Replace 5 lines with 35 lines", "parent_metrics": {"runs_successfully": 1.0, "value_score": 0.9777837890795421, "distance_score": 0.8648741166180801, "combined_score": 1.4225311942877927, "reliability_score": 1.0}, "island": 0}, "prompts": {"diff_user": {"system": "You are an expert programmer specializing in optimization algorithms. Your task is to improve a function minimization algorithm to find the global minimum of a complex function with many local minima. The function is f(x, y) = sin(x) * cos(y) + sin(x*y) + (x^2 + y^2)/20. Focus on improving the search_algorithm function to reliably find the global minimum, escaping local minima that might trap simple algorithms.", "user": "# Current Program Information\n- Fitness: 1.4225\n- Feature coordinates: No feature coordinates\n- Focus areas: - Fitness declined: 1.4987 \u00e2\u2020\u2019 1.4225. Consider revising recent changes.\n- Consider simplifying - code length exceeds 500 characters\n\n## Last Execution Output\n\n### stage1_result\n```\nFound solution at x=-1.8156, y=0.6364 with value=-1.5102\n```\n\n### distance_to_global\n```\n0.1191\n```\n\n### solution_quality\n```\nDistance < 0.5: Very close\n```\n\n### convergence_info\n```\nConverged in 10 trials with 10 successes\n```\n\n### best_position\n```\nFinal position: x=-1.6668, y=0.5901\n```\n\n### average_distance_to_global\n```\n0.1562\n```\n\n### search_efficiency\n```\nSuccess rate: 100.00%\n```\n\n# Program Evolution History\n## Previous Attempts\n\n### Attempt 3\n- Changes: Change 1: Replace 27 lines with 67 lines\n- Metrics: runs_successfully: 1.0000, value_score: 0.9997, distance_score: 0.9976, combined_score: 1.4987, reliability_score: 1.0000\n- Outcome: Mixed results\n\n### Attempt 2\n- Changes: Change 1: Replace 16 lines with 35 lines\n- Metrics: runs_successfully: 1.0000, value_score: 0.9997, distance_score: 0.9980, combined_score: 1.4989, reliability_score: 1.0000\n- Outcome: Mixed results\n\n### Attempt 1\n- Changes: Change 1: Replace 23 lines with 39 lines\nChange 2: Replace 3 lines with 12 lines\n- Metrics: runs_successfully: 1.0000, value_score: 0.9997, distance_score: 0.9993, combined_score: 1.4995, reliability_score: 1.0000\n- Outcome: Mixed results\n\n## Top Performing Programs\n\n### Program 1 (Score: 1.4995)\n```python\n# EVOLVE-BLOCK-START\n\"\"\"Function minimization example for OpenEvolve\"\"\"\nimport numpy as np\n\n\ndef search_algorithm(iterations=1000, bounds=(-5, 5)):\n    \"\"\"\n    A simple random search algorithm that often gets stuck in local minima.\n\n    Args:\n        iterations: Number of iterations to run\n        bounds: Bounds for the search space (min, max)\n\n    Returns:\n        Tuple of (best_x, best_y, best_value)\n    \"\"\"\n    # Initialize with a random point\n    best_x = np.random.uniform(bounds[0], bounds[1])\n    best_y = np.random.uniform(bounds[0], bounds[1])\n    best_value = evaluate_function(best_x, best_y)\n\n    total_range = bounds[1] - bounds[0]\n\n    for i in range(iterations):\n        # Gradually shift from global exploration to local exploitation\n        # `explore_prob` decreases over time, `current_local_span` shrinks\n        # Parameters for adaptive search\n        # Start with a higher exploration probability and decay it more gradually\n        # Using a linear decay for exploration probability for simplicity and predictability\n        explore_prob_initial = 0.5  # Higher initial exploration\n        explore_prob_final = 0.05   # Minimum exploration probability\n        explore_prob = explore_prob_initial - (explore_prob_initial - explore_prob_final) * (i / iterations)\n\n        # Temperature-like parameter to control local search step size.\n        # It starts high and cools down, allowing larger steps initially and finer steps later.\n        # This helps escape local minima by allowing larger jumps when \"hot\" (early)\n        # and fine-tuning when \"cold\" (late).\n        initial_temperature = 1.0 # A heuristic starting temperature\n        cooling_rate = 0.995      # Slower cooling rate for better exploration\n        temperature = initial_temperature * (cooling_rate ** i)\n        # Ensure temperature doesn't become too small to cause issues with acceptance probability\n        if temperature < 1e-6:\n            temperature = 1e-6\n\n        # Local search step size scales with temperature and a fraction of the total range.\n        # The maximum step size is a fraction (e.g., 15%) of the total range.\n        max_step_fraction = 0.15\n        # Scale step size by the current temperature relative to the initial temperature.\n        # This makes steps larger when temperature is high and smaller when it's low.\n        current_local_step_size = total_range * max_step_fraction * (temperature / initial_temperature)\n        # Ensure a minimum step size to avoid getting stuck if temperature is very low\n        min_local_step_size = 1e-4\n        current_local_step_size = max(min_local_step_size, current_local_step_size)\n\n        if np.random.rand() < explore_prob: # Global exploration\n            x_candidate = np.random.uniform(bounds[0], bounds[1])\n            y_candidate = np.random.uniform(bounds[0], bounds[1])\n        else: # Local exploitation around the current best point\n            # Use Gaussian perturbation with the adaptive step size\n            x_candidate = best_x + np.random.normal(0, current_local_step_size)\n            y_candidate = best_y + np.random.normal(0, current_local_step_size)\n\n            # Ensure candidate points are within global bounds\n            x_candidate = np.clip(x_candidate, bounds[0], bounds[1])\n            y_candidate = np.clip(y_candidate, bounds[0], bounds[1])\n\n        value = evaluate_function(x_candidate, y_candidate)\n\n        if value < best_value:\n            best_value = value\n            best_x, best_y = x_candidate, y_candidate\n\n    return best_x, best_y, best_value\n\n\n# EVOLVE-BLOCK-END\n\n\n# This part remains fixed (not evolved)\ndef evaluate_function(x, y):\n    \"\"\"The complex function we're trying to minimize\"\"\"\n    return np.sin(x) * np.cos(y) + np.sin(x * y) + (x**2 + y**2) / 20\n\n\ndef run_search(num_runs=10): # Add a parameter for the number of runs\n    best_overall_x, best_overall_y, best_overall_value = None, None, float('inf')\n\n    for run in range(num_runs):\n        x, y, value = search_algorithm()\n        if value < best_overall_value:\n            best_overall_value = value\n            best_overall_x, best_overall_y = x, y\n        # Optional: print progress for each run\n        # print(f\"Run {run+1}/{num_runs}: Found {value} at ({x}, {y})\")\n\n    return best_overall_x, best_overall_y, best_overall_value\n\n\nif __name__ == \"__main__\":\n    x, y, value = run_search()\n    print(f\"Found minimum at ({x}, {y}) with value {value}\")\n\n```\nKey features: Performs well on runs_successfully (1.0000), Performs well on value_score (0.9997), Performs well on distance_score (0.9993), Performs well on combined_score (1.4995), Performs well on reliability_score (1.0000)\n\n### Program 2 (Score: 1.4989)\n```python\n# EVOLVE-BLOCK-START\n\"\"\"Function minimization example for OpenEvolve\"\"\"\nimport numpy as np\n\n\ndef search_algorithm(iterations=1000, bounds=(-5, 5)):\n    \"\"\"\n    A simple random search algorithm that often gets stuck in local minima.\n\n    Args:\n        iterations: Number of iterations to run\n        bounds: Bounds for the search space (min, max)\n\n    Returns:\n        Tuple of (best_x, best_y, best_value)\n    \"\"\"\n    # Initialize with a random point\n    best_x = np.random.uniform(bounds[0], bounds[1])\n    best_y = np.random.uniform(bounds[0], bounds[1])\n    best_value = evaluate_function(best_x, best_y)\n\n    total_range = bounds[1] - bounds[0]\n\n    for i in range(iterations):\n        # Gradually shift from global exploration to local exploitation\n        # `explore_prob` decreases over time, `current_local_span` shrinks\n        # Minimum `explore_prob` of 0.05 ensures occasional global jumps to escape local minima\n        explore_prob = max(0.05, 1.0 - i / iterations)\n        # Local search span shrinks from 20% of total_range down to a very small value\n        current_local_span = total_range * (1.0 - i / iterations) * 0.2\n\n        if np.random.rand() < explore_prob: # Global exploration\n            x_candidate = np.random.uniform(bounds[0], bounds[1])\n            y_candidate = np.random.uniform(bounds[0], bounds[1])\n        else: # Local exploitation around the current best point\n            # Ensure local_span is not zero for sampling\n            half_span = max(1e-5, current_local_span / 2.0)\n            x_candidate = best_x + np.random.uniform(-half_span, half_span)\n            y_candidate = best_y + np.random.uniform(-half_span, half_span)\n\n            # Ensure candidate points are within global bounds\n            x_candidate = np.clip(x_candidate, bounds[0], bounds[1])\n            y_candidate = np.clip(y_candidate, bounds[0], bounds[1])\n\n        value = evaluate_function(x_candidate, y_candidate)\n\n        if value < best_value:\n            best_value = value\n            best_x, best_y = x_candidate, y_candidate\n\n    return best_x, best_y, best_value\n\n\n# EVOLVE-BLOCK-END\n\n\n# This part remains fixed (not evolved)\ndef evaluate_function(x, y):\n    \"\"\"The complex function we're trying to minimize\"\"\"\n    return np.sin(x) * np.cos(y) + np.sin(x * y) + (x**2 + y**2) / 20\n\n\ndef run_search():\n    x, y, value = search_algorithm()\n    return x, y, value\n\n\nif __name__ == \"__main__\":\n    x, y, value = run_search()\n    print(f\"Found minimum at ({x}, {y}) with value {value}\")\n\n```\nKey features: Performs well on runs_successfully (1.0000), Performs well on value_score (0.9997), Performs well on distance_score (0.9980), Performs well on combined_score (1.4989), Performs well on reliability_score (1.0000)\n\n### Program 3 (Score: 1.4987)\n```python\n# EVOLVE-BLOCK-START\n\"\"\"Function minimization example for OpenEvolve\"\"\"\nimport numpy as np\n\n\ndef search_algorithm(iterations=1000, bounds=(-5, 5)):\n    \"\"\"\n    A simple random search algorithm that often gets stuck in local minima.\n\n    Args:\n        iterations: Number of iterations to run\n        bounds: Bounds for the search space (min, max)\n\n    Returns:\n        Tuple of (best_x, best_y, best_value)\n    \"\"\"\n    # Initialize with a random point\n    best_x = np.random.uniform(bounds[0], bounds[1])\n    best_y = np.random.uniform(bounds[0], bounds[1])\n    best_value = evaluate_function(best_x, best_y)\n\n    total_range = bounds[1] - bounds[0]\n\n    for i in range(iterations):\n        # Gradually shift from global exploration to local exploitation\n        # `explore_prob` decreases over time, `current_local_span` shrinks\n        # Minimum `explore_prob` of 0.05 ensures occasional global jumps to escape local minima\n        explore_prob = max(0.05, 1.0 - i / iterations)\n        # Local search span shrinks from 20% of total_range down to a very small value\n        current_local_span = total_range * (1.0 - i / iterations) * 0.2\n\n        if np.random.rand() < explore_prob: # Global exploration\n            x_candidate = np.random.uniform(bounds[0], bounds[1])\n            y_candidate = np.random.uniform(bounds[0], bounds[1])\n        else: # Local exploitation around the current best point\n            # Ensure local_span is not zero for sampling\n            half_span = max(1e-5, current_local_span / 2.0)\n            x_candidate = best_x + np.random.uniform(-half_span, half_span)\n            y_candidate = best_y + np.random.uniform(-half_span, half_span)\n\n            # Ensure candidate points are within global bounds\n            x_candidate = np.clip(x_candidate, bounds[0], bounds[1])\n            y_candidate = np.clip(y_candidate, bounds[0], bounds[1])\n\n        value = evaluate_function(x_candidate, y_candidate)\n\n        if value < best_value:\n            best_value = value\n            best_x, best_y = x_candidate, y_candidate\n\n    return best_x, best_y, best_value\n\n\n# EVOLVE-BLOCK-END\n\n\n# This part remains fixed (not evolved)\ndef evaluate_function(x, y):\n    \"\"\"The complex function we're trying to minimize\"\"\"\n    return np.sin(x) * np.cos(y) + np.sin(x * y) + (x**2 + y**2) / 20\n\n\ndef run_search():\n    x, y, value = search_algorithm()\n    return x, y, value\n\n\nif __name__ == \"__main__\":\n    x, y, value = run_search()\n    print(f\"Found minimum at ({x}, {y}) with value {value}\")\n\n```\nKey features: Performs well on runs_successfully (1.0000), Performs well on value_score (0.9997), Performs well on distance_score (0.9976), Performs well on combined_score (1.4987), Performs well on reliability_score (1.0000)\n\n\n\n## Diverse Programs\n\n### Program D1 (Score: 1.4979)\n```python\n# EVOLVE-BLOCK-START\n\"\"\"Function minimization example for OpenEvolve\"\"\"\nimport numpy as np\n\n\ndef search_algorithm(iterations=1000, bounds=(-5, 5)):\n    \"\"\"\n    A simple random search algorithm that often gets stuck in local minima.\n\n    Args:\n        iterations: Number of iterations to run\n        bounds: Bounds for the search space (min, max)\n\n    Returns:\n        Tuple of (best_x, best_y, best_value)\n    \"\"\"\n    # Initialize with a random point\n    best_x = np.random.uniform(bounds[0], bounds[1])\n    best_y = np.random.uniform(bounds[0], bounds[1])\n    best_value = evaluate_function(best_x, best_y)\n\n    total_range = bounds[1] - bounds[0]\n\n    for i in range(iterations):\n        # Gradually shift from global exploration to local exploitation\n        # `explore_prob` decreases over time, `current_local_span` shrinks\n        # Minimum `explore_prob` of 0.05 ensures occasional global jumps to escape local minima\n        # Start with a higher exploration probability and decay it more rapidly initially\n        explore_prob = max(0.05, 1.0 - (i / iterations)**1.5) \n\n        # Local search span shrinks from 20% of total_range down to a very small value\n        # This span also decays, ensuring finer local searches as we progress.\n        # The decay rate is controlled by (1.0 - i / iterations)**1.5 to mirror explore_prob\n        current_local_span = total_range * (1.0 - (i / iterations)**1.5) * 0.2\n\n        if np.random.rand() < explore_prob: # Global exploration\n            x_candidate = np.random.uniform(bounds[0], bounds[1])\n            y_candidate = np.random.uniform(bounds[0], bounds[1])\n        else: # Local exploitation around the current best point\n            # Ensure local_span is not zero for sampling\n            half_span = max(1e-5, current_local_span / 2.0)\n            # Use Gaussian perturbation for local search, which is often more effective\n            # than uniform for fine-tuning around a point.\n            x_candidate = best_x + np.random.normal(0, half_span)\n            y_candidate = best_y + np.random.normal(0, half_span)\n\n            # Ensure candidate points are within global bounds\n            x_candidate = np.clip(x_candidate, bounds[0], bounds[1])\n            y_candidate = np.clip(y_candidate, bounds[0], bounds[1])\n\n        value = evaluate_function(x_candidate, y_candidate)\n\n        if value < best_value:\n            best_value = value\n            best_x, best_y = x_candidate, y_candidate\n\n    return best_x, best_y, best_value\n\n\n# EVOLVE-BLOCK-END\n\n\n# This part remains fixed (not evolved)\ndef evaluate_function(x, y):\n    \"\"\"The complex function we're trying to minimize\"\"\"\n    return np.sin(x) * np.cos(y) + np.sin(x * y) + (x**2 + y**2) / 20\n\n\ndef run_search():\n    x, y, value = search_algorithm()\n    return x, y, value\n\n\nif __name__ == \"__main__\":\n    x, y, value = run_search()\n    print(f\"Found minimum at ({x}, {y}) with value {value}\")\n\n```\nKey features: Alternative approach to runs_successfully, Alternative approach to value_score\n\n### Program D2 (Score: 1.4970)\n```python\n# EVOLVE-BLOCK-START\n\"\"\"Function minimization example for OpenEvolve\"\"\"\nimport numpy as np\n\n\ndef search_algorithm(iterations=1000, bounds=(-5, 5)):\n    \"\"\"\n    A simple random search algorithm that often gets stuck in local minima.\n\n    Args:\n        iterations: Number of iterations to run\n        bounds: Bounds for the search space (min, max)\n\n    Returns:\n        Tuple of (best_x, best_y, best_value)\n    \"\"\"\n    # Initialize with a random point\n    best_x = np.random.uniform(bounds[0], bounds[1])\n    best_y = np.random.uniform(bounds[0], bounds[1])\n    best_value = evaluate_function(best_x, best_y)\n\n    total_range = bounds[1] - bounds[0]\n    initial_local_std = total_range / 5.0 # Initial standard deviation for local search\n\n    # Parameters for escaping local minima\n    no_improvement_streak_limit = int(iterations * 0.05) # Trigger reset if no improvement for 5% of iterations\n    large_jump_factor = 0.5 # Factor to increase local span for a large jump\n\n    no_improvement_streak = 0\n\n    for i in range(iterations):\n        # Adaptive exploration probability and local span with non-linear decay\n        # Using a power decay for exploration probability to allow more exploration early on\n        decay_exponent = 1.5\n        explore_prob = max(0.05, 1.0 - (i / iterations)**decay_exponent)\n\n        # Local search span shrinks, but can be temporarily increased\n        # Initial span is 20% of total range, shrinks towards a minimum.\n        # Use the same decay for local span\n        base_local_span = total_range * (1.0 - (i / iterations)**decay_exponent) * 0.2\n        current_local_span = max(1e-5, base_local_span)\n\n        perform_large_jump = False\n        if no_improvement_streak >= no_improvement_streak_limit:\n            # If stuck, increase probability of a larger jump or global exploration\n            if np.random.rand() < 0.7: # 70% chance to attempt a large jump\n                perform_large_jump = True\n                # Temporarily increase the span for a large jump\n                current_local_span *= (1 + large_jump_factor)\n                # Reset streak counter after attempting a jump\n                no_improvement_streak = 0\n            else: # If not attempting a large jump, just reset streak\n                no_improvement_streak = 0\n\n        if np.random.rand() < explore_prob or perform_large_jump: # Global exploration or large jump\n            if perform_large_jump:\n                # For a large jump, sample from a wider range around the best point\n                half_span = max(1e-5, current_local_span / 2.0)\n                # Use Gaussian perturbation for local exploitation during a large jump\n                x_candidate = best_x + np.random.normal(0, half_span)\n                y_candidate = best_y + np.random.normal(0, half_span)\n            else: # Standard global exploration\n                x_candidate = np.random.uniform(bounds[0], bounds[1])\n                y_candidate = np.random.uniform(bounds[0], bounds[1])\n        else: # Local exploitation around the current best point\n            # Use Gaussian perturbation for local search, which is often more effective\n            # than uniform for fine-tuning around a point.\n            half_span = max(1e-5, current_local_span / 2.0)\n            x_candidate = np.random.normal(loc=best_x, scale=half_span)\n            y_candidate = np.random.normal(loc=best_y, scale=half_span)\n\n        # Ensure candidate points are within global bounds\n        x_candidate = np.clip(x_candidate, bounds[0], bounds[1])\n        y_candidate = np.clip(y_candidate, bounds[0], bounds[1])\n\n        value = evaluate_function(x_candidate, y_candidate)\n\n        if value < best_value:\n            best_value = value\n            best_x, best_y = x_candidate, y_candidate\n            no_improvement_streak = 0 # Reset streak on improvement\n        else:\n            no_improvement_streak += 1 # Increment streak if no improvement\n\n    return best_x, best_y, best_value\n\n\n# EVOLVE-BLOCK-END\n\n\n# This part remains fixed (not evolved)\ndef evaluate_function(x, y):\n    \"\"\"The complex function we're trying to minimize\"\"\"\n    return np.sin(x) * np.cos(y) + np.sin(x * y) + (x**2 + y**2) / 20\n\n\ndef run_search():\n    x, y, value = search_algorithm()\n    return x, y, value\n\n\nif __name__ == \"__main__\":\n    x, y, value = run_search()\n    print(f\"Found minimum at ({x}, {y}) with value {value}\")\n\n```\nKey features: Alternative approach to runs_successfully, Alternative approach to value_score\n\n## Inspiration Programs\n\nThese programs represent diverse approaches and creative solutions that may inspire new ideas:\n\n### Inspiration 1 (Score: 1.2148, Type: High-Performer)\n```python\n# EVOLVE-BLOCK-START\n\"\"\"Function minimization example for OpenEvolve\"\"\"\nimport numpy as np\n\n\ndef search_algorithm(iterations=1000, bounds=(-5, 5)):\n    \"\"\"\n    A simple random search algorithm that often gets stuck in local minima.\n\n    Args:\n        iterations: Number of iterations to run\n        bounds: Bounds for the search space (min, max)\n\n    Returns:\n        Tuple of (best_x, best_y, best_value)\n    \"\"\"\n    # Initialize with a random point\n    best_x = np.random.uniform(bounds[0], bounds[1])\n    best_y = np.random.uniform(bounds[0], bounds[1])\n    best_value = evaluate_function(best_x, best_y)\n\n    for _ in range(iterations):\n        # Simple random search\n        x = np.random.uniform(bounds[0], bounds[1])\n        y = np.random.uniform(bounds[0], bounds[1])\n        value = evaluate_function(x, y)\n\n        if value < best_value:\n            best_value = value\n            best_x, best_y = x, y\n\n    return best_x, best_y, best_value\n\n\n# EVOLVE-BLOCK-END\n\n\n# This part remains fixed (not evolved)\ndef evaluate_function(x, y):\n    \"\"\"The complex function we're trying to minimize\"\"\"\n    return np.sin(x) * np.cos(y) + np.sin(x * y) + (x**2 + y**2) / 20\n\n\ndef run_search():\n    x, y, value = search_algorithm()\n    return x, y, value\n\n\nif __name__ == \"__main__\":\n    x, y, value = run_search()\n    print(f\"Found minimum at ({x}, {y}) with value {value}\")\n\n```\nUnique approach: Excellent runs_successfully (1.000), Excellent value_score (0.942), Excellent combined_score (1.215)\n\n### Inspiration 2 (Score: 1.3629, Type: High-Performer)\n```python\n# EVOLVE-BLOCK-START\n\"\"\"Function minimization example for OpenEvolve\"\"\"\nimport numpy as np\n\n\ndef search_algorithm(iterations=1000, bounds=(-5, 5)):\n    \"\"\"\n    An improved random search that combines global exploration with local refinement.\n    Helps escape local minima by mixing global jumps and local perturbations.\n\n    Args:\n        iterations: Number of iterations to run\n        bounds: Bounds for the search space (min, max)\n\n    Returns:\n        Tuple of (best_x, best_y, best_value)\n    \"\"\"\n    low, high = bounds\n    \n    # Initialize with a random point\n    best_x = np.random.uniform(low, high)\n    best_y = np.random.uniform(low, high)\n    best_value = evaluate_function(best_x, best_y)\n\n    total_range = high - low\n    initial_perturbation_std = total_range / 5.0 \n\n    for i in range(iterations):\n        # Probability of global exploration, decreases over time\n        explore_prob = max(0.05, 1.0 - i / iterations) \n        \n        # Standard deviation for local search, shrinks over time\n        current_perturbation_std = max(1e-5, initial_perturbation_std * (1.0 - i / iterations))\n\n        if np.random.rand() < explore_prob: # Global exploration\n            x_candidate = np.random.uniform(low, high)\n            y_candidate = np.random.uniform(low, high)\n        else: # Local exploitation around the current best point\n            # Local refinement: perturb around the current best solution\n            x_candidate = np.clip(best_x + np.random.normal(0, current_perturbation_std), low, high)\n            y_candidate = np.clip(best_y + np.random.normal(0, current_perturbation_std), low, high)\n        \n        value = evaluate_function(x_candidate, y_candidate)\n\n        if value < best_value:\n            best_value = value\n            best_x, best_y = x_candidate, y_candidate\n\n    return best_x, best_y, best_value\n\n\n# EVOLVE-BLOCK-END\n\n\n# This part remains fixed (not evolved)\ndef evaluate_function(x, y):\n    \"\"\"The complex function we're trying to minimize\"\"\"\n    return np.sin(x) * np.cos(y) + np.sin(x * y) + (x**2 + y**2) / 20\n\n\ndef run_search():\n    x, y, value = search_algorithm()\n    return x, y, value\n\n\nif __name__ == \"__main__\":\n    x, y, value = run_search()\n    print(f\"Found minimum at ({x}, {y}) with value {value}\")\n\n```\nUnique approach: Modification: Change 1: Replace 16 lines with 17 lines, Excellent runs_successfully (1.000), Excellent value_score (0.990)\n\n### Inspiration 3 (Score: 1.3636, Type: High-Performer)\n```python\n# EVOLVE-BLOCK-START\n\"\"\"Function minimization example for OpenEvolve\"\"\"\nimport numpy as np\n\n\ndef search_algorithm(iterations=1000, bounds=(-5, 5)):\n    \"\"\"\n    A hybrid random search algorithm combining global exploration and local exploitation.\n    Aims to escape local minima by balancing large jumps with fine-tuned steps.\n\n    Args:\n        iterations: Number of iterations to run\n        bounds: Bounds for the search space (min, max)\n\n    Returns:\n        Tuple of (best_x, best_y, best_value)\n    \"\"\"\n    min_bound, max_bound = bounds\n\n    # Initialize with a random point\n    best_x = np.random.uniform(min_bound, max_bound)\n    best_y = np.random.uniform(min_bound, max_bound)\n    best_value = evaluate_function(best_x, best_y)\n\n    total_range = max_bound - min_bound # Calculate total range for scaling local search\n\n    for i in range(iterations): # Use iteration counter 'i' for dynamic parameter adjustment\n        # Gradually shift from global exploration to local exploitation over time\n        # `explore_prob` decreases, favoring local search towards the end\n        # A minimum of 0.05 ensures some global jumps throughout to escape tricky local minima\n        explore_prob = max(0.05, 1.0 - i / iterations)\n        \n        # `current_local_span` shrinks, allowing finer exploitation as the search progresses\n        # Starts at 20% of total_range and reduces to a very small value\n        current_local_span = total_range * (1.0 - i / iterations) * 0.2\n\n        if np.random.rand() < explore_prob:\n            # Global exploration: sample a new point uniformly across the entire bounds\n            x_candidate = np.random.uniform(min_bound, max_bound)\n            y_candidate = np.random.uniform(min_bound, max_bound)\n        else:\n            # Local exploitation: perturb the current best point within a shrinking uniform window\n            half_span = max(1e-5, current_local_span / 2.0) # Ensure span is not zero to avoid division by zero or static search\n            x_candidate = best_x + np.random.uniform(-half_span, half_span)\n            y_candidate = best_y + np.random.uniform(-half_span, half_span)\n\n            # Ensure candidate points are within global bounds\n            x_candidate = np.clip(x_candidate, min_bound, max_bound)\n            y_candidate = np.clip(y_candidate, min_bound, max_bound)\n\n        value_candidate = evaluate_function(x_candidate, y_candidate)\n\n        if value_candidate < best_value:\n            best_value = value_candidate\n            best_x, best_y = x_candidate, y_candidate\n\n    return best_x, best_y, best_value\n\n\n# EVOLVE-BLOCK-END\n\n\n# This part remains fixed (not evolved)\ndef evaluate_function(x, y):\n    \"\"\"The complex function we're trying to minimize\"\"\"\n    return np.sin(x) * np.cos(y) + np.sin(x * y) + (x**2 + y**2) / 20\n\n\ndef run_search():\n    x, y, value = search_algorithm()\n    return x, y, value\n\n\nif __name__ == \"__main__\":\n    x, y, value = run_search()\n    print(f\"Found minimum at ({x}, {y}) with value {value}\")\n\n```\nUnique approach: Modification: Change 1: Replace 25 lines with 31 lines, Excellent runs_successfully (1.000), Excellent value_score (0.990)\n\n# Current Program\n```python\n# EVOLVE-BLOCK-START\n\"\"\"Function minimization example for OpenEvolve\"\"\"\nimport numpy as np\n\n\ndef search_algorithm(iterations=1000, bounds=(-5, 5)):\n    \"\"\"\n    A simple random search algorithm that often gets stuck in local minima.\n\n    Args:\n        iterations: Number of iterations to run\n        bounds: Bounds for the search space (min, max)\n\n    Returns:\n        Tuple of (best_x, best_y, best_value)\n    \"\"\"\n    # Initialize with a random point\n    best_x = np.random.uniform(bounds[0], bounds[1])\n    best_y = np.random.uniform(bounds[0], bounds[1])\n    best_value = evaluate_function(best_x, best_y)\n\n    for _ in range(iterations):\n        # Simple random search\n        x = np.random.uniform(bounds[0], bounds[1])\n        y = np.random.uniform(bounds[0], bounds[1])\n        value = evaluate_function(x, y)\n\n        if value < best_value:\n            best_value = value\n            best_x, best_y = x, y\n\n    return best_x, best_y, best_value\n\n\n# EVOLVE-BLOCK-END\n\n\n# This part remains fixed (not evolved)\ndef evaluate_function(x, y):\n    \"\"\"The complex function we're trying to minimize\"\"\"\n    return np.sin(x) * np.cos(y) + np.sin(x * y) + (x**2 + y**2) / 20\n\n\ndef run_search():\n    x, y, value = search_algorithm()\n    return x, y, value\n\n\nif __name__ == \"__main__\":\n    x, y, value = run_search()\n    print(f\"Found minimum at ({x}, {y}) with value {value}\")\n\n```\n\n# Task\nSuggest improvements to the program that will improve its FITNESS SCORE.\nThe system maintains diversity across these dimensions: complexity, diversity\nDifferent solutions with similar fitness but different features are valuable.\n\nYou MUST use the exact SEARCH/REPLACE diff format shown below to indicate changes:\n\n<<<<<<< SEARCH\n# Original code to find and replace (must match exactly)\n=======\n# New replacement code\n>>>>>>> REPLACE\n\nExample of valid diff format:\n<<<<<<< SEARCH\nfor i in range(m):\n    for j in range(p):\n        for k in range(n):\n            C[i, j] += A[i, k] * B[k, j]\n=======\n# Reorder loops for better memory access pattern\nfor i in range(m):\n    for k in range(n):\n        for j in range(p):\n            C[i, j] += A[i, k] * B[k, j]\n>>>>>>> REPLACE\n\nYou can suggest multiple changes. Each SEARCH section must exactly match code in the current program.\nBe thoughtful about your changes and explain your reasoning thoroughly.\n\nIMPORTANT: Do not rewrite the entire program - focus on targeted improvements.", "responses": ["The current program uses a very basic random search. While it explores the space, it has a high chance of getting stuck in local minima, especially for a complex function like the one provided. The \"Top Performing Programs\" demonstrate that introducing a hybrid approach, which balances global exploration with local exploitation, significantly improves performance.\n\nSpecifically, Program 1 and Program 2 show effective strategies:\n- **Program 1**: Introduces an `explore_prob` that decays over time, and a `temperature` parameter that controls the `current_local_step_size`. This is a sophisticated approach that allows for larger steps when \"hot\" (early in the search) to escape local minima, and smaller steps when \"cold\" (later in the search) for fine-tuning.\n- **Program 2**: Uses a similar `explore_prob` decay but employs a `current_local_span` for local exploitation, using `np.random.uniform` for sampling around the best point.\n\nThe goal is to enhance the `search_algorithm` to be more robust in finding the global minimum by incorporating strategies that prevent it from getting trapped in local minima.\n\nHere are a few targeted improvements:\n\n### Improvement 1: Implement a decaying exploration probability and adaptive local search step size.\n\nThis approach will gradually shift from broad exploration to focused exploitation. The local search step size will also adapt, allowing for larger steps to escape local minima when the search is \"hot\" (early) and smaller, more precise steps when the search is \"cold\" (late). This is inspired by the strategies in the \"Top Performing Programs\".\n\n<<<<<<< SEARCH\ndef search_algorithm(iterations=1000, bounds=(-5, 5)):\n    \"\"\"\n    A simple random search algorithm that often gets stuck in local minima.\n\n    Args:\n        iterations: Number of iterations to run\n        bounds: Bounds for the search space (min, max)\n\n    Returns:\n        Tuple of (best_x, best_y, best_value)\n    \"\"\"\n    # Initialize with a random point\n    best_x = np.random.uniform(bounds[0], bounds[1])\n    best_y = np.random.uniform(bounds[0], bounds[1])\n    best_value = evaluate_function(best_x, best_y)\n\n    for _ in range(iterations):\n        # Simple random search\n        x = np.random.uniform(bounds[0], bounds[1])\n        y = np.random.uniform(bounds[0], bounds[1])\n        value = evaluate_function(x, y)\n\n        if value < best_value:\n            best_value = value\n            best_x, best_y = x, y\n\n    return best_x, best_y, best_value\n=======\ndef search_algorithm(iterations=1000, bounds=(-5, 5)):\n    \"\"\"\n    An improved search algorithm that combines global exploration with adaptive local exploitation.\n    It aims to escape local minima by gradually reducing exploration probability and\n    controlling the local search step size based on an adaptive \"temperature\".\n\n    Args:\n        iterations: Number of iterations to run\n        bounds: Bounds for the search space (min, max)\n\n    Returns:\n        Tuple of (best_x, best_y, best_value)\n    \"\"\"\n    low, high = bounds\n    best_x = np.random.uniform(low, high)\n    best_y = np.random.uniform(low, high)\n    best_value = evaluate_function(best_x, best_y)\n\n    total_range = high - low\n\n    # Parameters for adaptive search\n    # `explore_prob` decreases over time, transitioning from global to local search.\n    # Initial exploration probability is higher, decaying to a minimum to ensure occasional global jumps.\n    explore_prob_initial = 0.6  # Start with a significant exploration probability\n    explore_prob_final = 0.05   # Minimum exploration probability to avoid getting completely stuck\n    # Using a non-linear decay (e.g., quadratic) can allow for more exploration early on\n    # and a faster transition to local search.\n    decay_exponent = 2.0\n\n    # Temperature-like parameter to control local search step size.\n    # It starts high and cools down, allowing larger steps initially and finer steps later.\n    # This helps escape local minima by allowing larger jumps when \"hot\" (early)\n    # and fine-tuning when \"cold\" (late).\n    initial_temperature = 1.0 # A heuristic starting temperature\n    cooling_rate = 0.99       # A slower cooling rate generally allows for better exploration\n    # Ensure temperature doesn't become excessively small, leading to no movement.\n    min_temperature = 1e-5\n\n    for i in range(iterations):\n        # Calculate current exploration probability using a power decay\n        explore_prob = max(explore_prob_final, explore_prob_initial - (explore_prob_initial - explore_prob_final) * (i / iterations)**decay_exponent)\n\n        # Calculate current temperature, ensuring it doesn't drop below a minimum\n        temperature = initial_temperature * (cooling_rate ** i)\n        temperature = max(min_temperature, temperature)\n\n        # Local search step size scales with temperature and a fraction of the total range.\n        # The maximum step size is a fraction (e.g., 15%) of the total range.\n        max_step_fraction = 0.15\n        # Scale step size by the current temperature relative to the initial temperature.\n        # This makes steps larger when temperature is high and smaller when it's low.\n        current_local_step_size = total_range * max_step_fraction * (temperature / initial_temperature)\n\n        # Ensure a minimum step size to avoid getting stuck if temperature is very low\n        min_local_step_size = 1e-4\n        current_local_step_size = max(min_local_step_size, current_local_step_size)\n\n        if np.random.rand() < explore_prob: # Global exploration\n            x_candidate = np.random.uniform(low, high)\n            y_candidate = np.random.uniform(low, high)\n        else: # Local exploitation around the current best point\n            # Use Gaussian perturbation with the adaptive step size.\n            # Gaussian is generally preferred for local refinement around a point.\n            x_candidate = best_x + np.random.normal(0, current_local_step_size)\n            y_candidate = best_y + np.random.normal(0, current_local_step_size)\n\n            # Ensure candidate points are within global bounds\n            x_candidate = np.clip(x_candidate, low, high)\n            y_candidate = np.clip(y_candidate, low, high)\n\n        value_candidate = evaluate_function(x_candidate, y_candidate)\n\n        if value_candidate < best_value:\n            best_value = value_candidate\n            best_x, best_y = x_candidate, y_candidate\n\n    return best_x, best_y, best_value\n>>>>>>> REPLACE\n\n### Improvement 2: Introduce a mechanism to periodically perform larger jumps or restarts.\n\nEven with adaptive step sizes, the algorithm might still get trapped if it converges too quickly to a poor local minimum. Introducing a mechanism to detect stagnation and trigger a \"reset\" or a larger jump can help. This is inspired by strategies in more advanced optimization algorithms like simulated annealing or evolutionary computation, where such mechanisms are used to escape local optima.\n\n<<<<<<< SEARCH\n        if value < best_value:\n            best_value = value\n            best_x, best_y = x, y\n\n    return best_x, best_y, best_value\n=======\n        if value_candidate < best_value:\n            best_value = value_candidate\n            best_x, best_y = x_candidate, y_candidate\n            # Reset streak counter upon finding a better solution\n            no_improvement_streak = 0\n        else:\n            no_improvement_streak += 1 # Increment streak if no improvement\n\n        # If the algorithm has been stuck for a while, trigger a larger jump or reset\n        if no_improvement_streak > no_improvement_streak_limit:\n            # Option 1: Perform a large random jump (e.g., 20% of the search space)\n            # This is a more aggressive way to explore new regions.\n            jump_size = total_range * 0.2\n            x_candidate = best_x + np.random.normal(0, jump_size)\n            y_candidate = best_y + np.random.normal(0, jump_size)\n            x_candidate = np.clip(x_candidate, low, high)\n            y_candidate = np.clip(y_candidate, low, high)\n\n            value_candidate = evaluate_function(x_candidate, y_candidate)\n            if value_candidate < best_value:\n                best_value = value_candidate\n                best_x, best_y = x_candidate, y_candidate\n            \n            # Reset the streak counter after the large jump attempt\n            no_improvement_streak = 0\n            \n            # Alternative: Reset to a completely new random point (less common in this context\n            # as we want to leverage previous findings, but an option for extreme cases)\n            # best_x = np.random.uniform(low, high)\n            # best_y = np.random.uniform(low, high)\n            # best_value = evaluate_function(best_x, best_y)\n            # no_improvement_streak = 0\n\n\n    return best_x, best_y, best_value\n>>>>>>> REPLACE\n\n### Reasoning:\n\nThe current program uses a simple random search. For a function with multiple local minima, this is highly likely to converge to a local optimum rather than the global one.\n\n**Improvement 1** addresses this by:\n1.  **Decaying Exploration Probability (`explore_prob`):** Starts with a high probability of sampling randomly across the entire search space (global exploration) and gradually reduces it. This ensures that early in the search, the algorithm explores broadly to find promising regions.\n2.  **Adaptive Local Search Step Size (`current_local_step_size`):** This is controlled by a `temperature` parameter, similar to simulated annealing.\n    *   When the \"temperature\" is high (early iterations), the step size is larger, allowing the search to make bigger moves and potentially jump out of shallow local minima.\n    *   As the \"temperature\" cools down (later iterations), the step size becomes smaller, enabling the algorithm to fine-tune its search around promising areas and converge more precisely.\n3.  **Non-linear Decay:** Using a `decay_exponent` for `explore_prob` allows for a more pronounced exploration phase at the beginning, which is beneficial for complex landscapes.\n4.  **Gaussian Perturbation:** Using `np.random.normal` for local exploitation is generally more effective than uniform sampling for refining a solution around a point.\n\n**Improvement 2** adds a crucial mechanism for escaping plateaus or persistent local minima:\n1.  **Stagnation Detection (`no_improvement_streak`):** The algorithm tracks how many consecutive iterations have passed without finding a better solution.\n2.  **Triggering a Large Jump:** If the `no_improvement_streak` exceeds a predefined limit (`no_improvement_streak_limit`), the algorithm performs a significantly larger perturbation (e.g., 20% of the total range). This acts as a \"kick\" to move the search out of a potentially poor region.\n3.  **Resetting Streak:** The streak counter is reset whenever an improvement is found or after a large jump attempt, ensuring the mechanism is responsive.\n\nBy combining these two improvements, the `search_algorithm` becomes much more robust. It can explore effectively, exploit promising areas efficiently, and has a mechanism to actively escape regions where it might otherwise get stuck. This hybrid approach is a standard and effective strategy for tackling complex optimization problems with many local minima.\n\nThe specific parameters (e.g., `explore_prob_initial`, `decay_exponent`, `cooling_rate`, `max_step_fraction`, `no_improvement_streak_limit`, `jump_size`) are chosen based on common practices and the need to balance exploration and exploitation for a function of this complexity. They can be further fine-tuned if needed, but these initial values provide a strong starting point."]}}, "artifacts_json": "{\"stage1_result\": \"Found solution at x=-1.7041, y=0.6775 with value=-1.5187\", \"distance_to_global\": \"0.0005\", \"solution_quality\": \"Distance < 0.5: Very close\", \"convergence_info\": \"Converged in 10 trials with 10 successes\", \"best_position\": \"Final position: x=-1.7041, y=0.6775\", \"average_distance_to_global\": \"0.7984\", \"search_efficiency\": \"Success rate: 100.00%\"}", "artifact_dir": null}