{"id": "c433bb7f-fd64-4eea-bd31-d7b97f93d4ea", "code": "# EVOLVE-BLOCK-START\n\"\"\"Function minimization example for OpenEvolve\"\"\"\nimport numpy as np\n\n\ndef search_algorithm(iterations=1000, bounds=(-5, 5)):\n    \"\"\"\n    An improved random search that combines global exploration with local refinement.\n    Helps escape local minima by mixing global jumps and local perturbations.\n\n    Args:\n        iterations: Number of iterations to run\n        bounds: Bounds for the search space (min, max)\n\n    Returns:\n        Tuple of (best_x, best_y, best_value)\n    \"\"\"\n    low, high = bounds\n    \n    # Initialize with a random point\n    best_x = np.random.uniform(low, high)\n    best_y = np.random.uniform(low, high)\n    best_value = evaluate_function(best_x, best_y)\n\n    # Parameters for adaptive search\n    # Introduce adaptive exploration probability and local step size\n    # The exploration probability decreases over time, allowing more local exploitation\n    # The local step size also decreases, enabling finer adjustments as we get closer to a minimum\n    \n    # Using a non-linear decay (e.g., power of 1.5) for faster exploration early on\n    decay_exponent = 1.5\n    explore_prob_initial = 0.5  # Start with a decent chance of global exploration\n    explore_prob_final = 0.05   # Minimum exploration probability\n\n    # Initial local search span (e.g., 20% of total range)\n    initial_local_span_fraction = 0.2\n    min_local_span = 1e-5 # Minimum step size to avoid getting stuck\n\n    for i in range(iterations):\n        # Calculate current exploration probability with non-linear decay\n        # This ensures more exploration at the start and gradually shifts to exploitation\n        explore_prob = max(explore_prob_final, \n                           explore_prob_initial - (explore_prob_initial - explore_prob_final) * (i / iterations)**decay_exponent)\n\n        # Calculate current local search span, also with non-linear decay\n        # The span shrinks, allowing for finer tuning as iterations increase\n        current_local_span = (high - low) * (1.0 - (i / iterations)**decay_exponent) * initial_local_span_fraction\n        current_local_span = max(min_local_span, current_local_span)\n\n        if np.random.rand() < explore_prob: # Global exploration\n            x_candidate = np.random.uniform(low, high)\n            y_candidate = np.random.uniform(low, high)\n        else: # Local exploitation around the current best point\n            # Use Gaussian perturbation for local search, which is often more effective\n            # than uniform for fine-tuning around a point.\n            half_span = current_local_span / 2.0\n            x_candidate = best_x + np.random.normal(0, half_span)\n            y_candidate = best_y + np.random.normal(0, half_span)\n\n            # Ensure candidate points are within global bounds\n            x_candidate = np.clip(x_candidate, low, high)\n            y_candidate = np.clip(y_candidate, low, high)\n\n        value = evaluate_function(x_candidate, y_candidate)\n\n        if value < best_value:\n            best_value = value\n            best_x, best_y = x_candidate, y_candidate\n\n    return best_x, best_y, best_value\n\n\n# EVOLVE-BLOCK-END\n\n\n# This part remains fixed (not evolved)\ndef evaluate_function(x, y):\n    \"\"\"The complex function we're trying to minimize\"\"\"\n    return np.sin(x) * np.cos(y) + np.sin(x * y) + (x**2 + y**2) / 20\n\n\ndef run_search():\n    x, y, value = search_algorithm()\n    return x, y, value\n\n\nif __name__ == \"__main__\":\n    x, y, value = run_search()\n    print(f\"Found minimum at ({x}, {y}) with value {value}\")\n", "language": "python", "parent_id": "c116a220-58d8-4783-bc73-5ec0d46c1a93", "generation": 2, "timestamp": 1759151806.9892104, "iteration_found": 35, "metrics": {"runs_successfully": 1.0, "value_score": 0.9899586655863327, "distance_score": 0.7135467693942801, "combined_score": 1.3635650454171755, "reliability_score": 1.0}, "complexity": 0.0, "diversity": 0.0, "metadata": {"changes": "Change 1: Replace 24 lines with 46 lines", "parent_metrics": {"runs_successfully": 1.0, "value_score": 0.9962051508149997, "distance_score": 0.9486445977010102, "combined_score": 1.4740439320767043, "reliability_score": 1.0}, "island": 0}, "prompts": {"diff_user": {"system": "You are an expert programmer specializing in optimization algorithms. Your task is to improve a function minimization algorithm to find the global minimum of a complex function with many local minima. The function is f(x, y) = sin(x) * cos(y) + sin(x*y) + (x^2 + y^2)/20. Focus on improving the search_algorithm function to reliably find the global minimum, escaping local minima that might trap simple algorithms.", "user": "# Current Program Information\n- Fitness: 1.4740\n- Feature coordinates: No feature coordinates\n- Focus areas: - Fitness declined: 1.4987 \u00e2\u2020\u2019 1.4740. Consider revising recent changes.\n- Consider simplifying - code length exceeds 500 characters\n\n## Last Execution Output\n\n### stage1_result\n```\nFound solution at x=-1.5810, y=0.7541 with value=-1.5046\n```\n\n### distance_to_global\n```\n0.1447\n```\n\n### solution_quality\n```\nDistance < 0.5: Very close\n```\n\n### convergence_info\n```\nConverged in 10 trials with 10 successes\n```\n\n### best_position\n```\nFinal position: x=-1.7026, y=0.6661\n```\n\n### average_distance_to_global\n```\n0.0541\n```\n\n### search_efficiency\n```\nSuccess rate: 100.00%\n```\n\n# Program Evolution History\n## Previous Attempts\n\n### Attempt 3\n- Changes: Change 1: Replace 27 lines with 67 lines\n- Metrics: runs_successfully: 1.0000, value_score: 0.9997, distance_score: 0.9976, combined_score: 1.4987, reliability_score: 1.0000\n- Outcome: Mixed results\n\n### Attempt 2\n- Changes: Change 1: Replace 16 lines with 35 lines\n- Metrics: runs_successfully: 1.0000, value_score: 0.9997, distance_score: 0.9980, combined_score: 1.4989, reliability_score: 1.0000\n- Outcome: Mixed results\n\n### Attempt 1\n- Changes: Change 1: Replace 23 lines with 39 lines\nChange 2: Replace 3 lines with 12 lines\n- Metrics: runs_successfully: 1.0000, value_score: 0.9997, distance_score: 0.9993, combined_score: 1.4995, reliability_score: 1.0000\n- Outcome: Mixed results\n\n## Top Performing Programs\n\n### Program 1 (Score: 1.4995)\n```python\n# EVOLVE-BLOCK-START\n\"\"\"Function minimization example for OpenEvolve\"\"\"\nimport numpy as np\n\n\ndef search_algorithm(iterations=1000, bounds=(-5, 5)):\n    \"\"\"\n    A simple random search algorithm that often gets stuck in local minima.\n\n    Args:\n        iterations: Number of iterations to run\n        bounds: Bounds for the search space (min, max)\n\n    Returns:\n        Tuple of (best_x, best_y, best_value)\n    \"\"\"\n    # Initialize with a random point\n    best_x = np.random.uniform(bounds[0], bounds[1])\n    best_y = np.random.uniform(bounds[0], bounds[1])\n    best_value = evaluate_function(best_x, best_y)\n\n    total_range = bounds[1] - bounds[0]\n\n    for i in range(iterations):\n        # Gradually shift from global exploration to local exploitation\n        # `explore_prob` decreases over time, `current_local_span` shrinks\n        # Parameters for adaptive search\n        # Start with a higher exploration probability and decay it more gradually\n        # Using a linear decay for exploration probability for simplicity and predictability\n        explore_prob_initial = 0.5  # Higher initial exploration\n        explore_prob_final = 0.05   # Minimum exploration probability\n        explore_prob = explore_prob_initial - (explore_prob_initial - explore_prob_final) * (i / iterations)\n\n        # Temperature-like parameter to control local search step size.\n        # It starts high and cools down, allowing larger steps initially and finer steps later.\n        # This helps escape local minima by allowing larger jumps when \"hot\" (early)\n        # and fine-tuning when \"cold\" (late).\n        initial_temperature = 1.0 # A heuristic starting temperature\n        cooling_rate = 0.995      # Slower cooling rate for better exploration\n        temperature = initial_temperature * (cooling_rate ** i)\n        # Ensure temperature doesn't become too small to cause issues with acceptance probability\n        if temperature < 1e-6:\n            temperature = 1e-6\n\n        # Local search step size scales with temperature and a fraction of the total range.\n        # The maximum step size is a fraction (e.g., 15%) of the total range.\n        max_step_fraction = 0.15\n        # Scale step size by the current temperature relative to the initial temperature.\n        # This makes steps larger when temperature is high and smaller when it's low.\n        current_local_step_size = total_range * max_step_fraction * (temperature / initial_temperature)\n        # Ensure a minimum step size to avoid getting stuck if temperature is very low\n        min_local_step_size = 1e-4\n        current_local_step_size = max(min_local_step_size, current_local_step_size)\n\n        if np.random.rand() < explore_prob: # Global exploration\n            x_candidate = np.random.uniform(bounds[0], bounds[1])\n            y_candidate = np.random.uniform(bounds[0], bounds[1])\n        else: # Local exploitation around the current best point\n            # Use Gaussian perturbation with the adaptive step size\n            x_candidate = best_x + np.random.normal(0, current_local_step_size)\n            y_candidate = best_y + np.random.normal(0, current_local_step_size)\n\n            # Ensure candidate points are within global bounds\n            x_candidate = np.clip(x_candidate, bounds[0], bounds[1])\n            y_candidate = np.clip(y_candidate, bounds[0], bounds[1])\n\n        value = evaluate_function(x_candidate, y_candidate)\n\n        if value < best_value:\n            best_value = value\n            best_x, best_y = x_candidate, y_candidate\n\n    return best_x, best_y, best_value\n\n\n# EVOLVE-BLOCK-END\n\n\n# This part remains fixed (not evolved)\ndef evaluate_function(x, y):\n    \"\"\"The complex function we're trying to minimize\"\"\"\n    return np.sin(x) * np.cos(y) + np.sin(x * y) + (x**2 + y**2) / 20\n\n\ndef run_search(num_runs=10): # Add a parameter for the number of runs\n    best_overall_x, best_overall_y, best_overall_value = None, None, float('inf')\n\n    for run in range(num_runs):\n        x, y, value = search_algorithm()\n        if value < best_overall_value:\n            best_overall_value = value\n            best_overall_x, best_overall_y = x, y\n        # Optional: print progress for each run\n        # print(f\"Run {run+1}/{num_runs}: Found {value} at ({x}, {y})\")\n\n    return best_overall_x, best_overall_y, best_overall_value\n\n\nif __name__ == \"__main__\":\n    x, y, value = run_search()\n    print(f\"Found minimum at ({x}, {y}) with value {value}\")\n\n```\nKey features: Performs well on runs_successfully (1.0000), Performs well on value_score (0.9997), Performs well on distance_score (0.9993), Performs well on combined_score (1.4995), Performs well on reliability_score (1.0000)\n\n### Program 2 (Score: 1.4989)\n```python\n# EVOLVE-BLOCK-START\n\"\"\"Function minimization example for OpenEvolve\"\"\"\nimport numpy as np\n\n\ndef search_algorithm(iterations=1000, bounds=(-5, 5)):\n    \"\"\"\n    A simple random search algorithm that often gets stuck in local minima.\n\n    Args:\n        iterations: Number of iterations to run\n        bounds: Bounds for the search space (min, max)\n\n    Returns:\n        Tuple of (best_x, best_y, best_value)\n    \"\"\"\n    # Initialize with a random point\n    best_x = np.random.uniform(bounds[0], bounds[1])\n    best_y = np.random.uniform(bounds[0], bounds[1])\n    best_value = evaluate_function(best_x, best_y)\n\n    total_range = bounds[1] - bounds[0]\n\n    for i in range(iterations):\n        # Gradually shift from global exploration to local exploitation\n        # `explore_prob` decreases over time, `current_local_span` shrinks\n        # Minimum `explore_prob` of 0.05 ensures occasional global jumps to escape local minima\n        explore_prob = max(0.05, 1.0 - i / iterations)\n        # Local search span shrinks from 20% of total_range down to a very small value\n        current_local_span = total_range * (1.0 - i / iterations) * 0.2\n\n        if np.random.rand() < explore_prob: # Global exploration\n            x_candidate = np.random.uniform(bounds[0], bounds[1])\n            y_candidate = np.random.uniform(bounds[0], bounds[1])\n        else: # Local exploitation around the current best point\n            # Ensure local_span is not zero for sampling\n            half_span = max(1e-5, current_local_span / 2.0)\n            x_candidate = best_x + np.random.uniform(-half_span, half_span)\n            y_candidate = best_y + np.random.uniform(-half_span, half_span)\n\n            # Ensure candidate points are within global bounds\n            x_candidate = np.clip(x_candidate, bounds[0], bounds[1])\n            y_candidate = np.clip(y_candidate, bounds[0], bounds[1])\n\n        value = evaluate_function(x_candidate, y_candidate)\n\n        if value < best_value:\n            best_value = value\n            best_x, best_y = x_candidate, y_candidate\n\n    return best_x, best_y, best_value\n\n\n# EVOLVE-BLOCK-END\n\n\n# This part remains fixed (not evolved)\ndef evaluate_function(x, y):\n    \"\"\"The complex function we're trying to minimize\"\"\"\n    return np.sin(x) * np.cos(y) + np.sin(x * y) + (x**2 + y**2) / 20\n\n\ndef run_search():\n    x, y, value = search_algorithm()\n    return x, y, value\n\n\nif __name__ == \"__main__\":\n    x, y, value = run_search()\n    print(f\"Found minimum at ({x}, {y}) with value {value}\")\n\n```\nKey features: Performs well on runs_successfully (1.0000), Performs well on value_score (0.9997), Performs well on distance_score (0.9980), Performs well on combined_score (1.4989), Performs well on reliability_score (1.0000)\n\n### Program 3 (Score: 1.4987)\n```python\n# EVOLVE-BLOCK-START\n\"\"\"Function minimization example for OpenEvolve\"\"\"\nimport numpy as np\n\n\ndef search_algorithm(iterations=1000, bounds=(-5, 5)):\n    \"\"\"\n    A simple random search algorithm that often gets stuck in local minima.\n\n    Args:\n        iterations: Number of iterations to run\n        bounds: Bounds for the search space (min, max)\n\n    Returns:\n        Tuple of (best_x, best_y, best_value)\n    \"\"\"\n    # Initialize with a random point\n    best_x = np.random.uniform(bounds[0], bounds[1])\n    best_y = np.random.uniform(bounds[0], bounds[1])\n    best_value = evaluate_function(best_x, best_y)\n\n    total_range = bounds[1] - bounds[0]\n\n    for i in range(iterations):\n        # Gradually shift from global exploration to local exploitation\n        # `explore_prob` decreases over time, `current_local_span` shrinks\n        # Minimum `explore_prob` of 0.05 ensures occasional global jumps to escape local minima\n        explore_prob = max(0.05, 1.0 - i / iterations)\n        # Local search span shrinks from 20% of total_range down to a very small value\n        current_local_span = total_range * (1.0 - i / iterations) * 0.2\n\n        if np.random.rand() < explore_prob: # Global exploration\n            x_candidate = np.random.uniform(bounds[0], bounds[1])\n            y_candidate = np.random.uniform(bounds[0], bounds[1])\n        else: # Local exploitation around the current best point\n            # Ensure local_span is not zero for sampling\n            half_span = max(1e-5, current_local_span / 2.0)\n            x_candidate = best_x + np.random.uniform(-half_span, half_span)\n            y_candidate = best_y + np.random.uniform(-half_span, half_span)\n\n            # Ensure candidate points are within global bounds\n            x_candidate = np.clip(x_candidate, bounds[0], bounds[1])\n            y_candidate = np.clip(y_candidate, bounds[0], bounds[1])\n\n        value = evaluate_function(x_candidate, y_candidate)\n\n        if value < best_value:\n            best_value = value\n            best_x, best_y = x_candidate, y_candidate\n\n    return best_x, best_y, best_value\n\n\n# EVOLVE-BLOCK-END\n\n\n# This part remains fixed (not evolved)\ndef evaluate_function(x, y):\n    \"\"\"The complex function we're trying to minimize\"\"\"\n    return np.sin(x) * np.cos(y) + np.sin(x * y) + (x**2 + y**2) / 20\n\n\ndef run_search():\n    x, y, value = search_algorithm()\n    return x, y, value\n\n\nif __name__ == \"__main__\":\n    x, y, value = run_search()\n    print(f\"Found minimum at ({x}, {y}) with value {value}\")\n\n```\nKey features: Performs well on runs_successfully (1.0000), Performs well on value_score (0.9997), Performs well on distance_score (0.9976), Performs well on combined_score (1.4987), Performs well on reliability_score (1.0000)\n\n\n\n## Diverse Programs\n\n### Program D1 (Score: 1.4970)\n```python\n# EVOLVE-BLOCK-START\n\"\"\"Function minimization example for OpenEvolve\"\"\"\nimport numpy as np\n\n\ndef search_algorithm(iterations=1000, bounds=(-5, 5)):\n    \"\"\"\n    A simple random search algorithm that often gets stuck in local minima.\n\n    Args:\n        iterations: Number of iterations to run\n        bounds: Bounds for the search space (min, max)\n\n    Returns:\n        Tuple of (best_x, best_y, best_value)\n    \"\"\"\n    # Initialize with a random point\n    best_x = np.random.uniform(bounds[0], bounds[1])\n    best_y = np.random.uniform(bounds[0], bounds[1])\n    best_value = evaluate_function(best_x, best_y)\n\n    total_range = bounds[1] - bounds[0]\n    initial_local_std = total_range / 5.0 # Initial standard deviation for local search\n\n    # Parameters for escaping local minima\n    no_improvement_streak_limit = int(iterations * 0.05) # Trigger reset if no improvement for 5% of iterations\n    large_jump_factor = 0.5 # Factor to increase local span for a large jump\n\n    no_improvement_streak = 0\n\n    for i in range(iterations):\n        # Adaptive exploration probability and local span with non-linear decay\n        # Using a power decay for exploration probability to allow more exploration early on\n        decay_exponent = 1.5\n        explore_prob = max(0.05, 1.0 - (i / iterations)**decay_exponent)\n\n        # Local search span shrinks, but can be temporarily increased\n        # Initial span is 20% of total range, shrinks towards a minimum.\n        # Use the same decay for local span\n        base_local_span = total_range * (1.0 - (i / iterations)**decay_exponent) * 0.2\n        current_local_span = max(1e-5, base_local_span)\n\n        perform_large_jump = False\n        if no_improvement_streak >= no_improvement_streak_limit:\n            # If stuck, increase probability of a larger jump or global exploration\n            if np.random.rand() < 0.7: # 70% chance to attempt a large jump\n                perform_large_jump = True\n                # Temporarily increase the span for a large jump\n                current_local_span *= (1 + large_jump_factor)\n                # Reset streak counter after attempting a jump\n                no_improvement_streak = 0\n            else: # If not attempting a large jump, just reset streak\n                no_improvement_streak = 0\n\n        if np.random.rand() < explore_prob or perform_large_jump: # Global exploration or large jump\n            if perform_large_jump:\n                # For a large jump, sample from a wider range around the best point\n                half_span = max(1e-5, current_local_span / 2.0)\n                # Use Gaussian perturbation for local exploitation during a large jump\n                x_candidate = best_x + np.random.normal(0, half_span)\n                y_candidate = best_y + np.random.normal(0, half_span)\n            else: # Standard global exploration\n                x_candidate = np.random.uniform(bounds[0], bounds[1])\n                y_candidate = np.random.uniform(bounds[0], bounds[1])\n        else: # Local exploitation around the current best point\n            # Use Gaussian perturbation for local search, which is often more effective\n            # than uniform for fine-tuning around a point.\n            half_span = max(1e-5, current_local_span / 2.0)\n            x_candidate = np.random.normal(loc=best_x, scale=half_span)\n            y_candidate = np.random.normal(loc=best_y, scale=half_span)\n\n        # Ensure candidate points are within global bounds\n        x_candidate = np.clip(x_candidate, bounds[0], bounds[1])\n        y_candidate = np.clip(y_candidate, bounds[0], bounds[1])\n\n        value = evaluate_function(x_candidate, y_candidate)\n\n        if value < best_value:\n            best_value = value\n            best_x, best_y = x_candidate, y_candidate\n            no_improvement_streak = 0 # Reset streak on improvement\n        else:\n            no_improvement_streak += 1 # Increment streak if no improvement\n\n    return best_x, best_y, best_value\n\n\n# EVOLVE-BLOCK-END\n\n\n# This part remains fixed (not evolved)\ndef evaluate_function(x, y):\n    \"\"\"The complex function we're trying to minimize\"\"\"\n    return np.sin(x) * np.cos(y) + np.sin(x * y) + (x**2 + y**2) / 20\n\n\ndef run_search():\n    x, y, value = search_algorithm()\n    return x, y, value\n\n\nif __name__ == \"__main__\":\n    x, y, value = run_search()\n    print(f\"Found minimum at ({x}, {y}) with value {value}\")\n\n```\nKey features: Alternative approach to runs_successfully, Alternative approach to value_score\n\n### Program D2 (Score: 1.4979)\n```python\n# EVOLVE-BLOCK-START\n\"\"\"Function minimization example for OpenEvolve\"\"\"\nimport numpy as np\n\n\ndef search_algorithm(iterations=1000, bounds=(-5, 5)):\n    \"\"\"\n    A simple random search algorithm that often gets stuck in local minima.\n\n    Args:\n        iterations: Number of iterations to run\n        bounds: Bounds for the search space (min, max)\n\n    Returns:\n        Tuple of (best_x, best_y, best_value)\n    \"\"\"\n    # Initialize with a random point\n    best_x = np.random.uniform(bounds[0], bounds[1])\n    best_y = np.random.uniform(bounds[0], bounds[1])\n    best_value = evaluate_function(best_x, best_y)\n\n    total_range = bounds[1] - bounds[0]\n\n    for i in range(iterations):\n        # Gradually shift from global exploration to local exploitation\n        # `explore_prob` decreases over time, `current_local_span` shrinks\n        # Minimum `explore_prob` of 0.05 ensures occasional global jumps to escape local minima\n        # Start with a higher exploration probability and decay it more rapidly initially\n        explore_prob = max(0.05, 1.0 - (i / iterations)**1.5) \n\n        # Local search span shrinks from 20% of total_range down to a very small value\n        # This span also decays, ensuring finer local searches as we progress.\n        # The decay rate is controlled by (1.0 - i / iterations)**1.5 to mirror explore_prob\n        current_local_span = total_range * (1.0 - (i / iterations)**1.5) * 0.2\n\n        if np.random.rand() < explore_prob: # Global exploration\n            x_candidate = np.random.uniform(bounds[0], bounds[1])\n            y_candidate = np.random.uniform(bounds[0], bounds[1])\n        else: # Local exploitation around the current best point\n            # Ensure local_span is not zero for sampling\n            half_span = max(1e-5, current_local_span / 2.0)\n            # Use Gaussian perturbation for local search, which is often more effective\n            # than uniform for fine-tuning around a point.\n            x_candidate = best_x + np.random.normal(0, half_span)\n            y_candidate = best_y + np.random.normal(0, half_span)\n\n            # Ensure candidate points are within global bounds\n            x_candidate = np.clip(x_candidate, bounds[0], bounds[1])\n            y_candidate = np.clip(y_candidate, bounds[0], bounds[1])\n\n        value = evaluate_function(x_candidate, y_candidate)\n\n        if value < best_value:\n            best_value = value\n            best_x, best_y = x_candidate, y_candidate\n\n    return best_x, best_y, best_value\n\n\n# EVOLVE-BLOCK-END\n\n\n# This part remains fixed (not evolved)\ndef evaluate_function(x, y):\n    \"\"\"The complex function we're trying to minimize\"\"\"\n    return np.sin(x) * np.cos(y) + np.sin(x * y) + (x**2 + y**2) / 20\n\n\ndef run_search():\n    x, y, value = search_algorithm()\n    return x, y, value\n\n\nif __name__ == \"__main__\":\n    x, y, value = run_search()\n    print(f\"Found minimum at ({x}, {y}) with value {value}\")\n\n```\nKey features: Alternative approach to runs_successfully, Alternative approach to value_score\n\n## Inspiration Programs\n\nThese programs represent diverse approaches and creative solutions that may inspire new ideas:\n\n### Inspiration 1 (Score: 0.0000, Type: Exploratory)\n```python\n# EVOLVE-BLOCK-START\n\"\"\"Function minimization example for OpenEvolve\"\"\"\nimport numpy as np\n\n\ndef search_algorithm(iterations=1000, bounds=(-5, 5)):\n    \"\"\"\n    A simple random search algorithm that often gets stuck in local minima.\n\n    Args:\n        iterations: Number of iterations to run\n        bounds: Bounds for the search space (min, max)\n\n    Returns:\n        Tuple of (best_x, best_y, best_value)\n    \"\"\"\n    # Initialize with a random point\n    best_x = np.random.uniform(bounds[0], bounds[1])\n    best_y = np.random.uniform(bounds[0], bounds[1])\n    best_value = evaluate_function(best_x, best_y)\n\n    total_range = bounds[1] - bounds[0]\n    initial_local_std = total_range / 5.0 # Initial standard deviation for local search\n\n    for i in range(iterations):\n        # Gradually shift from global exploration to local exploitation\n        # explore_prob decreases over time, but always keeps a small chance for global jumps\n        explore_prob = max(0.05, 1.0 - i / iterations)\n        \n        # Local search standard deviation shrinks over time\n        current_local_std = max(1e-5, initial_local_std * (1.0 - i / iterations))\n\n        if np.random.rand() < explore_prob: # Global exploration\n            x_candidate = np.random.uniform(bounds[0], bounds[1])\n            y_candidate = np.random.uniform(bounds[0], bounds[1])\n        else: # Local exploitation around the current best point\n            x_candidate = np.random.normal(loc=best_x, scale=current_local_std)\n            y_candidate = np.random.normal(loc=best_y, scale=current_local_std)\n\n            # Clip coordinates to stay within the defined bounds\n            x = np.clip(x, bounds[0], bounds[1])\n            y = np.clip(y, bounds[0], bounds[1])\n\n        value = evaluate_function(x, y)\n\n        if value < best_value:\n            best_value = value\n            best_x, best_y = x, y\n\n    return best_x, best_y, best_value\n\n\n# EVOLVE-BLOCK-END\n\n\n# This part remains fixed (not evolved)\ndef evaluate_function(x, y):\n    \"\"\"The complex function we're trying to minimize\"\"\"\n    return np.sin(x) * np.cos(y) + np.sin(x * y) + (x**2 + y**2) / 20\n\n\ndef run_search():\n    x, y, value = search_algorithm()\n    return x, y, value\n\n\nif __name__ == \"__main__\":\n    x, y, value = run_search()\n    print(f\"Found minimum at ({x}, {y}) with value {value}\")\n\n```\nUnique approach: Modification: Change 1: Replace 15 lines with 17 lines, Alternative runs_successfully approach, Alternative combined_score approach\n\n### Inspiration 2 (Score: 0.9800, Type: High-Performer)\n```python\n# EVOLVE-BLOCK-START\n\"\"\"Function minimization example for OpenEvolve\"\"\"\nimport numpy as np\n\n\ndef search_algorithm(iterations=1000, bounds=(-5, 5)):\n    \"\"\"\n    A hybrid random search algorithm combining global exploration and local exploitation.\n    Aims to escape local minima by balancing large jumps with fine-tuned steps.\n\n    Args:\n        iterations: Number of iterations to run\n        bounds: Bounds for the search space (min, max)\n\n    Returns:\n        Tuple of (best_x, best_y, best_value)\n    \"\"\"\n    min_bound, max_bound = bounds\n\n    # Initialize with a random point\n    best_x = np.random.uniform(min_bound, max_bound)\n    best_y = np.random.uniform(min_bound, max_bound)\n    best_value = evaluate_function(best_x, best_y)\n\n    # Parameters for hybrid search\n    explore_probability = 0.2 # Probability of making a global jump\n    local_step_std = (max_bound - min_bound) / 10.0 # Standard deviation for local steps\n\n    for _ in range(iterations):\n        x_candidate, y_candidate = best_x, best_y # Start candidate at current best\n\n        if np.random.rand() < explore_probability:\n            # Global exploration: sample a new point anywhere in the bounds\n            x_candidate = np.random.uniform(min_bound, max_bound)\n            y_candidate = np.random.uniform(min_bound, max_bound)\n        else:\n            # Local exploitation: perturb the current best point\n            x_candidate = best_x + np.random.normal(0, local_step_std)\n            y_candidate = best_y + np.random.normal(0, local_step_std)\n            \n            # Ensure candidate stays within bounds\n            x_candidate = np.clip(x_candidate, min_bound, max_bound)\n            y_candidate = np.clip(y_candidate, min_bound, max_bound)\n\n        value_candidate = evaluate_function(x_candidate, y_candidate)\n\n        if value_candidate < best_value:\n            best_value = value_candidate\n            best_x, best_y = x_candidate, y_candidate\n\n    return best_x, best_y, best_value\n\n\n# EVOLVE-BLOCK-END\n\n\n# This part remains fixed (not evolved)\ndef evaluate_function(x, y):\n    \"\"\"The complex function we're trying to minimize\"\"\"\n    return np.sin(x) * np.cos(y) + np.sin(x * y) + (x**2 + y**2) / 20\n\n\ndef run_search():\n    x, y, value = search_algorithm()\n    return x, y, value\n\n\nif __name__ == \"__main__\":\n    x, y, value = run_search()\n    print(f\"Found minimum at ({x}, {y}) with value {value}\")\n\n```\nUnique approach: Modification: Change 1: Replace 26 lines with 45 lines, Excellent runs_successfully (1.000), Excellent value_score (0.966)\n\n### Inspiration 3 (Score: 1.4979, Type: High-Performer)\n```python\n# EVOLVE-BLOCK-START\n\"\"\"Function minimization example for OpenEvolve\"\"\"\nimport numpy as np\n\n\ndef search_algorithm(iterations=1000, bounds=(-5, 5)):\n    \"\"\"\n    A simple random search algorithm that often gets stuck in local minima.\n\n    Args:\n        iterations: Number of iterations to run\n        bounds: Bounds for the search space (min, max)\n\n    Returns:\n        Tuple of (best_x, best_y, best_value)\n    \"\"\"\n    # Initialize with a random point\n    best_x = np.random.uniform(bounds[0], bounds[1])\n    best_y = np.random.uniform(bounds[0], bounds[1])\n    best_value = evaluate_function(best_x, best_y)\n\n    total_range = bounds[1] - bounds[0]\n\n    for i in range(iterations):\n        # Gradually shift from global exploration to local exploitation\n        # `explore_prob` decreases over time, `current_local_span` shrinks\n        # Minimum `explore_prob` of 0.05 ensures occasional global jumps to escape local minima\n        # Start with a higher exploration probability and decay it more rapidly initially\n        explore_prob = max(0.05, 1.0 - (i / iterations)**1.5) \n\n        # Local search span shrinks from 20% of total_range down to a very small value\n        # This span also decays, ensuring finer local searches as we progress.\n        # The decay rate is controlled by (1.0 - i / iterations)**1.5 to mirror explore_prob\n        current_local_span = total_range * (1.0 - (i / iterations)**1.5) * 0.2\n\n        if np.random.rand() < explore_prob: # Global exploration\n            x_candidate = np.random.uniform(bounds[0], bounds[1])\n            y_candidate = np.random.uniform(bounds[0], bounds[1])\n        else: # Local exploitation around the current best point\n            # Ensure local_span is not zero for sampling\n            half_span = max(1e-5, current_local_span / 2.0)\n            # Use Gaussian perturbation for local search, which is often more effective\n            # than uniform for fine-tuning around a point.\n            x_candidate = best_x + np.random.normal(0, half_span)\n            y_candidate = best_y + np.random.normal(0, half_span)\n\n            # Ensure candidate points are within global bounds\n            x_candidate = np.clip(x_candidate, bounds[0], bounds[1])\n            y_candidate = np.clip(y_candidate, bounds[0], bounds[1])\n\n        value = evaluate_function(x_candidate, y_candidate)\n\n        if value < best_value:\n            best_value = value\n            best_x, best_y = x_candidate, y_candidate\n\n    return best_x, best_y, best_value\n\n\n# EVOLVE-BLOCK-END\n\n\n# This part remains fixed (not evolved)\ndef evaluate_function(x, y):\n    \"\"\"The complex function we're trying to minimize\"\"\"\n    return np.sin(x) * np.cos(y) + np.sin(x * y) + (x**2 + y**2) / 20\n\n\ndef run_search():\n    x, y, value = search_algorithm()\n    return x, y, value\n\n\nif __name__ == \"__main__\":\n    x, y, value = run_search()\n    print(f\"Found minimum at ({x}, {y}) with value {value}\")\n\n```\nUnique approach: Modification: Change 1: Replace 19 lines with 25 lines\nChange 2: Replace 16 lines with 27 lines, Excellent runs_successfully (1.000), Excellent value_score (1.000)\n\n# Current Program\n```python\n# EVOLVE-BLOCK-START\n\"\"\"Function minimization example for OpenEvolve\"\"\"\nimport numpy as np\n\n\ndef search_algorithm(iterations=1000, bounds=(-5, 5)):\n    \"\"\"\n    An improved random search that combines global exploration with local refinement.\n    Helps escape local minima by mixing global jumps and local perturbations.\n\n    Args:\n        iterations: Number of iterations to run\n        bounds: Bounds for the search space (min, max)\n\n    Returns:\n        Tuple of (best_x, best_y, best_value)\n    \"\"\"\n    low, high = bounds\n    \n    # Initialize with a random point\n    best_x = np.random.uniform(low, high)\n    best_y = np.random.uniform(low, high)\n    best_value = evaluate_function(best_x, best_y)\n\n    # Parameters for adaptive search\n    # Probability of performing a local perturbation around the current best\n    local_search_prob = 0.8 \n    # Standard deviation for the Gaussian perturbation in local search\n    # Scales with the search space width to be effective\n    perturbation_std = (high - low) / 10.0 \n\n    for _ in range(iterations):\n        if np.random.rand() < local_search_prob:\n            # Local refinement: perturb around the current best solution\n            x_candidate = np.clip(best_x + np.random.normal(0, perturbation_std), low, high)\n            y_candidate = np.clip(best_y + np.random.normal(0, perturbation_std), low, high)\n        else:\n            # Global exploration: jump to a completely random point in the search space\n            x_candidate = np.random.uniform(low, high)\n            y_candidate = np.random.uniform(low, high)\n        \n        value = evaluate_function(x_candidate, y_candidate)\n\n        if value < best_value:\n            best_value = value\n            best_x, best_y = x_candidate, y_candidate\n\n    return best_x, best_y, best_value\n\n\n# EVOLVE-BLOCK-END\n\n\n# This part remains fixed (not evolved)\ndef evaluate_function(x, y):\n    \"\"\"The complex function we're trying to minimize\"\"\"\n    return np.sin(x) * np.cos(y) + np.sin(x * y) + (x**2 + y**2) / 20\n\n\ndef run_search():\n    x, y, value = search_algorithm()\n    return x, y, value\n\n\nif __name__ == \"__main__\":\n    x, y, value = run_search()\n    print(f\"Found minimum at ({x}, {y}) with value {value}\")\n\n```\n\n# Task\nSuggest improvements to the program that will improve its FITNESS SCORE.\nThe system maintains diversity across these dimensions: complexity, diversity\nDifferent solutions with similar fitness but different features are valuable.\n\nYou MUST use the exact SEARCH/REPLACE diff format shown below to indicate changes:\n\n<<<<<<< SEARCH\n# Original code to find and replace (must match exactly)\n=======\n# New replacement code\n>>>>>>> REPLACE\n\nExample of valid diff format:\n<<<<<<< SEARCH\nfor i in range(m):\n    for j in range(p):\n        for k in range(n):\n            C[i, j] += A[i, k] * B[k, j]\n=======\n# Reorder loops for better memory access pattern\nfor i in range(m):\n    for k in range(n):\n        for j in range(p):\n            C[i, j] += A[i, k] * B[k, j]\n>>>>>>> REPLACE\n\nYou can suggest multiple changes. Each SEARCH section must exactly match code in the current program.\nBe thoughtful about your changes and explain your reasoning thoroughly.\n\nIMPORTANT: Do not rewrite the entire program - focus on targeted improvements.", "responses": ["The current program uses a simple hybrid approach with a fixed probability for local search (`local_search_prob = 0.8`) and a fixed standard deviation for perturbation (`perturbation_std`). This can be improved by making these parameters adaptive. Specifically, we want to:\n\n1.  **Introduce a decaying probability for global exploration:** Early in the search, we should favor global exploration to avoid getting trapped in initial local minima. As the search progresses, we can increase the probability of local exploitation.\n2.  **Adapt the perturbation standard deviation:** The step size for local search should also change. Initially, larger steps might be beneficial to jump out of shallow local minima. As the search hones in on a minimum, smaller steps are needed for finer tuning.\n\nThe \"Top Performing Programs\" and \"Diverse Programs\" sections show that adaptive parameters (like decaying `explore_prob` and `current_local_span`) have yielded good results. We can draw inspiration from these.\n\nHere's a proposed change that implements an adaptive strategy for both exploration probability and local search step size, inspired by Program D2 and Program 1.\n\n<<<<<<< SEARCH\n    # Parameters for adaptive search\n    # Probability of performing a local perturbation around the current best\n    local_search_prob = 0.8 \n    # Standard deviation for the Gaussian perturbation in local search\n    # Scales with the search space width to be effective\n    perturbation_std = (high - low) / 10.0 \n\n    for _ in range(iterations):\n        if np.random.rand() < local_search_prob:\n            # Local refinement: perturb around the current best solution\n            x_candidate = np.clip(best_x + np.random.normal(0, perturbation_std), low, high)\n            y_candidate = np.clip(best_y + np.random.normal(0, perturbation_std), low, high)\n        else:\n            # Global exploration: jump to a completely random point in the search space\n            x_candidate = np.random.uniform(low, high)\n            y_candidate = np.random.uniform(low, high)\n        \n        value = evaluate_function(x_candidate, y_candidate)\n\n        if value < best_value:\n            best_value = value\n            best_x, best_y = x_candidate, y_candidate\n\n    return best_x, best_y, best_value\n=======\n    # Parameters for adaptive search\n    # Introduce adaptive exploration probability and local step size\n    # The exploration probability decreases over time, allowing more local exploitation\n    # The local step size also decreases, enabling finer adjustments as we get closer to a minimum\n    \n    # Using a non-linear decay (e.g., power of 1.5) for faster exploration early on\n    decay_exponent = 1.5\n    explore_prob_initial = 0.5  # Start with a decent chance of global exploration\n    explore_prob_final = 0.05   # Minimum exploration probability\n\n    # Initial local search span (e.g., 20% of total range)\n    initial_local_span_fraction = 0.2\n    min_local_span = 1e-5 # Minimum step size to avoid getting stuck\n\n    for i in range(iterations):\n        # Calculate current exploration probability with non-linear decay\n        # This ensures more exploration at the start and gradually shifts to exploitation\n        explore_prob = max(explore_prob_final, \n                           explore_prob_initial - (explore_prob_initial - explore_prob_final) * (i / iterations)**decay_exponent)\n\n        # Calculate current local search span, also with non-linear decay\n        # The span shrinks, allowing for finer tuning as iterations increase\n        current_local_span = (high - low) * (1.0 - (i / iterations)**decay_exponent) * initial_local_span_fraction\n        current_local_span = max(min_local_span, current_local_span)\n\n        if np.random.rand() < explore_prob: # Global exploration\n            x_candidate = np.random.uniform(low, high)\n            y_candidate = np.random.uniform(low, high)\n        else: # Local exploitation around the current best point\n            # Use Gaussian perturbation for local search, which is often more effective\n            # than uniform for fine-tuning around a point.\n            half_span = current_local_span / 2.0\n            x_candidate = best_x + np.random.normal(0, half_span)\n            y_candidate = best_y + np.random.normal(0, half_span)\n\n            # Ensure candidate points are within global bounds\n            x_candidate = np.clip(x_candidate, low, high)\n            y_candidate = np.clip(y_candidate, low, high)\n\n        value = evaluate_function(x_candidate, y_candidate)\n\n        if value < best_value:\n            best_value = value\n            best_x, best_y = x_candidate, y_candidate\n\n    return best_x, best_y, best_value\n>>>>>>> REPLACE\n\n**Reasoning for the changes:**\n\n1.  **Adaptive Exploration Probability:** The original code had a fixed `local_search_prob` of 0.8, meaning it always spent 80% of its time doing local search. This can easily trap the algorithm in local minima early on. The new approach introduces `explore_prob` which starts higher (e.g., `explore_prob_initial = 0.5`) and decays non-linearly (using `decay_exponent = 1.5`) towards a minimum value (`explore_prob_final = 0.05`). This ensures that the algorithm performs more global exploration at the beginning of the search, increasing its chances of finding the global minimum, and gradually shifts to local exploitation as it converges.\n2.  **Adaptive Local Search Span:** The `perturbation_std` was fixed. The new code introduces `current_local_span` which also decays non-linearly, mirroring the `explore_prob` decay. It starts as a fraction of the total range (`initial_local_span_fraction = 0.2`) and shrinks, but is capped by `min_local_span` to prevent it from becoming too small and ineffective. This allows for larger steps when escaping local minima and smaller, finer steps when refining a solution.\n3.  **Gaussian Perturbation for Local Search:** The change also adopts Gaussian perturbation (`np.random.normal`) for local search, which is generally considered more effective for fine-tuning around a point than uniform sampling. This is inspired by Program D2 and Program 1.\n4.  **Code Structure:** The logic for selecting between global exploration and local exploitation is now based on the dynamically calculated `explore_prob`. The local exploitation part now uses the adaptive `current_local_span` for its step size.\n\nThese changes aim to create a more robust search strategy that can effectively balance exploration and exploitation, making it more likely to find the global minimum and escape local optima."]}}, "artifacts_json": "{\"stage1_result\": \"Found solution at x=-1.6932, y=0.6797 with value=-1.5186\", \"distance_to_global\": \"0.0109\", \"solution_quality\": \"Distance < 0.5: Very close\", \"convergence_info\": \"Converged in 10 trials with 10 successes\", \"best_position\": \"Final position: x=1.5824, y=2.9400\", \"average_distance_to_global\": \"0.4014\", \"search_efficiency\": \"Success rate: 100.00%\"}", "artifact_dir": null}