{"id": "cbc48c29-b230-406c-81cd-ad39e793a236", "code": "# EVOLVE-BLOCK-START\n\"\"\"Function minimization example for OpenEvolve\"\"\"\nimport numpy as np\n\n\ndef search_algorithm(iterations=1000, bounds=(-5, 5)):\n    \"\"\"\n    An improved search algorithm that uses a simulated annealing-like approach\n    to escape local minima, combining global exploration with local exploitation\n    and a mechanism to accept worse solutions with decreasing probability.\n\n    Args:\n        iterations: Number of iterations to run\n        bounds: Bounds for the search space (min, max)\n\n    Returns:\n        Tuple of (best_x, best_y, best_value)\n    \"\"\"\n    # Initialize with a random point for both current state and global best\n    initial_x = np.random.uniform(bounds[0], bounds[1])\n    initial_y = np.random.uniform(bounds[0], bounds[1])\n    initial_value = evaluate_function(initial_x, initial_y)\n\n    best_x, best_y, best_value = initial_x, initial_y, initial_value\n    current_x, current_y, current_value = initial_x, initial_y, initial_value # Current position for annealing process\n\n    total_range = bounds[1] - bounds[0]\n\n    # Initialize temperature for simulated annealing-like acceptance.\n    # A simple exponential decay schedule is used.\n    initial_temp = 1.0\n    cooling_rate = 0.995 # Common cooling rate for SA\n\n    for i in range(iterations):\n        # Calculate current temperature, ensuring it never reaches exactly zero\n        temperature = initial_temp * (cooling_rate ** i)\n        temperature = max(1e-6, temperature) # Floor temperature to a small positive value\n\n        # Global exploration probability, decaying over time but with a minimum chance\n        global_explore_prob = max(0.05, 1.0 - i / iterations)\n\n        # Local search span: shrinks over time, but also influenced by temperature.\n        # Higher temperature leads to a wider local search, encouraging more exploration.\n        base_local_span = total_range * (1.0 - i / iterations) * 0.2\n        # Add a temperature-dependent component to the span, making it wider at higher temps\n        search_span = max(1e-5, base_local_span + temperature * total_range * 0.05)\n        \n        if np.random.rand() < global_explore_prob: # Global exploration (random jump anywhere)\n            x_candidate = np.random.uniform(bounds[0], bounds[1])\n            y_candidate = np.random.uniform(bounds[0], bounds[1])\n        else: # Local exploitation around the current *annealing* point\n            half_span = search_span / 2.0\n            x_candidate = current_x + np.random.uniform(-half_span, half_span)\n            y_candidate = current_y + np.random.uniform(-half_span, half_span)\n\n            # Ensure candidate points are within global bounds\n            x_candidate = np.clip(x_candidate, bounds[0], bounds[1])\n            y_candidate = np.clip(y_candidate, bounds[0], bounds[1])\n\n        value = evaluate_function(x_candidate, y_candidate)\n\n        # Simulated Annealing acceptance criteria (Metropolis criterion)\n        delta = value - current_value\n        if delta < 0: # Candidate is better than current, always accept\n            current_x, current_y = x_candidate, y_candidate\n            current_value = value\n            if value < best_value: # If current is also globally best, update global best\n                best_value = value\n                best_x, best_y = x_candidate, y_candidate\n        elif np.random.rand() < np.exp(-delta / temperature): # Accept worse solution with decreasing probability\n            current_x, current_y = x_candidate, y_candidate\n            current_value = value\n        # If not accepted, current_x, current_y, current_value remain unchanged, effectively rejecting the move.\n\n    return best_x, best_y, best_value\n\n\n# EVOLVE-BLOCK-END\n\n\n# This part remains fixed (not evolved)\ndef evaluate_function(x, y):\n    \"\"\"The complex function we're trying to minimize\"\"\"\n    return np.sin(x) * np.cos(y) + np.sin(x * y) + (x**2 + y**2) / 20\n\n\ndef run_search():\n    x, y, value = search_algorithm()\n    return x, y, value\n\n\nif __name__ == \"__main__\":\n    x, y, value = run_search()\n    print(f\"Found minimum at ({x}, {y}) with value {value}\")\n", "language": "python", "parent_id": "00576a6f-9f26-492f-83a9-54e602c21ea0", "generation": 2, "timestamp": 1759151841.4674299, "iteration_found": 34, "metrics": {"runs_successfully": 1.0, "value_score": 0.9926189519595434, "distance_score": 0.9719131037386599, "combined_score": 1.4818251106520544, "reliability_score": 1.0}, "complexity": 0.0, "diversity": 0.0, "metadata": {"changes": "Change 1: Replace 46 lines with 70 lines", "parent_metrics": {"runs_successfully": 1.0, "value_score": 0.99968256865402, "distance_score": 0.9980433615634375, "combined_score": 1.498881439194062, "reliability_score": 1.0}, "island": 1}, "prompts": {"diff_user": {"system": "You are an expert programmer specializing in optimization algorithms. Your task is to improve a function minimization algorithm to find the global minimum of a complex function with many local minima. The function is f(x, y) = sin(x) * cos(y) + sin(x*y) + (x^2 + y^2)/20. Focus on improving the search_algorithm function to reliably find the global minimum, escaping local minima that might trap simple algorithms.", "user": "# Current Program Information\n- Fitness: 1.4989\n- Feature coordinates: No feature coordinates\n- Focus areas: - Fitness improved: 1.4213 \u00e2\u2020\u2019 1.4989\n- Consider simplifying - code length exceeds 500 characters\n\n## Last Execution Output\n\n### stage1_result\n```\nFound solution at x=-1.7080, y=0.6767 with value=-1.5187\n```\n\n### distance_to_global\n```\n0.0042\n```\n\n### solution_quality\n```\nDistance < 0.5: Very close\n```\n\n### convergence_info\n```\nConverged in 10 trials with 10 successes\n```\n\n### best_position\n```\nFinal position: x=-1.6988, y=0.6787\n```\n\n### average_distance_to_global\n```\n0.0020\n```\n\n### search_efficiency\n```\nSuccess rate: 100.00%\n```\n\n# Program Evolution History\n## Previous Attempts\n\n### Attempt 2\n- Changes: Change 1: Replace 54 lines with 97 lines\n- Metrics: runs_successfully: 1.0000, value_score: 0.9759, distance_score: 0.8653, combined_score: 1.4213, reliability_score: 1.0000\n- Outcome: Mixed results\n\n### Attempt 1\n- Changes: Unknown changes\n- Metrics: runs_successfully: 1.0000, value_score: 0.9997, distance_score: 0.9980, combined_score: 1.4989, reliability_score: 1.0000\n- Outcome: Improvement in all metrics\n\n## Top Performing Programs\n\n### Program 1 (Score: 1.4989)\n```python\n# EVOLVE-BLOCK-START\n\"\"\"Function minimization example for OpenEvolve\"\"\"\nimport numpy as np\n\n\ndef search_algorithm(iterations=1000, bounds=(-5, 5)):\n    \"\"\"\n    A simple random search algorithm that often gets stuck in local minima.\n\n    Args:\n        iterations: Number of iterations to run\n        bounds: Bounds for the search space (min, max)\n\n    Returns:\n        Tuple of (best_x, best_y, best_value)\n    \"\"\"\n    # Initialize with a random point\n    best_x = np.random.uniform(bounds[0], bounds[1])\n    best_y = np.random.uniform(bounds[0], bounds[1])\n    best_value = evaluate_function(best_x, best_y)\n\n    total_range = bounds[1] - bounds[0]\n\n    for i in range(iterations):\n        # Gradually shift from global exploration to local exploitation\n        # `explore_prob` decreases over time, `current_local_span` shrinks\n        # Minimum `explore_prob` of 0.05 ensures occasional global jumps to escape local minima\n        explore_prob = max(0.05, 1.0 - i / iterations)\n        # Local search span shrinks from 20% of total_range down to a very small value\n        current_local_span = total_range * (1.0 - i / iterations) * 0.2\n\n        if np.random.rand() < explore_prob: # Global exploration\n            x_candidate = np.random.uniform(bounds[0], bounds[1])\n            y_candidate = np.random.uniform(bounds[0], bounds[1])\n        else: # Local exploitation around the current best point\n            # Ensure local_span is not zero for sampling\n            half_span = max(1e-5, current_local_span / 2.0)\n            x_candidate = best_x + np.random.uniform(-half_span, half_span)\n            y_candidate = best_y + np.random.uniform(-half_span, half_span)\n\n            # Ensure candidate points are within global bounds\n            x_candidate = np.clip(x_candidate, bounds[0], bounds[1])\n            y_candidate = np.clip(y_candidate, bounds[0], bounds[1])\n\n        value = evaluate_function(x_candidate, y_candidate)\n\n        if value < best_value:\n            best_value = value\n            best_x, best_y = x_candidate, y_candidate\n\n    return best_x, best_y, best_value\n\n\n# EVOLVE-BLOCK-END\n\n\n# This part remains fixed (not evolved)\ndef evaluate_function(x, y):\n    \"\"\"The complex function we're trying to minimize\"\"\"\n    return np.sin(x) * np.cos(y) + np.sin(x * y) + (x**2 + y**2) / 20\n\n\ndef run_search():\n    x, y, value = search_algorithm()\n    return x, y, value\n\n\nif __name__ == \"__main__\":\n    x, y, value = run_search()\n    print(f\"Found minimum at ({x}, {y}) with value {value}\")\n\n```\nKey features: Performs well on runs_successfully (1.0000), Performs well on value_score (0.9997), Performs well on distance_score (0.9980), Performs well on combined_score (1.4989), Performs well on reliability_score (1.0000)\n\n### Program 2 (Score: 1.4213)\n```python\n# EVOLVE-BLOCK-START\n\"\"\"Function minimization example for OpenEvolve\"\"\"\nimport numpy as np\n\n\ndef search_algorithm(iterations=1000, bounds=(-5, 5), initial_temp=1.0, cooling_rate=0.995):\n    \"\"\"\n    An improved search algorithm with adaptive exploration and a cooling schedule\n    to better escape local minima and find the global minimum.\n\n    Args:\n        iterations: Number of iterations to run.\n        bounds: Bounds for the search space (min, max).\n        initial_temp: Starting temperature for adaptive exploration.\n        cooling_rate: Rate at which temperature decreases.\n\n    Returns:\n        Tuple of (best_x, best_y, best_value)\n    \"\"\"\n    # Initialize with a random point\n    best_x = np.random.uniform(bounds[0], bounds[1])\n    best_y = np.random.uniform(bounds[0], bounds[1])\n    best_value = evaluate_function(best_x, best_y)\n\n    current_x, current_y = best_x, best_y\n    current_value = best_value\n\n    total_range = bounds[1] - bounds[0]\n    # Initial step size related to the total range\n    initial_step_size = total_range * 0.2\n\n    # To track stagnation and trigger occasional larger jumps\n    no_improvement_count = 0\n    stagnation_threshold = int(iterations * 0.05) # Trigger if no improvement for 5% of iterations\n\n    # Temperature for adaptive exploration\n    temperature = initial_temp\n\n    for i in range(iterations):\n        # Adaptive exploration probability based on temperature\n        # Higher temperature means more exploration\n        explore_prob = np.clip(temperature, 0.05, 0.95) # Clamp exploration probability\n\n        # Adaptive step size for local search, also influenced by temperature\n        # Larger steps at higher temperatures\n        current_step_size = initial_step_size * temperature\n\n        if np.random.rand() < explore_prob or temperature < 0.1: # Global exploration if exploring or temp is very low\n            x_candidate = np.random.uniform(bounds[0], bounds[1])\n            y_candidate = np.random.uniform(bounds[0], bounds[1])\n            candidate_source = \"global_explore\"\n        else: # Local exploitation around the current point\n            half_span = max(1e-5, current_step_size / 2.0)\n            x_candidate = current_x + np.random.uniform(-half_span, half_span)\n            y_candidate = current_y + np.random.uniform(-half_span, half_span)\n            candidate_source = \"local_exploit\"\n\n            # Ensure candidate points are within global bounds\n            x_candidate = np.clip(x_candidate, bounds[0], bounds[1])\n            y_candidate = np.clip(y_candidate, bounds[0], bounds[1])\n\n        value = evaluate_function(x_candidate, y_candidate)\n\n        # Acceptance probability inspired by Metropolis criterion (Simulated Annealing)\n        # Allows accepting worse solutions with a certain probability to escape local minima\n        delta = value - current_value\n        if delta < 0 or np.random.rand() < np.exp(-delta / max(temperature, 1e-6)):\n            current_x, current_y = x_candidate, y_candidate\n            current_value = value\n            if value < best_value:\n                best_value = value\n                best_x, best_y = x_candidate, y_candidate\n                no_improvement_count = 0 # Reset stagnation counter\n            else:\n                no_improvement_count += 1\n        else:\n            no_improvement_count += 1\n\n        # Cooling schedule\n        temperature *= cooling_rate\n\n        # If stagnated for too long, perform a larger random jump to potentially escape\n        if no_improvement_count > stagnation_threshold and temperature > 0.01:\n            # Introduce a significant jump, but not a full random initialization\n            jump_scale = min(total_range * 0.5, initial_step_size * 5) # Make a substantial jump\n            current_x = np.clip(current_x + np.random.uniform(-jump_scale, jump_scale), bounds[0], bounds[1])\n            current_y = np.clip(current_y + np.random.uniform(-jump_scale, jump_scale), bounds[0], bounds[1])\n            current_value = evaluate_function(current_x, current_y)\n            no_improvement_count = 0 # Reset after jump\n            # Optionally, slightly increase temperature after a large jump to encourage exploration again\n            temperature = min(temperature * 1.5, initial_temp)\n\n\n    return best_x, best_y, best_value\n\n\n# EVOLVE-BLOCK-END\n\n\n# This part remains fixed (not evolved)\ndef evaluate_function(x, y):\n    \"\"\"The complex function we're trying to minimize\"\"\"\n    return np.sin(x) * np.cos(y) + np.sin(x * y) + (x**2 + y**2) / 20\n\n\ndef run_search():\n    x, y, value = search_algorithm()\n    return x, y, value\n\n\nif __name__ == \"__main__\":\n    x, y, value = run_search()\n    print(f\"Found minimum at ({x}, {y}) with value {value}\")\n\n```\nKey features: Performs well on runs_successfully (1.0000), Performs well on value_score (0.9759), Performs well on distance_score (0.8653), Performs well on combined_score (1.4213), Performs well on reliability_score (1.0000)\n\n## Inspiration Programs\n\nThese programs represent diverse approaches and creative solutions that may inspire new ideas:\n\n### Inspiration 1 (Score: 1.4213, Type: High-Performer)\n```python\n# EVOLVE-BLOCK-START\n\"\"\"Function minimization example for OpenEvolve\"\"\"\nimport numpy as np\n\n\ndef search_algorithm(iterations=1000, bounds=(-5, 5), initial_temp=1.0, cooling_rate=0.995):\n    \"\"\"\n    An improved search algorithm with adaptive exploration and a cooling schedule\n    to better escape local minima and find the global minimum.\n\n    Args:\n        iterations: Number of iterations to run.\n        bounds: Bounds for the search space (min, max).\n        initial_temp: Starting temperature for adaptive exploration.\n        cooling_rate: Rate at which temperature decreases.\n\n    Returns:\n        Tuple of (best_x, best_y, best_value)\n    \"\"\"\n    # Initialize with a random point\n    best_x = np.random.uniform(bounds[0], bounds[1])\n    best_y = np.random.uniform(bounds[0], bounds[1])\n    best_value = evaluate_function(best_x, best_y)\n\n    current_x, current_y = best_x, best_y\n    current_value = best_value\n\n    total_range = bounds[1] - bounds[0]\n    # Initial step size related to the total range\n    initial_step_size = total_range * 0.2\n\n    # To track stagnation and trigger occasional larger jumps\n    no_improvement_count = 0\n    stagnation_threshold = int(iterations * 0.05) # Trigger if no improvement for 5% of iterations\n\n    # Temperature for adaptive exploration\n    temperature = initial_temp\n\n    for i in range(iterations):\n        # Adaptive exploration probability based on temperature\n        # Higher temperature means more exploration\n        explore_prob = np.clip(temperature, 0.05, 0.95) # Clamp exploration probability\n\n        # Adaptive step size for local search, also influenced by temperature\n        # Larger steps at higher temperatures\n        current_step_size = initial_step_size * temperature\n\n        if np.random.rand() < explore_prob or temperature < 0.1: # Global exploration if exploring or temp is very low\n            x_candidate = np.random.uniform(bounds[0], bounds[1])\n            y_candidate = np.random.uniform(bounds[0], bounds[1])\n            candidate_source = \"global_explore\"\n        else: # Local exploitation around the current point\n            half_span = max(1e-5, current_step_size / 2.0)\n            x_candidate = current_x + np.random.uniform(-half_span, half_span)\n            y_candidate = current_y + np.random.uniform(-half_span, half_span)\n            candidate_source = \"local_exploit\"\n\n            # Ensure candidate points are within global bounds\n            x_candidate = np.clip(x_candidate, bounds[0], bounds[1])\n            y_candidate = np.clip(y_candidate, bounds[0], bounds[1])\n\n        value = evaluate_function(x_candidate, y_candidate)\n\n        # Acceptance probability inspired by Metropolis criterion (Simulated Annealing)\n        # Allows accepting worse solutions with a certain probability to escape local minima\n        delta = value - current_value\n        if delta < 0 or np.random.rand() < np.exp(-delta / max(temperature, 1e-6)):\n            current_x, current_y = x_candidate, y_candidate\n            current_value = value\n            if value < best_value:\n                best_value = value\n                best_x, best_y = x_candidate, y_candidate\n                no_improvement_count = 0 # Reset stagnation counter\n            else:\n                no_improvement_count += 1\n        else:\n            no_improvement_count += 1\n\n        # Cooling schedule\n        temperature *= cooling_rate\n\n        # If stagnated for too long, perform a larger random jump to potentially escape\n        if no_improvement_count > stagnation_threshold and temperature > 0.01:\n            # Introduce a significant jump, but not a full random initialization\n            jump_scale = min(total_range * 0.5, initial_step_size * 5) # Make a substantial jump\n            current_x = np.clip(current_x + np.random.uniform(-jump_scale, jump_scale), bounds[0], bounds[1])\n            current_y = np.clip(current_y + np.random.uniform(-jump_scale, jump_scale), bounds[0], bounds[1])\n            current_value = evaluate_function(current_x, current_y)\n            no_improvement_count = 0 # Reset after jump\n            # Optionally, slightly increase temperature after a large jump to encourage exploration again\n            temperature = min(temperature * 1.5, initial_temp)\n\n\n    return best_x, best_y, best_value\n\n\n# EVOLVE-BLOCK-END\n\n\n# This part remains fixed (not evolved)\ndef evaluate_function(x, y):\n    \"\"\"The complex function we're trying to minimize\"\"\"\n    return np.sin(x) * np.cos(y) + np.sin(x * y) + (x**2 + y**2) / 20\n\n\ndef run_search():\n    x, y, value = search_algorithm()\n    return x, y, value\n\n\nif __name__ == \"__main__\":\n    x, y, value = run_search()\n    print(f\"Found minimum at ({x}, {y}) with value {value}\")\n\n```\nUnique approach: Modification: Change 1: Replace 54 lines with 97 lines, Excellent runs_successfully (1.000), Excellent value_score (0.976)\n\n# Current Program\n```python\n# EVOLVE-BLOCK-START\n\"\"\"Function minimization example for OpenEvolve\"\"\"\nimport numpy as np\n\n\ndef search_algorithm(iterations=1000, bounds=(-5, 5)):\n    \"\"\"\n    A simple random search algorithm that often gets stuck in local minima.\n\n    Args:\n        iterations: Number of iterations to run\n        bounds: Bounds for the search space (min, max)\n\n    Returns:\n        Tuple of (best_x, best_y, best_value)\n    \"\"\"\n    # Initialize with a random point\n    best_x = np.random.uniform(bounds[0], bounds[1])\n    best_y = np.random.uniform(bounds[0], bounds[1])\n    best_value = evaluate_function(best_x, best_y)\n\n    total_range = bounds[1] - bounds[0]\n\n    for i in range(iterations):\n        # Gradually shift from global exploration to local exploitation\n        # `explore_prob` decreases over time, `current_local_span` shrinks\n        # Minimum `explore_prob` of 0.05 ensures occasional global jumps to escape local minima\n        explore_prob = max(0.05, 1.0 - i / iterations)\n        # Local search span shrinks from 20% of total_range down to a very small value\n        current_local_span = total_range * (1.0 - i / iterations) * 0.2\n\n        if np.random.rand() < explore_prob: # Global exploration\n            x_candidate = np.random.uniform(bounds[0], bounds[1])\n            y_candidate = np.random.uniform(bounds[0], bounds[1])\n        else: # Local exploitation around the current best point\n            # Ensure local_span is not zero for sampling\n            half_span = max(1e-5, current_local_span / 2.0)\n            x_candidate = best_x + np.random.uniform(-half_span, half_span)\n            y_candidate = best_y + np.random.uniform(-half_span, half_span)\n\n            # Ensure candidate points are within global bounds\n            x_candidate = np.clip(x_candidate, bounds[0], bounds[1])\n            y_candidate = np.clip(y_candidate, bounds[0], bounds[1])\n\n        value = evaluate_function(x_candidate, y_candidate)\n\n        if value < best_value:\n            best_value = value\n            best_x, best_y = x_candidate, y_candidate\n\n    return best_x, best_y, best_value\n\n\n# EVOLVE-BLOCK-END\n\n\n# This part remains fixed (not evolved)\ndef evaluate_function(x, y):\n    \"\"\"The complex function we're trying to minimize\"\"\"\n    return np.sin(x) * np.cos(y) + np.sin(x * y) + (x**2 + y**2) / 20\n\n\ndef run_search():\n    x, y, value = search_algorithm()\n    return x, y, value\n\n\nif __name__ == \"__main__\":\n    x, y, value = run_search()\n    print(f\"Found minimum at ({x}, {y}) with value {value}\")\n\n```\n\n# Task\nSuggest improvements to the program that will improve its FITNESS SCORE.\nThe system maintains diversity across these dimensions: complexity, diversity\nDifferent solutions with similar fitness but different features are valuable.\n\nYou MUST use the exact SEARCH/REPLACE diff format shown below to indicate changes:\n\n<<<<<<< SEARCH\n# Original code to find and replace (must match exactly)\n=======\n# New replacement code\n>>>>>>> REPLACE\n\nExample of valid diff format:\n<<<<<<< SEARCH\nfor i in range(m):\n    for j in range(p):\n        for k in range(n):\n            C[i, j] += A[i, k] * B[k, j]\n=======\n# Reorder loops for better memory access pattern\nfor i in range(m):\n    for k in range(n):\n        for j in range(p):\n            C[i, j] += A[i, k] * B[k, j]\n>>>>>>> REPLACE\n\nYou can suggest multiple changes. Each SEARCH section must exactly match code in the current program.\nBe thoughtful about your changes and explain your reasoning thoroughly.\n\nIMPORTANT: Do not rewrite the entire program - focus on targeted improvements.", "responses": ["The current algorithm, while performing well on the given test cases, is essentially a random restart hill-climber with a shrinking search radius. It explicitly states that it \"often gets stuck in local minima\" because it only ever accepts candidate solutions if they are strictly better than the `best_value` found so far, and its local search is centered around this `best_value`. This makes it difficult to escape deep local minima without a fortunate global random jump.\n\nTo improve reliability in finding the global minimum and escaping local minima, I propose incorporating a core mechanism from Simulated Annealing (SA). This involves maintaining a `current` search point that can accept worse solutions with a certain probability (controlled by a `temperature` parameter) while still tracking the overall `best` solution found. This allows the search to \"walk\" out of local minima.\n\nThe proposed changes are:\n1.  **Introduce `current_x, current_y, current_value`**: This represents the algorithm's current position in the search space, from which local candidates are generated. This point can move to worse positions.\n2.  **Implement a `temperature` schedule**: A `temperature` parameter will exponentially decay over iterations. This temperature will influence the acceptance probability of worse solutions.\n3.  **Simulated Annealing Acceptance Criterion**: When a candidate solution is found, it is compared to `current_value`.\n    *   If the candidate is better, it's always accepted as the new `current` position. The `best` position is also updated if the candidate is globally superior.\n    *   If the candidate is worse, it can still be accepted as the new `current` position with a probability `exp(-delta / temperature)`, where `delta` is the increase in value. This probability decreases as `temperature` drops.\n4.  **Local Search from `current`**: The local exploitation step will now generate candidates around `current_x, current_y` instead of `best_x, best_y`. This is crucial for allowing the search to explore away from the globally best point to find better paths.\n5.  **Adaptive `search_span`**: The local search radius (`search_span`) will still decay over time as in the original program, but it will also be influenced by the `temperature`. Higher temperatures will result in a slightly wider local search, encouraging more exploration early on. The global `explore_prob` from the original code is retained to ensure a baseline level of broad exploration.\n\nThis approach combines the successful time-decaying exploration/exploitation strategy of the current program with the robustness of Simulated Annealing for escaping local minima, aiming for improved reliability and a higher fitness score. The added complexity is managed to be less than the previous (lower-scoring) SA attempt, by integrating it more directly into the existing structure.\n\n<<<<<<< SEARCH\ndef search_algorithm(iterations=1000, bounds=(-5, 5)):\n    \"\"\"\n    A simple random search algorithm that often gets stuck in local minima.\n\n    Args:\n        iterations: Number of iterations to run\n        bounds: Bounds for the search space (min, max)\n\n    Returns:\n        Tuple of (best_x, best_y, best_value)\n    \"\"\"\n    # Initialize with a random point\n    best_x = np.random.uniform(bounds[0], bounds[1])\n    best_y = np.random.uniform(bounds[0], bounds[1])\n    best_value = evaluate_function(best_x, best_y)\n\n    total_range = bounds[1] - bounds[0]\n\n    for i in range(iterations):\n        # Gradually shift from global exploration to local exploitation\n        # `explore_prob` decreases over time, `current_local_span` shrinks\n        # Minimum `explore_prob` of 0.05 ensures occasional global jumps to escape local minima\n        explore_prob = max(0.05, 1.0 - i / iterations)\n        # Local search span shrinks from 20% of total_range down to a very small value\n        current_local_span = total_range * (1.0 - i / iterations) * 0.2\n\n        if np.random.rand() < explore_prob: # Global exploration\n            x_candidate = np.random.uniform(bounds[0], bounds[1])\n            y_candidate = np.random.uniform(bounds[0], bounds[1])\n        else: # Local exploitation around the current best point\n            # Ensure local_span is not zero for sampling\n            half_span = max(1e-5, current_local_span / 2.0)\n            x_candidate = best_x + np.random.uniform(-half_span, half_span)\n            y_candidate = best_y + np.random.uniform(-half_span, half_span)\n\n            # Ensure candidate points are within global bounds\n            x_candidate = np.clip(x_candidate, bounds[0], bounds[1])\n            y_candidate = np.clip(y_candidate, bounds[0], bounds[1])\n\n        value = evaluate_function(x_candidate, y_candidate)\n\n        if value < best_value:\n            best_value = value\n            best_x, best_y = x_candidate, y_candidate\n\n    return best_x, best_y, best_value\n=======\ndef search_algorithm(iterations=1000, bounds=(-5, 5)):\n    \"\"\"\n    An improved search algorithm that uses a simulated annealing-like approach\n    to escape local minima, combining global exploration with local exploitation\n    and a mechanism to accept worse solutions with decreasing probability.\n\n    Args:\n        iterations: Number of iterations to run\n        bounds: Bounds for the search space (min, max)\n\n    Returns:\n        Tuple of (best_x, best_y, best_value)\n    \"\"\"\n    # Initialize with a random point for both current state and global best\n    initial_x = np.random.uniform(bounds[0], bounds[1])\n    initial_y = np.random.uniform(bounds[0], bounds[1])\n    initial_value = evaluate_function(initial_x, initial_y)\n\n    best_x, best_y, best_value = initial_x, initial_y, initial_value\n    current_x, current_y, current_value = initial_x, initial_y, initial_value # Current position for annealing process\n\n    total_range = bounds[1] - bounds[0]\n\n    # Initialize temperature for simulated annealing-like acceptance.\n    # A simple exponential decay schedule is used.\n    initial_temp = 1.0\n    cooling_rate = 0.995 # Common cooling rate for SA\n\n    for i in range(iterations):\n        # Calculate current temperature, ensuring it never reaches exactly zero\n        temperature = initial_temp * (cooling_rate ** i)\n        temperature = max(1e-6, temperature) # Floor temperature to a small positive value\n\n        # Global exploration probability, decaying over time but with a minimum chance\n        global_explore_prob = max(0.05, 1.0 - i / iterations)\n\n        # Local search span: shrinks over time, but also influenced by temperature.\n        # Higher temperature leads to a wider local search, encouraging more exploration.\n        base_local_span = total_range * (1.0 - i / iterations) * 0.2\n        # Add a temperature-dependent component to the span, making it wider at higher temps\n        search_span = max(1e-5, base_local_span + temperature * total_range * 0.05)\n        \n        if np.random.rand() < global_explore_prob: # Global exploration (random jump anywhere)\n            x_candidate = np.random.uniform(bounds[0], bounds[1])\n            y_candidate = np.random.uniform(bounds[0], bounds[1])\n        else: # Local exploitation around the current *annealing* point\n            half_span = search_span / 2.0\n            x_candidate = current_x + np.random.uniform(-half_span, half_span)\n            y_candidate = current_y + np.random.uniform(-half_span, half_span)\n\n            # Ensure candidate points are within global bounds\n            x_candidate = np.clip(x_candidate, bounds[0], bounds[1])\n            y_candidate = np.clip(y_candidate, bounds[0], bounds[1])\n\n        value = evaluate_function(x_candidate, y_candidate)\n\n        # Simulated Annealing acceptance criteria (Metropolis criterion)\n        delta = value - current_value\n        if delta < 0: # Candidate is better than current, always accept\n            current_x, current_y = x_candidate, y_candidate\n            current_value = value\n            if value < best_value: # If current is also globally best, update global best\n                best_value = value\n                best_x, best_y = x_candidate, y_candidate\n        elif np.random.rand() < np.exp(-delta / temperature): # Accept worse solution with decreasing probability\n            current_x, current_y = x_candidate, y_candidate\n            current_value = value\n        # If not accepted, current_x, current_y, current_value remain unchanged, effectively rejecting the move.\n\n    return best_x, best_y, best_value\n>>>>>>> REPLACE"]}}, "artifacts_json": "{\"stage1_result\": \"Found solution at x=-1.7049, y=0.6700 with value=-1.5186\", \"distance_to_global\": \"0.0080\", \"solution_quality\": \"Distance < 0.5: Very close\", \"convergence_info\": \"Converged in 10 trials with 10 successes\", \"best_position\": \"Final position: x=-1.6997, y=0.6831\", \"average_distance_to_global\": \"0.0289\", \"search_efficiency\": \"Success rate: 100.00%\"}", "artifact_dir": null}