{"id": "d2367594-6ec1-4b76-b666-195a45178823", "code": "# EVOLVE-BLOCK-START\n\"\"\"Function minimization example for OpenEvolve\"\"\"\nimport numpy as np\n\n\ndef search_algorithm(iterations=1000, bounds=(-5, 5)):\n    \"\"\"\n    A simple random search algorithm that often gets stuck in local minima.\n\n    Args:\n        iterations: Number of iterations to run\n        bounds: Bounds for the search space (min, max)\n\n    Returns:\n        Tuple of (best_x, best_y, best_value)\n    \"\"\"\n    # Initialize with a random point\n    best_x = np.random.uniform(bounds[0], bounds[1])\n    best_y = np.random.uniform(bounds[0], bounds[1])\n    best_value = evaluate_function(best_x, best_y)\n\n    total_range = bounds[1] - bounds[0]\n\n    # Parameters for adaptive search strategy\n    initial_explore_prob = 0.7  # Start with high global exploration\n    min_explore_prob = 0.05     # Minimum global exploration probability\n    initial_local_std = total_range / 5.0 # Initial standard deviation for local search\n    min_local_std = 1e-4        # Minimum standard deviation to prevent stagnation\n    decay_exponent = 2.0        # Controls how fast exploration/step size decays (higher means faster decay)\n\n    # Parameters for escaping local minima\n    no_improvement_streak_limit = iterations // 20 # Trigger reset if no improvement for 5% of iterations\n    large_jump_factor = 2.0     # Factor to increase local std for a large jump\n    force_global_jump_prob = 0.5 # Probability of a full global jump when stuck\n\n    no_improvement_streak = 0\n\n    for i in range(iterations):\n        # Calculate current exploration probability and local search standard deviation\n        # Decay factor ensures more exploration early and more exploitation later\n        progress = i / iterations\n        decay_factor = (1.0 - progress)**decay_exponent\n\n        current_explore_prob = max(min_explore_prob, initial_explore_prob * decay_factor)\n        current_local_std = max(min_local_std, initial_local_std * decay_factor)\n\n        x_candidate, y_candidate = best_x, best_y # Initialize candidate with current best\n\n        perform_escape_attempt = False\n        if no_improvement_streak >= no_improvement_streak_limit:\n            perform_escape_attempt = True\n            no_improvement_streak = 0 # Reset streak after triggering an escape attempt\n\n        if perform_escape_attempt:\n            if np.random.rand() < force_global_jump_prob:\n                # Perform a full global jump\n                x_candidate = np.random.uniform(bounds[0], bounds[1])\n                y_candidate = np.random.uniform(bounds[0], bounds[1])\n            else:\n                # Perform a wider local jump around the current best\n                temp_local_std = current_local_std * large_jump_factor\n                x_candidate = np.random.normal(loc=best_x, scale=temp_local_std)\n                y_candidate = np.random.normal(loc=best_y, scale=temp_local_std)\n        elif np.random.rand() < current_explore_prob:\n            # Regular global exploration\n            x_candidate = np.random.uniform(bounds[0], bounds[1])\n            y_candidate = np.random.uniform(bounds[0], bounds[1])\n        else:\n            # Local exploitation: perturb the current best point using a normal distribution\n            x_candidate = np.random.normal(loc=best_x, scale=current_local_std)\n            y_candidate = np.random.normal(loc=best_y, scale=current_local_std)\n\n        # Clip candidate coordinates to stay within the defined bounds\n        x_candidate = np.clip(x_candidate, bounds[0], bounds[1])\n        y_candidate = np.clip(y_candidate, bounds[0], bounds[1])\n\n        value = evaluate_function(x_candidate, y_candidate)\n\n        if value < best_value:\n            best_value = value\n            best_x, best_y = x_candidate, y_candidate\n            no_improvement_streak = 0 # Reset streak on improvement\n        else:\n            no_improvement_streak += 1 # Increment streak if no improvement\n\n    return best_x, best_y, best_value\n\n\n# EVOLVE-BLOCK-END\n\n\n# This part remains fixed (not evolved)\ndef evaluate_function(x, y):\n    \"\"\"The complex function we're trying to minimize\"\"\"\n    return np.sin(x) * np.cos(y) + np.sin(x * y) + (x**2 + y**2) / 20\n\n\ndef run_search():\n    x, y, value = search_algorithm()\n    return x, y, value\n\n\nif __name__ == \"__main__\":\n    x, y, value = run_search()\n    print(f\"Found minimum at ({x}, {y}) with value {value}\")\n", "language": "python", "parent_id": "a2608789-4452-4baf-a63c-22ae05e89c79", "generation": 2, "timestamp": 1759151852.6279407, "iteration_found": 40, "metrics": {"runs_successfully": 1.0, "value_score": 0.9996858933546439, "distance_score": 0.9994596568621961, "combined_score": 1.4995212656039711, "reliability_score": 1.0}, "complexity": 0.0, "diversity": 0.0, "metadata": {"changes": "Change 1: Replace 25 lines with 63 lines", "parent_metrics": {"runs_successfully": 1.0, "value_score": 0.9874340114541589, "distance_score": 0.9167953692785948, "combined_score": 1.4531334247659868, "reliability_score": 1.0}, "island": 0}, "prompts": {"diff_user": {"system": "You are an expert programmer specializing in optimization algorithms. Your task is to improve a function minimization algorithm to find the global minimum of a complex function with many local minima. The function is f(x, y) = sin(x) * cos(y) + sin(x*y) + (x^2 + y^2)/20. Focus on improving the search_algorithm function to reliably find the global minimum, escaping local minima that might trap simple algorithms.", "user": "# Current Program Information\n- Fitness: 1.4531\n- Feature coordinates: No feature coordinates\n- Focus areas: - Fitness declined: 1.4987 \u00e2\u2020\u2019 1.4531. Consider revising recent changes.\n- Consider simplifying - code length exceeds 500 characters\n\n## Last Execution Output\n\n### stage1_result\n```\nFound solution at x=-1.6789, y=0.6394 with value=-1.5153\n```\n\n### distance_to_global\n```\n0.0461\n```\n\n### solution_quality\n```\nDistance < 0.5: Very close\n```\n\n### convergence_info\n```\nConverged in 10 trials with 10 successes\n```\n\n### best_position\n```\nFinal position: x=-1.7336, y=0.6321\n```\n\n### average_distance_to_global\n```\n0.0908\n```\n\n### search_efficiency\n```\nSuccess rate: 100.00%\n```\n\n# Program Evolution History\n## Previous Attempts\n\n### Attempt 3\n- Changes: Change 1: Replace 27 lines with 67 lines\n- Metrics: runs_successfully: 1.0000, value_score: 0.9997, distance_score: 0.9976, combined_score: 1.4987, reliability_score: 1.0000\n- Outcome: Mixed results\n\n### Attempt 2\n- Changes: Change 1: Replace 16 lines with 35 lines\n- Metrics: runs_successfully: 1.0000, value_score: 0.9997, distance_score: 0.9980, combined_score: 1.4989, reliability_score: 1.0000\n- Outcome: Mixed results\n\n### Attempt 1\n- Changes: Change 1: Replace 23 lines with 39 lines\nChange 2: Replace 3 lines with 12 lines\n- Metrics: runs_successfully: 1.0000, value_score: 0.9997, distance_score: 0.9993, combined_score: 1.4995, reliability_score: 1.0000\n- Outcome: Mixed results\n\n## Top Performing Programs\n\n### Program 1 (Score: 1.4995)\n```python\n# EVOLVE-BLOCK-START\n\"\"\"Function minimization example for OpenEvolve\"\"\"\nimport numpy as np\n\n\ndef search_algorithm(iterations=1000, bounds=(-5, 5)):\n    \"\"\"\n    A simple random search algorithm that often gets stuck in local minima.\n\n    Args:\n        iterations: Number of iterations to run\n        bounds: Bounds for the search space (min, max)\n\n    Returns:\n        Tuple of (best_x, best_y, best_value)\n    \"\"\"\n    # Initialize with a random point\n    best_x = np.random.uniform(bounds[0], bounds[1])\n    best_y = np.random.uniform(bounds[0], bounds[1])\n    best_value = evaluate_function(best_x, best_y)\n\n    total_range = bounds[1] - bounds[0]\n\n    for i in range(iterations):\n        # Gradually shift from global exploration to local exploitation\n        # `explore_prob` decreases over time, `current_local_span` shrinks\n        # Parameters for adaptive search\n        # Start with a higher exploration probability and decay it more gradually\n        # Using a linear decay for exploration probability for simplicity and predictability\n        explore_prob_initial = 0.5  # Higher initial exploration\n        explore_prob_final = 0.05   # Minimum exploration probability\n        explore_prob = explore_prob_initial - (explore_prob_initial - explore_prob_final) * (i / iterations)\n\n        # Temperature-like parameter to control local search step size.\n        # It starts high and cools down, allowing larger steps initially and finer steps later.\n        # This helps escape local minima by allowing larger jumps when \"hot\" (early)\n        # and fine-tuning when \"cold\" (late).\n        initial_temperature = 1.0 # A heuristic starting temperature\n        cooling_rate = 0.995      # Slower cooling rate for better exploration\n        temperature = initial_temperature * (cooling_rate ** i)\n        # Ensure temperature doesn't become too small to cause issues with acceptance probability\n        if temperature < 1e-6:\n            temperature = 1e-6\n\n        # Local search step size scales with temperature and a fraction of the total range.\n        # The maximum step size is a fraction (e.g., 15%) of the total range.\n        max_step_fraction = 0.15\n        # Scale step size by the current temperature relative to the initial temperature.\n        # This makes steps larger when temperature is high and smaller when it's low.\n        current_local_step_size = total_range * max_step_fraction * (temperature / initial_temperature)\n        # Ensure a minimum step size to avoid getting stuck if temperature is very low\n        min_local_step_size = 1e-4\n        current_local_step_size = max(min_local_step_size, current_local_step_size)\n\n        if np.random.rand() < explore_prob: # Global exploration\n            x_candidate = np.random.uniform(bounds[0], bounds[1])\n            y_candidate = np.random.uniform(bounds[0], bounds[1])\n        else: # Local exploitation around the current best point\n            # Use Gaussian perturbation with the adaptive step size\n            x_candidate = best_x + np.random.normal(0, current_local_step_size)\n            y_candidate = best_y + np.random.normal(0, current_local_step_size)\n\n            # Ensure candidate points are within global bounds\n            x_candidate = np.clip(x_candidate, bounds[0], bounds[1])\n            y_candidate = np.clip(y_candidate, bounds[0], bounds[1])\n\n        value = evaluate_function(x_candidate, y_candidate)\n\n        if value < best_value:\n            best_value = value\n            best_x, best_y = x_candidate, y_candidate\n\n    return best_x, best_y, best_value\n\n\n# EVOLVE-BLOCK-END\n\n\n# This part remains fixed (not evolved)\ndef evaluate_function(x, y):\n    \"\"\"The complex function we're trying to minimize\"\"\"\n    return np.sin(x) * np.cos(y) + np.sin(x * y) + (x**2 + y**2) / 20\n\n\ndef run_search(num_runs=10): # Add a parameter for the number of runs\n    best_overall_x, best_overall_y, best_overall_value = None, None, float('inf')\n\n    for run in range(num_runs):\n        x, y, value = search_algorithm()\n        if value < best_overall_value:\n            best_overall_value = value\n            best_overall_x, best_overall_y = x, y\n        # Optional: print progress for each run\n        # print(f\"Run {run+1}/{num_runs}: Found {value} at ({x}, {y})\")\n\n    return best_overall_x, best_overall_y, best_overall_value\n\n\nif __name__ == \"__main__\":\n    x, y, value = run_search()\n    print(f\"Found minimum at ({x}, {y}) with value {value}\")\n\n```\nKey features: Performs well on runs_successfully (1.0000), Performs well on value_score (0.9997), Performs well on distance_score (0.9993), Performs well on combined_score (1.4995), Performs well on reliability_score (1.0000)\n\n### Program 2 (Score: 1.4989)\n```python\n# EVOLVE-BLOCK-START\n\"\"\"Function minimization example for OpenEvolve\"\"\"\nimport numpy as np\n\n\ndef search_algorithm(iterations=1000, bounds=(-5, 5)):\n    \"\"\"\n    A simple random search algorithm that often gets stuck in local minima.\n\n    Args:\n        iterations: Number of iterations to run\n        bounds: Bounds for the search space (min, max)\n\n    Returns:\n        Tuple of (best_x, best_y, best_value)\n    \"\"\"\n    # Initialize with a random point\n    best_x = np.random.uniform(bounds[0], bounds[1])\n    best_y = np.random.uniform(bounds[0], bounds[1])\n    best_value = evaluate_function(best_x, best_y)\n\n    total_range = bounds[1] - bounds[0]\n\n    for i in range(iterations):\n        # Gradually shift from global exploration to local exploitation\n        # `explore_prob` decreases over time, `current_local_span` shrinks\n        # Minimum `explore_prob` of 0.05 ensures occasional global jumps to escape local minima\n        explore_prob = max(0.05, 1.0 - i / iterations)\n        # Local search span shrinks from 20% of total_range down to a very small value\n        current_local_span = total_range * (1.0 - i / iterations) * 0.2\n\n        if np.random.rand() < explore_prob: # Global exploration\n            x_candidate = np.random.uniform(bounds[0], bounds[1])\n            y_candidate = np.random.uniform(bounds[0], bounds[1])\n        else: # Local exploitation around the current best point\n            # Ensure local_span is not zero for sampling\n            half_span = max(1e-5, current_local_span / 2.0)\n            x_candidate = best_x + np.random.uniform(-half_span, half_span)\n            y_candidate = best_y + np.random.uniform(-half_span, half_span)\n\n            # Ensure candidate points are within global bounds\n            x_candidate = np.clip(x_candidate, bounds[0], bounds[1])\n            y_candidate = np.clip(y_candidate, bounds[0], bounds[1])\n\n        value = evaluate_function(x_candidate, y_candidate)\n\n        if value < best_value:\n            best_value = value\n            best_x, best_y = x_candidate, y_candidate\n\n    return best_x, best_y, best_value\n\n\n# EVOLVE-BLOCK-END\n\n\n# This part remains fixed (not evolved)\ndef evaluate_function(x, y):\n    \"\"\"The complex function we're trying to minimize\"\"\"\n    return np.sin(x) * np.cos(y) + np.sin(x * y) + (x**2 + y**2) / 20\n\n\ndef run_search():\n    x, y, value = search_algorithm()\n    return x, y, value\n\n\nif __name__ == \"__main__\":\n    x, y, value = run_search()\n    print(f\"Found minimum at ({x}, {y}) with value {value}\")\n\n```\nKey features: Performs well on runs_successfully (1.0000), Performs well on value_score (0.9997), Performs well on distance_score (0.9980), Performs well on combined_score (1.4989), Performs well on reliability_score (1.0000)\n\n### Program 3 (Score: 1.4987)\n```python\n# EVOLVE-BLOCK-START\n\"\"\"Function minimization example for OpenEvolve\"\"\"\nimport numpy as np\n\n\ndef search_algorithm(iterations=1000, bounds=(-5, 5)):\n    \"\"\"\n    A simple random search algorithm that often gets stuck in local minima.\n\n    Args:\n        iterations: Number of iterations to run\n        bounds: Bounds for the search space (min, max)\n\n    Returns:\n        Tuple of (best_x, best_y, best_value)\n    \"\"\"\n    # Initialize with a random point\n    best_x = np.random.uniform(bounds[0], bounds[1])\n    best_y = np.random.uniform(bounds[0], bounds[1])\n    best_value = evaluate_function(best_x, best_y)\n\n    total_range = bounds[1] - bounds[0]\n\n    for i in range(iterations):\n        # Gradually shift from global exploration to local exploitation\n        # `explore_prob` decreases over time, `current_local_span` shrinks\n        # Minimum `explore_prob` of 0.05 ensures occasional global jumps to escape local minima\n        explore_prob = max(0.05, 1.0 - i / iterations)\n        # Local search span shrinks from 20% of total_range down to a very small value\n        current_local_span = total_range * (1.0 - i / iterations) * 0.2\n\n        if np.random.rand() < explore_prob: # Global exploration\n            x_candidate = np.random.uniform(bounds[0], bounds[1])\n            y_candidate = np.random.uniform(bounds[0], bounds[1])\n        else: # Local exploitation around the current best point\n            # Ensure local_span is not zero for sampling\n            half_span = max(1e-5, current_local_span / 2.0)\n            x_candidate = best_x + np.random.uniform(-half_span, half_span)\n            y_candidate = best_y + np.random.uniform(-half_span, half_span)\n\n            # Ensure candidate points are within global bounds\n            x_candidate = np.clip(x_candidate, bounds[0], bounds[1])\n            y_candidate = np.clip(y_candidate, bounds[0], bounds[1])\n\n        value = evaluate_function(x_candidate, y_candidate)\n\n        if value < best_value:\n            best_value = value\n            best_x, best_y = x_candidate, y_candidate\n\n    return best_x, best_y, best_value\n\n\n# EVOLVE-BLOCK-END\n\n\n# This part remains fixed (not evolved)\ndef evaluate_function(x, y):\n    \"\"\"The complex function we're trying to minimize\"\"\"\n    return np.sin(x) * np.cos(y) + np.sin(x * y) + (x**2 + y**2) / 20\n\n\ndef run_search():\n    x, y, value = search_algorithm()\n    return x, y, value\n\n\nif __name__ == \"__main__\":\n    x, y, value = run_search()\n    print(f\"Found minimum at ({x}, {y}) with value {value}\")\n\n```\nKey features: Performs well on runs_successfully (1.0000), Performs well on value_score (0.9997), Performs well on distance_score (0.9976), Performs well on combined_score (1.4987), Performs well on reliability_score (1.0000)\n\n\n\n## Diverse Programs\n\n### Program D1 (Score: 1.4970)\n```python\n# EVOLVE-BLOCK-START\n\"\"\"Function minimization example for OpenEvolve\"\"\"\nimport numpy as np\n\n\ndef search_algorithm(iterations=1000, bounds=(-5, 5)):\n    \"\"\"\n    A simple random search algorithm that often gets stuck in local minima.\n\n    Args:\n        iterations: Number of iterations to run\n        bounds: Bounds for the search space (min, max)\n\n    Returns:\n        Tuple of (best_x, best_y, best_value)\n    \"\"\"\n    # Initialize with a random point\n    best_x = np.random.uniform(bounds[0], bounds[1])\n    best_y = np.random.uniform(bounds[0], bounds[1])\n    best_value = evaluate_function(best_x, best_y)\n\n    total_range = bounds[1] - bounds[0]\n    initial_local_std = total_range / 5.0 # Initial standard deviation for local search\n\n    # Parameters for escaping local minima\n    no_improvement_streak_limit = int(iterations * 0.05) # Trigger reset if no improvement for 5% of iterations\n    large_jump_factor = 0.5 # Factor to increase local span for a large jump\n\n    no_improvement_streak = 0\n\n    for i in range(iterations):\n        # Adaptive exploration probability and local span with non-linear decay\n        # Using a power decay for exploration probability to allow more exploration early on\n        decay_exponent = 1.5\n        explore_prob = max(0.05, 1.0 - (i / iterations)**decay_exponent)\n\n        # Local search span shrinks, but can be temporarily increased\n        # Initial span is 20% of total range, shrinks towards a minimum.\n        # Use the same decay for local span\n        base_local_span = total_range * (1.0 - (i / iterations)**decay_exponent) * 0.2\n        current_local_span = max(1e-5, base_local_span)\n\n        perform_large_jump = False\n        if no_improvement_streak >= no_improvement_streak_limit:\n            # If stuck, increase probability of a larger jump or global exploration\n            if np.random.rand() < 0.7: # 70% chance to attempt a large jump\n                perform_large_jump = True\n                # Temporarily increase the span for a large jump\n                current_local_span *= (1 + large_jump_factor)\n                # Reset streak counter after attempting a jump\n                no_improvement_streak = 0\n            else: # If not attempting a large jump, just reset streak\n                no_improvement_streak = 0\n\n        if np.random.rand() < explore_prob or perform_large_jump: # Global exploration or large jump\n            if perform_large_jump:\n                # For a large jump, sample from a wider range around the best point\n                half_span = max(1e-5, current_local_span / 2.0)\n                # Use Gaussian perturbation for local exploitation during a large jump\n                x_candidate = best_x + np.random.normal(0, half_span)\n                y_candidate = best_y + np.random.normal(0, half_span)\n            else: # Standard global exploration\n                x_candidate = np.random.uniform(bounds[0], bounds[1])\n                y_candidate = np.random.uniform(bounds[0], bounds[1])\n        else: # Local exploitation around the current best point\n            # Use Gaussian perturbation for local search, which is often more effective\n            # than uniform for fine-tuning around a point.\n            half_span = max(1e-5, current_local_span / 2.0)\n            x_candidate = np.random.normal(loc=best_x, scale=half_span)\n            y_candidate = np.random.normal(loc=best_y, scale=half_span)\n\n        # Ensure candidate points are within global bounds\n        x_candidate = np.clip(x_candidate, bounds[0], bounds[1])\n        y_candidate = np.clip(y_candidate, bounds[0], bounds[1])\n\n        value = evaluate_function(x_candidate, y_candidate)\n\n        if value < best_value:\n            best_value = value\n            best_x, best_y = x_candidate, y_candidate\n            no_improvement_streak = 0 # Reset streak on improvement\n        else:\n            no_improvement_streak += 1 # Increment streak if no improvement\n\n    return best_x, best_y, best_value\n\n\n# EVOLVE-BLOCK-END\n\n\n# This part remains fixed (not evolved)\ndef evaluate_function(x, y):\n    \"\"\"The complex function we're trying to minimize\"\"\"\n    return np.sin(x) * np.cos(y) + np.sin(x * y) + (x**2 + y**2) / 20\n\n\ndef run_search():\n    x, y, value = search_algorithm()\n    return x, y, value\n\n\nif __name__ == \"__main__\":\n    x, y, value = run_search()\n    print(f\"Found minimum at ({x}, {y}) with value {value}\")\n\n```\nKey features: Alternative approach to runs_successfully, Alternative approach to value_score\n\n### Program D2 (Score: 1.4979)\n```python\n# EVOLVE-BLOCK-START\n\"\"\"Function minimization example for OpenEvolve\"\"\"\nimport numpy as np\n\n\ndef search_algorithm(iterations=1000, bounds=(-5, 5)):\n    \"\"\"\n    A simple random search algorithm that often gets stuck in local minima.\n\n    Args:\n        iterations: Number of iterations to run\n        bounds: Bounds for the search space (min, max)\n\n    Returns:\n        Tuple of (best_x, best_y, best_value)\n    \"\"\"\n    # Initialize with a random point\n    best_x = np.random.uniform(bounds[0], bounds[1])\n    best_y = np.random.uniform(bounds[0], bounds[1])\n    best_value = evaluate_function(best_x, best_y)\n\n    total_range = bounds[1] - bounds[0]\n\n    for i in range(iterations):\n        # Gradually shift from global exploration to local exploitation\n        # `explore_prob` decreases over time, `current_local_span` shrinks\n        # Minimum `explore_prob` of 0.05 ensures occasional global jumps to escape local minima\n        # Start with a higher exploration probability and decay it more rapidly initially\n        explore_prob = max(0.05, 1.0 - (i / iterations)**1.5) \n\n        # Local search span shrinks from 20% of total_range down to a very small value\n        # This span also decays, ensuring finer local searches as we progress.\n        # The decay rate is controlled by (1.0 - i / iterations)**1.5 to mirror explore_prob\n        current_local_span = total_range * (1.0 - (i / iterations)**1.5) * 0.2\n\n        if np.random.rand() < explore_prob: # Global exploration\n            x_candidate = np.random.uniform(bounds[0], bounds[1])\n            y_candidate = np.random.uniform(bounds[0], bounds[1])\n        else: # Local exploitation around the current best point\n            # Ensure local_span is not zero for sampling\n            half_span = max(1e-5, current_local_span / 2.0)\n            # Use Gaussian perturbation for local search, which is often more effective\n            # than uniform for fine-tuning around a point.\n            x_candidate = best_x + np.random.normal(0, half_span)\n            y_candidate = best_y + np.random.normal(0, half_span)\n\n            # Ensure candidate points are within global bounds\n            x_candidate = np.clip(x_candidate, bounds[0], bounds[1])\n            y_candidate = np.clip(y_candidate, bounds[0], bounds[1])\n\n        value = evaluate_function(x_candidate, y_candidate)\n\n        if value < best_value:\n            best_value = value\n            best_x, best_y = x_candidate, y_candidate\n\n    return best_x, best_y, best_value\n\n\n# EVOLVE-BLOCK-END\n\n\n# This part remains fixed (not evolved)\ndef evaluate_function(x, y):\n    \"\"\"The complex function we're trying to minimize\"\"\"\n    return np.sin(x) * np.cos(y) + np.sin(x * y) + (x**2 + y**2) / 20\n\n\ndef run_search():\n    x, y, value = search_algorithm()\n    return x, y, value\n\n\nif __name__ == \"__main__\":\n    x, y, value = run_search()\n    print(f\"Found minimum at ({x}, {y}) with value {value}\")\n\n```\nKey features: Alternative approach to runs_successfully, Alternative approach to value_score\n\n## Inspiration Programs\n\nThese programs represent diverse approaches and creative solutions that may inspire new ideas:\n\n### Inspiration 1 (Score: 1.4790, Type: High-Performer)\n```python\n# EVOLVE-BLOCK-START\n\"\"\"Function minimization example for OpenEvolve\"\"\"\nimport numpy as np\n\n\ndef search_algorithm(iterations=1000, bounds=(-5, 5)):\n    \"\"\"\n    A simple random search algorithm that often gets stuck in local minima.\n\n    Args:\n        iterations: Number of iterations to run\n        bounds: Bounds for the search space (min, max)\n\n    Returns:\n        Tuple of (best_x, best_y, best_value)\n    \"\"\"\n    # Initialize with a random point for both current and best\n    current_x = np.random.uniform(bounds[0], bounds[1])\n    current_y = np.random.uniform(bounds[0], bounds[1])\n    current_value = evaluate_function(current_x, current_y)\n\n    best_x, best_y, best_value = current_x, current_y, current_value\n\n    # Simulated Annealing parameters\n    # Estimate initial temperature: Aim for ~50% acceptance of significantly worse solutions\n    # Sample a few points to estimate the variance of function values\n    sample_values = [evaluate_function(np.random.uniform(bounds[0], bounds[1]), np.random.uniform(bounds[0], bounds[1])) for _ in range(100)]\n    # A simple heuristic: initial temperature is related to the std of function values\n    # This ensures that early on, we are likely to accept worse solutions to explore\n    initial_temperature = np.std(sample_values) if sample_values else 1.0\n    temperature = max(1e-3, initial_temperature * 1.5) # Start a bit higher\n\n    cooling_rate = 0.995  # Slightly slower cooling rate for better exploration\n    step_range = (bounds[1] - bounds[0]) # Total range for a dimension\n\n    # Adaptive global jump probability: higher at start, lower at end\n    global_jump_prob_initial = 0.3\n    global_jump_prob_final = 0.05\n\n    for i in range(iterations):\n        # Calculate current global jump probability based on iteration progress\n        progress = i / iterations\n        current_global_jump_prob = global_jump_prob_initial - (global_jump_prob_initial - global_jump_prob_final) * progress\n\n        # Generate a candidate point (neighbor or global jump)\n        if np.random.rand() < current_global_jump_prob:  # Adaptive global jump\n            new_x = np.random.uniform(bounds[0], bounds[1])\n            new_y = np.random.uniform(bounds[0], bounds[1])\n        else:\n            # Perturb current position, step size scales with temperature\n            # Max step is 15% of the total range, scaled by current temperature\n            # Ensure step_size doesn't become too large even at high temps\n            max_step_fraction = 0.15\n            step_size = step_range * max_step_fraction * (temperature / (max(1e-3, initial_temperature)))\n            new_x = current_x + np.random.uniform(-step_size, step_size)\n            new_y = current_y + np.random.uniform(-step_size, step_size)\n            # Ensure candidate stays within bounds\n            new_x = np.clip(new_x, bounds[0], bounds[1])\n            new_y = np.clip(new_y, bounds[0], bounds[1])\n\n        new_value = evaluate_function(new_x, new_y)\n\n        # Simulated Annealing acceptance criterion\n        if new_value < current_value:\n            current_x, current_y, current_value = new_x, new_y, new_value\n            if new_value < best_value: # Update global best if a new best is found\n                best_x, best_y, best_value = new_x, new_y, new_value\n        elif temperature > 1e-9: # Use a small threshold to avoid division by near-zero temperature\n            # Accept worse solution with a probability (Metropolis criterion)\n            try:\n                acceptance_probability = np.exp((current_value - new_value) / temperature)\n                if np.random.rand() < acceptance_probability:\n                    current_x, current_y, current_value = new_x, new_y, new_value\n            except OverflowError:\n                # If exp() overflows, it means the probability is extremely low, effectively 0\n                pass\n\n\n        # Cool down the temperature\n        temperature *= cooling_rate\n        # Ensure temperature doesn't become exactly zero or too small for exp calculation\n        if temperature < 1e-9:\n            temperature = 1e-9\n\n    return best_x, best_y, best_value\n\n\n# EVOLVE-BLOCK-END\n\n\n# This part remains fixed (not evolved)\ndef evaluate_function(x, y):\n    \"\"\"The complex function we're trying to minimize\"\"\"\n    return np.sin(x) * np.cos(y) + np.sin(x * y) + (x**2 + y**2) / 20\n\n\ndef run_search():\n    x, y, value = search_algorithm()\n    return x, y, value\n\n\nif __name__ == \"__main__\":\n    x, y, value = run_search()\n    print(f\"Found minimum at ({x}, {y}) with value {value}\")\n\n```\nUnique approach: Modification: Change 1: Replace 39 lines with 62 lines, Excellent runs_successfully (1.000), Excellent value_score (0.997)\n\n### Inspiration 2 (Score: 0.0000, Type: Exploratory)\n```python\n# EVOLVE-BLOCK-START\n\"\"\"Function minimization example for OpenEvolve\"\"\"\nimport numpy as np\n\n\ndef search_algorithm(iterations=1000, bounds=(-5, 5)):\n    \"\"\"\n    A hybrid random search algorithm combining global exploration and local exploitation.\n    Aims to escape local minima by balancing large jumps with fine-tuned steps.\n\n    Args:\n        iterations: Number of iterations to run\n        bounds: Bounds for the search space (min, max)\n\n    Returns:\n        Tuple of (best_x, best_y, best_value)\n    \"\"\"\n    min_bound, max_bound = bounds\n\n    # Initialize with a random point\n    best_x = np.random.uniform(min_bound, max_bound)\n    best_y = np.random.uniform(min_bound, max_bound)\n    best_value = evaluate_function(best_x, best_y)\n\n    # Parameters for hybrid search\n    # Gradually decrease exploration probability over iterations\n    # Start with higher exploration to find global minima, then focus on local exploitation\n    initial_explore_prob = 0.5  # Higher initial probability for global exploration\n    min_explore_prob = 0.05     # Minimum probability to ensure occasional global jumps\n    explore_probability = max(min_explore_prob, initial_explore_prob * (1.0 - (_ / iterations)))\n\n    # Local search step size decreases as exploration probability decreases\n    # This allows for finer tuning as we get closer to a minimum\n    local_step_std = (max_bound - min_bound) / 10.0 * (1.0 - explore_probability) # Scale std by exploration factor\n\n    for _ in range(iterations):\n        x_candidate, y_candidate = best_x, best_y # Start candidate at current best\n\n        if np.random.rand() < explore_probability:\n            # Global exploration: sample a new point anywhere in the bounds\n            x_candidate = np.random.uniform(min_bound, max_bound)\n            y_candidate = np.random.uniform(min_bound, max_bound)\n        else:\n            # Local exploitation: perturb the current best point\n            # Ensure local_step_std is not too small to prevent stagnation\n            current_local_step = max(1e-4, local_step_std)\n            x_candidate = best_x + np.random.normal(0, current_local_step)\n            y_candidate = best_y + np.random.normal(0, current_local_step)\n            \n            # Ensure candidate stays within bounds\n            x_candidate = np.clip(x_candidate, min_bound, max_bound)\n            y_candidate = np.clip(y_candidate, min_bound, max_bound)\n\n        value_candidate = evaluate_function(x_candidate, y_candidate)\n\n        if value_candidate < best_value:\n            best_value = value_candidate\n            best_x, best_y = x_candidate, y_candidate\n\n    return best_x, best_y, best_value\n\n\n# EVOLVE-BLOCK-END\n\n\n# This part remains fixed (not evolved)\ndef evaluate_function(x, y):\n    \"\"\"The complex function we're trying to minimize\"\"\"\n    return np.sin(x) * np.cos(y) + np.sin(x * y) + (x**2 + y**2) / 20\n\n\ndef run_search():\n    x, y, value = search_algorithm()\n    return x, y, value\n\n\nif __name__ == \"__main__\":\n    x, y, value = run_search()\n    print(f\"Found minimum at ({x}, {y}) with value {value}\")\n\n```\nUnique approach: Modification: Change 1: Replace 25 lines with 34 lines, Alternative runs_successfully approach, Alternative combined_score approach\n\n### Inspiration 3 (Score: 1.3640, Type: High-Performer)\n```python\n# EVOLVE-BLOCK-START\n\"\"\"Function minimization example for OpenEvolve\"\"\"\nimport numpy as np\n\n\ndef search_algorithm(iterations=1000, bounds=(-5, 5)):\n    \"\"\"\n    A simple random search algorithm that often gets stuck in local minima.\n\n    Args:\n        iterations: Number of iterations to run\n        bounds: Bounds for the search space (min, max)\n\n    Returns:\n        Tuple of (best_x, best_y, best_value)\n    \"\"\"\n    # Initialize with a random point\n    best_x = np.random.uniform(bounds[0], bounds[1])\n    best_y = np.random.uniform(bounds[0], bounds[1])\n    best_value = evaluate_function(best_x, best_y)\n\n    # Parameters for adaptive search strategy\n    # Initial probability for global exploration\n    initial_explore_prob = 0.4\n    # Minimum probability for global exploration to ensure escape from local minima\n    min_explore_prob = 0.05\n    # Base standard deviation for local search, relative to the search bounds\n    base_local_std = (bounds[1] - bounds[0]) / 10.0\n\n    # Parameters for adaptive search strategy\n    # Initial probability for global exploration\n    initial_explore_prob = 0.4\n    # Minimum probability for global exploration to ensure escape from local minima\n    min_explore_prob = 0.05\n    # Base standard deviation for local search, relative to the search bounds\n    base_local_std = (bounds[1] - bounds[0]) / 10.0\n\n    # Parameters for escaping local minima\n    # Trigger a \"large jump\" if no improvement is seen for this many iterations\n    no_improvement_streak_limit = int(iterations * 0.05) # e.g., 5% of total iterations\n    # Factor by which to increase the local search span for a large jump\n    large_jump_factor = 1.5\n\n    no_improvement_streak = 0\n\n    for i in range(iterations):\n        # Calculate current exploration probability, decaying over time\n        # This ensures broad exploration early and focused exploitation later.\n        # Using power=1.5 for a slightly faster initial decay than linear.\n        decay_factor = (1.0 - i / iterations)**1.5\n        explore_prob = max(min_explore_prob, initial_explore_prob * decay_factor)\n\n        # Adjust local search standard deviation: wider at the start, narrower towards the end.\n        # This ensures more exploration in local neighborhoods early on and finer tuning later.\n        current_local_std = base_local_std * decay_factor\n\n        perform_large_jump = False\n        if no_improvement_streak >= no_improvement_streak_limit:\n            # If stuck, increase probability of a larger jump to escape\n            if np.random.rand() < 0.7: # 70% chance to attempt a large jump when stuck\n                perform_large_jump = True\n                # Temporarily increase the effective step size for a large jump\n                current_local_std *= large_jump_factor\n                # Reset streak counter after attempting a jump\n                no_improvement_streak = 0\n            else: # If not attempting a large jump, still reset streak to avoid repeated triggers\n                no_improvement_streak = 0\n\n        if np.random.rand() < explore_prob or perform_large_jump: # Global exploration or large jump\n            # For a large jump, sample from a wider range around the best point.\n            # For regular global exploration, sample randomly across the entire search space.\n            if perform_large_jump:\n                # Sample from a wider Gaussian distribution around the best point\n                x_candidate = np.random.normal(loc=best_x, scale=current_local_std)\n                y_candidate = np.random.normal(loc=best_y, scale=current_local_std)\n            else: # Standard global exploration\n                x_candidate = np.random.uniform(bounds[0], bounds[1])\n                y_candidate = np.random.uniform(bounds[0], bounds[1])\n        else: # Local exploitation around the current best point\n            # Perturb around the current best point using a Gaussian distribution\n            x_candidate = np.random.normal(loc=best_x, scale=current_local_std)\n            y_candidate = np.random.normal(loc=best_y, scale=current_local_std)\n\n            # Clip candidate coordinates to ensure they stay within the defined bounds\n            x_candidate = np.clip(x_candidate, bounds[0], bounds[1])\n            y_candidate = np.clip(y_candidate, bounds[0], bounds[1])\n\n        value_candidate = evaluate_function(x_candidate, y_candidate)\n\n        if value_candidate < best_value:\n            best_value = value_candidate\n            best_x, best_y = x_candidate, y_candidate\n            no_improvement_streak = 0 # Reset streak on improvement\n        else:\n            no_improvement_streak += 1 # Increment streak if no improvement\n\n    return best_x, best_y, best_value\n\n\n# EVOLVE-BLOCK-END\n\n\n# This part remains fixed (not evolved)\ndef evaluate_function(x, y):\n    \"\"\"The complex function we're trying to minimize\"\"\"\n    return np.sin(x) * np.cos(y) + np.sin(x * y) + (x**2 + y**2) / 20\n\n\ndef run_search():\n    x, y, value = search_algorithm()\n    return x, y, value\n\n\nif __name__ == \"__main__\":\n    x, y, value = run_search()\n    print(f\"Found minimum at ({x}, {y}) with value {value}\")\n\n```\nUnique approach: Modification: Change 1: Replace 32 lines with 66 lines\nChange 2: Replace 40 lines with 76 lines, Excellent runs_successfully (1.000), Excellent value_score (0.990)\n\n# Current Program\n```python\n# EVOLVE-BLOCK-START\n\"\"\"Function minimization example for OpenEvolve\"\"\"\nimport numpy as np\n\n\ndef search_algorithm(iterations=1000, bounds=(-5, 5)):\n    \"\"\"\n    A simple random search algorithm that often gets stuck in local minima.\n\n    Args:\n        iterations: Number of iterations to run\n        bounds: Bounds for the search space (min, max)\n\n    Returns:\n        Tuple of (best_x, best_y, best_value)\n    \"\"\"\n    # Initialize with a random point\n    best_x = np.random.uniform(bounds[0], bounds[1])\n    best_y = np.random.uniform(bounds[0], bounds[1])\n    best_value = evaluate_function(best_x, best_y)\n\n    # Parameters for biased random search\n    # Probability of performing a global random jump (exploration)\n    P_GLOBAL_EXPLORATION = 0.2\n    # Standard deviation for local search (exploitation), relative to bounds\n    LOCAL_SEARCH_STD = (bounds[1] - bounds[0]) / 5.0\n\n    for _ in range(iterations):\n        if np.random.rand() < P_GLOBAL_EXPLORATION:\n            # Global random search: sample uniformly across the entire bounds\n            x = np.random.uniform(bounds[0], bounds[1])\n            y = np.random.uniform(bounds[0], bounds[1])\n        else:\n            # Local search: perturb the current best point using a normal distribution\n            x = np.random.normal(loc=best_x, scale=LOCAL_SEARCH_STD)\n            y = np.random.normal(loc=best_y, scale=LOCAL_SEARCH_STD)\n\n            # Clip coordinates to stay within the defined bounds\n            x = np.clip(x, bounds[0], bounds[1])\n            y = np.clip(y, bounds[0], bounds[1])\n\n        value = evaluate_function(x, y)\n\n        if value < best_value:\n            best_value = value\n            best_x, best_y = x, y\n\n    return best_x, best_y, best_value\n\n\n# EVOLVE-BLOCK-END\n\n\n# This part remains fixed (not evolved)\ndef evaluate_function(x, y):\n    \"\"\"The complex function we're trying to minimize\"\"\"\n    return np.sin(x) * np.cos(y) + np.sin(x * y) + (x**2 + y**2) / 20\n\n\ndef run_search():\n    x, y, value = search_algorithm()\n    return x, y, value\n\n\nif __name__ == \"__main__\":\n    x, y, value = run_search()\n    print(f\"Found minimum at ({x}, {y}) with value {value}\")\n\n```\n\n# Task\nSuggest improvements to the program that will improve its FITNESS SCORE.\nThe system maintains diversity across these dimensions: complexity, diversity\nDifferent solutions with similar fitness but different features are valuable.\n\nYou MUST use the exact SEARCH/REPLACE diff format shown below to indicate changes:\n\n<<<<<<< SEARCH\n# Original code to find and replace (must match exactly)\n=======\n# New replacement code\n>>>>>>> REPLACE\n\nExample of valid diff format:\n<<<<<<< SEARCH\nfor i in range(m):\n    for j in range(p):\n        for k in range(n):\n            C[i, j] += A[i, k] * B[k, j]\n=======\n# Reorder loops for better memory access pattern\nfor i in range(m):\n    for k in range(n):\n        for j in range(p):\n            C[i, j] += A[i, k] * B[k, j]\n>>>>>>> REPLACE\n\nYou can suggest multiple changes. Each SEARCH section must exactly match code in the current program.\nBe thoughtful about your changes and explain your reasoning thoroughly.\n\nIMPORTANT: Do not rewrite the entire program - focus on targeted improvements.", "responses": ["The current `search_algorithm` uses fixed probabilities for global exploration and a fixed standard deviation for local search. This makes it prone to getting stuck in local minima, especially for complex functions like the one provided. The decline in fitness suggests that the algorithm isn't consistently finding the global minimum.\n\nTo improve its reliability and ability to escape local minima, I will introduce several adaptive strategies:\n\n1.  **Adaptive Exploration/Exploitation Balance**:\n    *   The probability of global exploration (`current_explore_prob`) will start high and gradually decrease over iterations. This prioritizes broad exploration early in the search to find promising regions, then shifts to more focused exploitation later. A non-linear decay (using `decay_exponent`) will be applied.\n    *   The standard deviation for local search (`current_local_std`) will also decrease over time, analogous to a cooling schedule. This allows larger steps for exploration in local neighborhoods initially and finer, more precise steps for exploitation as the search converges.\n\n2.  **No-Improvement Streak Detection and Escape Mechanism**:\n    *   The algorithm will track the number of consecutive iterations without finding a better solution (`no_improvement_streak`).\n    *   If this streak exceeds a predefined `no_improvement_streak_limit`, it indicates the search might be trapped in a local minimum.\n    *   When stuck, the algorithm will attempt an \"escape jump\". This escape jump has a `force_global_jump_prob` chance of being a full global random sample, otherwise, it will be a significantly wider local jump (controlled by `large_jump_factor`) around the current best point. This provides a robust way to break out of local optima.\n\nThese changes will make the search more dynamic and responsive to the search progress, improving its ability to find the global minimum of complex functions.\n\n<<<<<<< SEARCH\n    # Parameters for biased random search\n    # Probability of performing a global random jump (exploration)\n    P_GLOBAL_EXPLORATION = 0.2\n    # Standard deviation for local search (exploitation), relative to bounds\n    LOCAL_SEARCH_STD = (bounds[1] - bounds[0]) / 5.0\n\n    for _ in range(iterations):\n        if np.random.rand() < P_GLOBAL_EXPLORATION:\n            # Global random search: sample uniformly across the entire bounds\n            x = np.random.uniform(bounds[0], bounds[1])\n            y = np.random.uniform(bounds[0], bounds[1])\n        else:\n            # Local search: perturb the current best point using a normal distribution\n            x = np.random.normal(loc=best_x, scale=LOCAL_SEARCH_STD)\n            y = np.random.normal(loc=best_y, scale=LOCAL_SEARCH_STD)\n\n            # Clip coordinates to stay within the defined bounds\n            x = np.clip(x, bounds[0], bounds[1])\n            y = np.clip(y, bounds[0], bounds[1])\n\n        value = evaluate_function(x, y)\n\n        if value < best_value:\n            best_value = value\n            best_x, best_y = x, y\n=======\n    total_range = bounds[1] - bounds[0]\n\n    # Parameters for adaptive search strategy\n    initial_explore_prob = 0.7  # Start with high global exploration\n    min_explore_prob = 0.05     # Minimum global exploration probability\n    initial_local_std = total_range / 5.0 # Initial standard deviation for local search\n    min_local_std = 1e-4        # Minimum standard deviation to prevent stagnation\n    decay_exponent = 2.0        # Controls how fast exploration/step size decays (higher means faster decay)\n\n    # Parameters for escaping local minima\n    no_improvement_streak_limit = iterations // 20 # Trigger reset if no improvement for 5% of iterations\n    large_jump_factor = 2.0     # Factor to increase local std for a large jump\n    force_global_jump_prob = 0.5 # Probability of a full global jump when stuck\n\n    no_improvement_streak = 0\n\n    for i in range(iterations):\n        # Calculate current exploration probability and local search standard deviation\n        # Decay factor ensures more exploration early and more exploitation later\n        progress = i / iterations\n        decay_factor = (1.0 - progress)**decay_exponent\n\n        current_explore_prob = max(min_explore_prob, initial_explore_prob * decay_factor)\n        current_local_std = max(min_local_std, initial_local_std * decay_factor)\n\n        x_candidate, y_candidate = best_x, best_y # Initialize candidate with current best\n\n        perform_escape_attempt = False\n        if no_improvement_streak >= no_improvement_streak_limit:\n            perform_escape_attempt = True\n            no_improvement_streak = 0 # Reset streak after triggering an escape attempt\n\n        if perform_escape_attempt:\n            if np.random.rand() < force_global_jump_prob:\n                # Perform a full global jump\n                x_candidate = np.random.uniform(bounds[0], bounds[1])\n                y_candidate = np.random.uniform(bounds[0], bounds[1])\n            else:\n                # Perform a wider local jump around the current best\n                temp_local_std = current_local_std * large_jump_factor\n                x_candidate = np.random.normal(loc=best_x, scale=temp_local_std)\n                y_candidate = np.random.normal(loc=best_y, scale=temp_local_std)\n        elif np.random.rand() < current_explore_prob:\n            # Regular global exploration\n            x_candidate = np.random.uniform(bounds[0], bounds[1])\n            y_candidate = np.random.uniform(bounds[0], bounds[1])\n        else:\n            # Local exploitation: perturb the current best point using a normal distribution\n            x_candidate = np.random.normal(loc=best_x, scale=current_local_std)\n            y_candidate = np.random.normal(loc=best_y, scale=current_local_std)\n\n        # Clip candidate coordinates to stay within the defined bounds\n        x_candidate = np.clip(x_candidate, bounds[0], bounds[1])\n        y_candidate = np.clip(y_candidate, bounds[0], bounds[1])\n\n        value = evaluate_function(x_candidate, y_candidate)\n\n        if value < best_value:\n            best_value = value\n            best_x, best_y = x_candidate, y_candidate\n            no_improvement_streak = 0 # Reset streak on improvement\n        else:\n            no_improvement_streak += 1 # Increment streak if no improvement\n>>>>>>> REPLACE"]}}, "artifacts_json": "{\"stage1_result\": \"Found solution at x=-1.7041, y=0.6775 with value=-1.5187\", \"distance_to_global\": \"0.0005\", \"solution_quality\": \"Distance < 0.5: Very close\", \"convergence_info\": \"Converged in 10 trials with 10 successes\", \"best_position\": \"Final position: x=-1.7040, y=0.6776\", \"average_distance_to_global\": \"0.0005\", \"search_efficiency\": \"Success rate: 100.00%\"}", "artifact_dir": null}