{"id": "d63a9459-b989-4a64-8767-bb4b0c917d1e", "code": "# EVOLVE-BLOCK-START\n\"\"\"Function minimization example for OpenEvolve\"\"\"\nimport numpy as np\n\n\ndef search_algorithm(iterations=1000, bounds=(-5, 5)):\n    \"\"\"\n    A hybrid random search algorithm combining global exploration and local exploitation.\n    Aims to escape local minima by balancing large jumps with fine-tuned steps.\n\n    Args:\n        iterations: Number of iterations to run\n        bounds: Bounds for the search space (min, max)\n\n    Returns:\n        Tuple of (best_x, best_y, best_value)\n    \"\"\"\n    min_bound, max_bound = bounds\n\n    # Initialize with a random point\n    best_x = np.random.uniform(min_bound, max_bound)\n    best_y = np.random.uniform(min_bound, max_bound)\n    best_value = evaluate_function(best_x, best_y)\n\n    # Parameters for hybrid search\n    # Gradually decrease exploration probability over time, with a minimum to ensure escape\n    # This starts with higher exploration and reduces it, allowing for more local refinement later\n    explore_probability = max(0.05, 0.3 - 0.25 * (_ / iterations)) # Decay from 0.3 to 0.05\n\n    # Gradually decrease the local step size over time for finer exploitation\n    # This starts with a larger step and shrinks it for more precise searching\n    local_step_std = (max_bound - min_bound) / 10.0 * max(0.1, 1.0 - _ / iterations) # Decay from 1/10th to 1/100th of the range\n\n    for i in range(iterations): # Renamed loop variable to avoid conflict with explore_probability calculation\n        x_candidate, y_candidate = best_x, best_y # Start candidate at current best\n\n        if np.random.rand() < explore_probability:\n            # Global exploration: sample a new point anywhere in the bounds\n            x_candidate = np.random.uniform(min_bound, max_bound)\n            y_candidate = np.random.uniform(min_bound, max_bound)\n        else:\n            # Local exploitation: perturb the current best point\n            # Ensure local_step_std is not zero for sampling\n            current_local_step_std = max(1e-5, local_step_std) \n            x_candidate = best_x + np.random.normal(0, current_local_step_std)\n            y_candidate = best_y + np.random.normal(0, current_local_step_std)\n            \n            # Ensure candidate stays within bounds\n            x_candidate = np.clip(x_candidate, min_bound, max_bound)\n            y_candidate = np.clip(y_candidate, min_bound, max_bound)\n\n        value_candidate = evaluate_function(x_candidate, y_candidate)\n\n        if value_candidate < best_value:\n            best_value = value_candidate\n            best_x, best_y = x_candidate, y_candidate\n\n    return best_x, best_y, best_value\n\n\n# EVOLVE-BLOCK-END\n\n\n# This part remains fixed (not evolved)\ndef evaluate_function(x, y):\n    \"\"\"The complex function we're trying to minimize\"\"\"\n    return np.sin(x) * np.cos(y) + np.sin(x * y) + (x**2 + y**2) / 20\n\n\ndef run_search():\n    x, y, value = search_algorithm()\n    return x, y, value\n\n\nif __name__ == \"__main__\":\n    x, y, value = run_search()\n    print(f\"Found minimum at ({x}, {y}) with value {value}\")\n", "language": "python", "parent_id": "16619093-fed6-41df-bdcd-c3c3263a5b5e", "generation": 3, "timestamp": 1759151760.9781148, "iteration_found": 20, "metrics": {"runs_successfully": 0.0, "combined_score": 0.0, "error": "name '_' is not defined"}, "complexity": 0.0, "diversity": 0.0, "metadata": {"changes": "Change 1: Replace 37 lines with 65 lines", "parent_metrics": {"runs_successfully": 0.0, "combined_score": 0.0, "error": "name '_' is not defined"}, "island": 0}, "prompts": {"diff_user": {"system": "You are an expert programmer specializing in optimization algorithms. Your task is to improve a function minimization algorithm to find the global minimum of a complex function with many local minima. The function is f(x, y) = sin(x) * cos(y) + sin(x*y) + (x^2 + y^2)/20. Focus on improving the search_algorithm function to reliably find the global minimum, escaping local minima that might trap simple algorithms.", "user": "# Current Program Information\n- Fitness: 0.0000\n- Feature coordinates: No feature coordinates\n- Focus areas: - Fitness declined: 1.4790 \u00e2\u2020\u2019 0.0000. Consider revising recent changes.\n- Consider simplifying - code length exceeds 500 characters\n\n## Last Execution Output\n\n### error_type\n```\nNameError\n```\n\n### error_message\n```\nStage 1: name '_' is not defined\n```\n\n### full_traceback\n```\nTraceback (most recent call last):\n  File \"C:\\Windows\\System32\\openevolve\\examples\\function_minimization\\evaluator.py\", line 294, in evaluate_stage1\n    result = run_with_timeout(program.run_search, timeout_seconds=5)\n             ^^^^^^^^^^^^^^^^^^^^^^^^^^^^^^^^^^^^^^^^^^^^^^^^^^^^^^^\n  File \"C:\\Windows\\System32\\openevolve\\examples\\function_minimization\\evaluator.py\", line 30, in run_with_timeout\n    result = future.result(timeout=timeout_seconds)\n             ^^^^^^^^^^^^^^^^^^^^^^^^^^^^^^^^^^^^^^\n  File \"C:\\Users\\kfg4s\\AppData\\Local\\Programs\\Python\\Python311\\Lib\\concurrent\\futures\\_base.py\", line 449, in result\n    return self.__get_result()\n           ^^^^^^^^^^^^^^^^^^^\n  File \"C:\\Users\\kfg4s\\AppData\\Local\\Programs\\Python\\Python311\\Lib\\concurrent\\futures\\_base.py\", line 401, in __get_result\n    raise self._exception\n  File \"C:\\Users\\kfg4s\\AppData\\Local\\Programs\\Python\\Python311\\Lib\\concurrent\\futures\\thread.py\", line 58, in run\n    result = self.fn(*self.args, **self.kwargs)\n             ^^^^^^^^^^^^^^^^^^^^^^^^^^^^^^^^^^\n  File \"C:\\Users\\kfg4s\\AppData\\Local\\Temp\\tmpfant0nvx.py\", line 71, in run_search\n    x, y, value = search_algorithm()\n                  ^^^^^^^^^^^^^^^^^^\n  File \"C:\\Users\\kfg4s\\AppData\\Local\\Temp\\tmpfant0nvx.py\", line 28, in search_algorithm\n    explore_probability = max(0.05, 0.3 - 0.25 * (_ / iterations)) # Decay from 0.3 to 0.05\n                                                  ^\nNameError: name '_' is not defined\n\n```\n\n### suggestion\n```\nUnexpected error occurred. Check the traceback for specific issue\n```\n\n# Program Evolution History\n## Previous Attempts\n\n### Attempt 3\n- Changes: Change 1: Replace 39 lines with 62 lines\n- Metrics: runs_successfully: 1.0000, value_score: 0.9965, distance_score: 0.9592, combined_score: 1.4790, reliability_score: 1.0000\n- Outcome: Mixed results\n\n### Attempt 2\n- Changes: Change 1: Replace 19 lines with 25 lines\nChange 2: Replace 16 lines with 27 lines\n- Metrics: runs_successfully: 1.0000, value_score: 0.9997, distance_score: 0.9960, combined_score: 1.4979, reliability_score: 1.0000\n- Outcome: Mixed results\n\n### Attempt 1\n- Changes: Change 1: Replace 16 lines with 35 lines\n- Metrics: runs_successfully: 1.0000, value_score: 0.9997, distance_score: 0.9980, combined_score: 1.4989, reliability_score: 1.0000\n- Outcome: Mixed results\n\n## Top Performing Programs\n\n### Program 1 (Score: 1.4989)\n```python\n# EVOLVE-BLOCK-START\n\"\"\"Function minimization example for OpenEvolve\"\"\"\nimport numpy as np\n\n\ndef search_algorithm(iterations=1000, bounds=(-5, 5)):\n    \"\"\"\n    A simple random search algorithm that often gets stuck in local minima.\n\n    Args:\n        iterations: Number of iterations to run\n        bounds: Bounds for the search space (min, max)\n\n    Returns:\n        Tuple of (best_x, best_y, best_value)\n    \"\"\"\n    # Initialize with a random point\n    best_x = np.random.uniform(bounds[0], bounds[1])\n    best_y = np.random.uniform(bounds[0], bounds[1])\n    best_value = evaluate_function(best_x, best_y)\n\n    total_range = bounds[1] - bounds[0]\n\n    for i in range(iterations):\n        # Gradually shift from global exploration to local exploitation\n        # `explore_prob` decreases over time, `current_local_span` shrinks\n        # Minimum `explore_prob` of 0.05 ensures occasional global jumps to escape local minima\n        explore_prob = max(0.05, 1.0 - i / iterations)\n        # Local search span shrinks from 20% of total_range down to a very small value\n        current_local_span = total_range * (1.0 - i / iterations) * 0.2\n\n        if np.random.rand() < explore_prob: # Global exploration\n            x_candidate = np.random.uniform(bounds[0], bounds[1])\n            y_candidate = np.random.uniform(bounds[0], bounds[1])\n        else: # Local exploitation around the current best point\n            # Ensure local_span is not zero for sampling\n            half_span = max(1e-5, current_local_span / 2.0)\n            x_candidate = best_x + np.random.uniform(-half_span, half_span)\n            y_candidate = best_y + np.random.uniform(-half_span, half_span)\n\n            # Ensure candidate points are within global bounds\n            x_candidate = np.clip(x_candidate, bounds[0], bounds[1])\n            y_candidate = np.clip(y_candidate, bounds[0], bounds[1])\n\n        value = evaluate_function(x_candidate, y_candidate)\n\n        if value < best_value:\n            best_value = value\n            best_x, best_y = x_candidate, y_candidate\n\n    return best_x, best_y, best_value\n\n\n# EVOLVE-BLOCK-END\n\n\n# This part remains fixed (not evolved)\ndef evaluate_function(x, y):\n    \"\"\"The complex function we're trying to minimize\"\"\"\n    return np.sin(x) * np.cos(y) + np.sin(x * y) + (x**2 + y**2) / 20\n\n\ndef run_search():\n    x, y, value = search_algorithm()\n    return x, y, value\n\n\nif __name__ == \"__main__\":\n    x, y, value = run_search()\n    print(f\"Found minimum at ({x}, {y}) with value {value}\")\n\n```\nKey features: Performs well on runs_successfully (1.0000), Performs well on value_score (0.9997), Performs well on distance_score (0.9980), Performs well on combined_score (1.4989), Performs well on reliability_score (1.0000)\n\n### Program 2 (Score: 1.4979)\n```python\n# EVOLVE-BLOCK-START\n\"\"\"Function minimization example for OpenEvolve\"\"\"\nimport numpy as np\n\n\ndef search_algorithm(iterations=1000, bounds=(-5, 5)):\n    \"\"\"\n    A simple random search algorithm that often gets stuck in local minima.\n\n    Args:\n        iterations: Number of iterations to run\n        bounds: Bounds for the search space (min, max)\n\n    Returns:\n        Tuple of (best_x, best_y, best_value)\n    \"\"\"\n    # Initialize with a random point\n    best_x = np.random.uniform(bounds[0], bounds[1])\n    best_y = np.random.uniform(bounds[0], bounds[1])\n    best_value = evaluate_function(best_x, best_y)\n\n    total_range = bounds[1] - bounds[0]\n\n    for i in range(iterations):\n        # Gradually shift from global exploration to local exploitation\n        # `explore_prob` decreases over time, `current_local_span` shrinks\n        # Minimum `explore_prob` of 0.05 ensures occasional global jumps to escape local minima\n        # Start with a higher exploration probability and decay it more rapidly initially\n        explore_prob = max(0.05, 1.0 - (i / iterations)**1.5) \n\n        # Local search span shrinks from 20% of total_range down to a very small value\n        # This span also decays, ensuring finer local searches as we progress.\n        # The decay rate is controlled by (1.0 - i / iterations)**1.5 to mirror explore_prob\n        current_local_span = total_range * (1.0 - (i / iterations)**1.5) * 0.2\n\n        if np.random.rand() < explore_prob: # Global exploration\n            x_candidate = np.random.uniform(bounds[0], bounds[1])\n            y_candidate = np.random.uniform(bounds[0], bounds[1])\n        else: # Local exploitation around the current best point\n            # Ensure local_span is not zero for sampling\n            half_span = max(1e-5, current_local_span / 2.0)\n            # Use Gaussian perturbation for local search, which is often more effective\n            # than uniform for fine-tuning around a point.\n            x_candidate = best_x + np.random.normal(0, half_span)\n            y_candidate = best_y + np.random.normal(0, half_span)\n\n            # Ensure candidate points are within global bounds\n            x_candidate = np.clip(x_candidate, bounds[0], bounds[1])\n            y_candidate = np.clip(y_candidate, bounds[0], bounds[1])\n\n        value = evaluate_function(x_candidate, y_candidate)\n\n        if value < best_value:\n            best_value = value\n            best_x, best_y = x_candidate, y_candidate\n\n    return best_x, best_y, best_value\n\n\n# EVOLVE-BLOCK-END\n\n\n# This part remains fixed (not evolved)\ndef evaluate_function(x, y):\n    \"\"\"The complex function we're trying to minimize\"\"\"\n    return np.sin(x) * np.cos(y) + np.sin(x * y) + (x**2 + y**2) / 20\n\n\ndef run_search():\n    x, y, value = search_algorithm()\n    return x, y, value\n\n\nif __name__ == \"__main__\":\n    x, y, value = run_search()\n    print(f\"Found minimum at ({x}, {y}) with value {value}\")\n\n```\nKey features: Performs well on runs_successfully (1.0000), Performs well on value_score (0.9997), Performs well on distance_score (0.9960), Performs well on combined_score (1.4979), Performs well on reliability_score (1.0000)\n\n### Program 3 (Score: 1.4790)\n```python\n# EVOLVE-BLOCK-START\n\"\"\"Function minimization example for OpenEvolve\"\"\"\nimport numpy as np\n\n\ndef search_algorithm(iterations=1000, bounds=(-5, 5)):\n    \"\"\"\n    A simple random search algorithm that often gets stuck in local minima.\n\n    Args:\n        iterations: Number of iterations to run\n        bounds: Bounds for the search space (min, max)\n\n    Returns:\n        Tuple of (best_x, best_y, best_value)\n    \"\"\"\n    # Initialize with a random point for both current and best\n    current_x = np.random.uniform(bounds[0], bounds[1])\n    current_y = np.random.uniform(bounds[0], bounds[1])\n    current_value = evaluate_function(current_x, current_y)\n\n    best_x, best_y, best_value = current_x, current_y, current_value\n\n    # Simulated Annealing parameters\n    # Estimate initial temperature: Aim for ~50% acceptance of significantly worse solutions\n    # Sample a few points to estimate the variance of function values\n    sample_values = [evaluate_function(np.random.uniform(bounds[0], bounds[1]), np.random.uniform(bounds[0], bounds[1])) for _ in range(100)]\n    # A simple heuristic: initial temperature is related to the std of function values\n    # This ensures that early on, we are likely to accept worse solutions to explore\n    initial_temperature = np.std(sample_values) if sample_values else 1.0\n    temperature = max(1e-3, initial_temperature * 1.5) # Start a bit higher\n\n    cooling_rate = 0.995  # Slightly slower cooling rate for better exploration\n    step_range = (bounds[1] - bounds[0]) # Total range for a dimension\n\n    # Adaptive global jump probability: higher at start, lower at end\n    global_jump_prob_initial = 0.3\n    global_jump_prob_final = 0.05\n\n    for i in range(iterations):\n        # Calculate current global jump probability based on iteration progress\n        progress = i / iterations\n        current_global_jump_prob = global_jump_prob_initial - (global_jump_prob_initial - global_jump_prob_final) * progress\n\n        # Generate a candidate point (neighbor or global jump)\n        if np.random.rand() < current_global_jump_prob:  # Adaptive global jump\n            new_x = np.random.uniform(bounds[0], bounds[1])\n            new_y = np.random.uniform(bounds[0], bounds[1])\n        else:\n            # Perturb current position, step size scales with temperature\n            # Max step is 15% of the total range, scaled by current temperature\n            # Ensure step_size doesn't become too large even at high temps\n            max_step_fraction = 0.15\n            step_size = step_range * max_step_fraction * (temperature / (max(1e-3, initial_temperature)))\n            new_x = current_x + np.random.uniform(-step_size, step_size)\n            new_y = current_y + np.random.uniform(-step_size, step_size)\n            # Ensure candidate stays within bounds\n            new_x = np.clip(new_x, bounds[0], bounds[1])\n            new_y = np.clip(new_y, bounds[0], bounds[1])\n\n        new_value = evaluate_function(new_x, new_y)\n\n        # Simulated Annealing acceptance criterion\n        if new_value < current_value:\n            current_x, current_y, current_value = new_x, new_y, new_value\n            if new_value < best_value: # Update global best if a new best is found\n                best_x, best_y, best_value = new_x, new_y, new_value\n        elif temperature > 1e-9: # Use a small threshold to avoid division by near-zero temperature\n            # Accept worse solution with a probability (Metropolis criterion)\n            try:\n                acceptance_probability = np.exp((current_value - new_value) / temperature)\n                if np.random.rand() < acceptance_probability:\n                    current_x, current_y, current_value = new_x, new_y, new_value\n            except OverflowError:\n                # If exp() overflows, it means the probability is extremely low, effectively 0\n                pass\n\n\n        # Cool down the temperature\n        temperature *= cooling_rate\n        # Ensure temperature doesn't become exactly zero or too small for exp calculation\n        if temperature < 1e-9:\n            temperature = 1e-9\n\n    return best_x, best_y, best_value\n\n\n# EVOLVE-BLOCK-END\n\n\n# This part remains fixed (not evolved)\ndef evaluate_function(x, y):\n    \"\"\"The complex function we're trying to minimize\"\"\"\n    return np.sin(x) * np.cos(y) + np.sin(x * y) + (x**2 + y**2) / 20\n\n\ndef run_search():\n    x, y, value = search_algorithm()\n    return x, y, value\n\n\nif __name__ == \"__main__\":\n    x, y, value = run_search()\n    print(f\"Found minimum at ({x}, {y}) with value {value}\")\n\n```\nKey features: Performs well on runs_successfully (1.0000), Performs well on value_score (0.9965), Performs well on distance_score (0.9592), Performs well on combined_score (1.4790), Performs well on reliability_score (1.0000)\n\n\n\n## Diverse Programs\n\n### Program D1 (Score: 1.4531)\n```python\n# EVOLVE-BLOCK-START\n\"\"\"Function minimization example for OpenEvolve\"\"\"\nimport numpy as np\n\n\ndef search_algorithm(iterations=1000, bounds=(-5, 5)):\n    \"\"\"\n    A simple random search algorithm that often gets stuck in local minima.\n\n    Args:\n        iterations: Number of iterations to run\n        bounds: Bounds for the search space (min, max)\n\n    Returns:\n        Tuple of (best_x, best_y, best_value)\n    \"\"\"\n    # Initialize with a random point\n    best_x = np.random.uniform(bounds[0], bounds[1])\n    best_y = np.random.uniform(bounds[0], bounds[1])\n    best_value = evaluate_function(best_x, best_y)\n\n    # Parameters for biased random search\n    # Probability of performing a global random jump (exploration)\n    P_GLOBAL_EXPLORATION = 0.2\n    # Standard deviation for local search (exploitation), relative to bounds\n    LOCAL_SEARCH_STD = (bounds[1] - bounds[0]) / 5.0\n\n    for _ in range(iterations):\n        if np.random.rand() < P_GLOBAL_EXPLORATION:\n            # Global random search: sample uniformly across the entire bounds\n            x = np.random.uniform(bounds[0], bounds[1])\n            y = np.random.uniform(bounds[0], bounds[1])\n        else:\n            # Local search: perturb the current best point using a normal distribution\n            x = np.random.normal(loc=best_x, scale=LOCAL_SEARCH_STD)\n            y = np.random.normal(loc=best_y, scale=LOCAL_SEARCH_STD)\n\n            # Clip coordinates to stay within the defined bounds\n            x = np.clip(x, bounds[0], bounds[1])\n            y = np.clip(y, bounds[0], bounds[1])\n\n        value = evaluate_function(x, y)\n\n        if value < best_value:\n            best_value = value\n            best_x, best_y = x, y\n\n    return best_x, best_y, best_value\n\n\n# EVOLVE-BLOCK-END\n\n\n# This part remains fixed (not evolved)\ndef evaluate_function(x, y):\n    \"\"\"The complex function we're trying to minimize\"\"\"\n    return np.sin(x) * np.cos(y) + np.sin(x * y) + (x**2 + y**2) / 20\n\n\ndef run_search():\n    x, y, value = search_algorithm()\n    return x, y, value\n\n\nif __name__ == \"__main__\":\n    x, y, value = run_search()\n    print(f\"Found minimum at ({x}, {y}) with value {value}\")\n\n```\nKey features: Alternative approach to runs_successfully, Alternative approach to value_score\n\n### Program D2 (Score: 1.4740)\n```python\n# EVOLVE-BLOCK-START\n\"\"\"Function minimization example for OpenEvolve\"\"\"\nimport numpy as np\n\n\ndef search_algorithm(iterations=1000, bounds=(-5, 5)):\n    \"\"\"\n    An improved random search that combines global exploration with local refinement.\n    Helps escape local minima by mixing global jumps and local perturbations.\n\n    Args:\n        iterations: Number of iterations to run\n        bounds: Bounds for the search space (min, max)\n\n    Returns:\n        Tuple of (best_x, best_y, best_value)\n    \"\"\"\n    low, high = bounds\n    \n    # Initialize with a random point\n    best_x = np.random.uniform(low, high)\n    best_y = np.random.uniform(low, high)\n    best_value = evaluate_function(best_x, best_y)\n\n    # Parameters for adaptive search\n    # Probability of performing a local perturbation around the current best\n    local_search_prob = 0.8 \n    # Standard deviation for the Gaussian perturbation in local search\n    # Scales with the search space width to be effective\n    perturbation_std = (high - low) / 10.0 \n\n    for _ in range(iterations):\n        if np.random.rand() < local_search_prob:\n            # Local refinement: perturb around the current best solution\n            x_candidate = np.clip(best_x + np.random.normal(0, perturbation_std), low, high)\n            y_candidate = np.clip(best_y + np.random.normal(0, perturbation_std), low, high)\n        else:\n            # Global exploration: jump to a completely random point in the search space\n            x_candidate = np.random.uniform(low, high)\n            y_candidate = np.random.uniform(low, high)\n        \n        value = evaluate_function(x_candidate, y_candidate)\n\n        if value < best_value:\n            best_value = value\n            best_x, best_y = x_candidate, y_candidate\n\n    return best_x, best_y, best_value\n\n\n# EVOLVE-BLOCK-END\n\n\n# This part remains fixed (not evolved)\ndef evaluate_function(x, y):\n    \"\"\"The complex function we're trying to minimize\"\"\"\n    return np.sin(x) * np.cos(y) + np.sin(x * y) + (x**2 + y**2) / 20\n\n\ndef run_search():\n    x, y, value = search_algorithm()\n    return x, y, value\n\n\nif __name__ == \"__main__\":\n    x, y, value = run_search()\n    print(f\"Found minimum at ({x}, {y}) with value {value}\")\n\n```\nKey features: Alternative approach to runs_successfully, Alternative approach to value_score\n\n## Inspiration Programs\n\nThese programs represent diverse approaches and creative solutions that may inspire new ideas:\n\n### Inspiration 1 (Score: 1.4989, Type: High-Performer)\n```python\n# EVOLVE-BLOCK-START\n\"\"\"Function minimization example for OpenEvolve\"\"\"\nimport numpy as np\n\n\ndef search_algorithm(iterations=1000, bounds=(-5, 5)):\n    \"\"\"\n    A simple random search algorithm that often gets stuck in local minima.\n\n    Args:\n        iterations: Number of iterations to run\n        bounds: Bounds for the search space (min, max)\n\n    Returns:\n        Tuple of (best_x, best_y, best_value)\n    \"\"\"\n    # Initialize with a random point\n    best_x = np.random.uniform(bounds[0], bounds[1])\n    best_y = np.random.uniform(bounds[0], bounds[1])\n    best_value = evaluate_function(best_x, best_y)\n\n    total_range = bounds[1] - bounds[0]\n\n    for i in range(iterations):\n        # Gradually shift from global exploration to local exploitation\n        # `explore_prob` decreases over time, `current_local_span` shrinks\n        # Minimum `explore_prob` of 0.05 ensures occasional global jumps to escape local minima\n        explore_prob = max(0.05, 1.0 - i / iterations)\n        # Local search span shrinks from 20% of total_range down to a very small value\n        current_local_span = total_range * (1.0 - i / iterations) * 0.2\n\n        if np.random.rand() < explore_prob: # Global exploration\n            x_candidate = np.random.uniform(bounds[0], bounds[1])\n            y_candidate = np.random.uniform(bounds[0], bounds[1])\n        else: # Local exploitation around the current best point\n            # Ensure local_span is not zero for sampling\n            half_span = max(1e-5, current_local_span / 2.0)\n            x_candidate = best_x + np.random.uniform(-half_span, half_span)\n            y_candidate = best_y + np.random.uniform(-half_span, half_span)\n\n            # Ensure candidate points are within global bounds\n            x_candidate = np.clip(x_candidate, bounds[0], bounds[1])\n            y_candidate = np.clip(y_candidate, bounds[0], bounds[1])\n\n        value = evaluate_function(x_candidate, y_candidate)\n\n        if value < best_value:\n            best_value = value\n            best_x, best_y = x_candidate, y_candidate\n\n    return best_x, best_y, best_value\n\n\n# EVOLVE-BLOCK-END\n\n\n# This part remains fixed (not evolved)\ndef evaluate_function(x, y):\n    \"\"\"The complex function we're trying to minimize\"\"\"\n    return np.sin(x) * np.cos(y) + np.sin(x * y) + (x**2 + y**2) / 20\n\n\ndef run_search():\n    x, y, value = search_algorithm()\n    return x, y, value\n\n\nif __name__ == \"__main__\":\n    x, y, value = run_search()\n    print(f\"Found minimum at ({x}, {y}) with value {value}\")\n\n```\nUnique approach: Modification: Change 1: Replace 16 lines with 35 lines, Excellent runs_successfully (1.000), Excellent value_score (1.000)\n\n### Inspiration 2 (Score: 0.0000, Type: Exploratory)\n```python\n# EVOLVE-BLOCK-START\n\"\"\"Function minimization example for OpenEvolve\"\"\"\nimport numpy as np\n\n\ndef search_algorithm(iterations=1000, bounds=(-5, 5)):\n    \"\"\"\n    A simple random search algorithm that often gets stuck in local minima.\n\n    Args:\n        iterations: Number of iterations to run\n        bounds: Bounds for the search space (min, max)\n\n    Returns:\n        Tuple of (best_x, best_y, best_value)\n    \"\"\"\n    # Initialize with a random point\n    best_x = np.random.uniform(bounds[0], bounds[1])\n    best_y = np.random.uniform(bounds[0], bounds[1])\n    best_value = evaluate_function(best_x, best_y)\n\n    total_range = bounds[1] - bounds[0]\n    initial_local_std = total_range / 5.0 # Initial standard deviation for local search\n\n    for i in range(iterations):\n        # Gradually shift from global exploration to local exploitation\n        # explore_prob decreases over time, but always keeps a small chance for global jumps\n        explore_prob = max(0.05, 1.0 - i / iterations)\n        \n        # Local search standard deviation shrinks over time\n        current_local_std = max(1e-5, initial_local_std * (1.0 - i / iterations))\n\n        if np.random.rand() < explore_prob: # Global exploration\n            x_candidate = np.random.uniform(bounds[0], bounds[1])\n            y_candidate = np.random.uniform(bounds[0], bounds[1])\n        else: # Local exploitation around the current best point\n            x_candidate = np.random.normal(loc=best_x, scale=current_local_std)\n            y_candidate = np.random.normal(loc=best_y, scale=current_local_std)\n\n            # Clip coordinates to stay within the defined bounds\n            x = np.clip(x, bounds[0], bounds[1])\n            y = np.clip(y, bounds[0], bounds[1])\n\n        value = evaluate_function(x, y)\n\n        if value < best_value:\n            best_value = value\n            best_x, best_y = x, y\n\n    return best_x, best_y, best_value\n\n\n# EVOLVE-BLOCK-END\n\n\n# This part remains fixed (not evolved)\ndef evaluate_function(x, y):\n    \"\"\"The complex function we're trying to minimize\"\"\"\n    return np.sin(x) * np.cos(y) + np.sin(x * y) + (x**2 + y**2) / 20\n\n\ndef run_search():\n    x, y, value = search_algorithm()\n    return x, y, value\n\n\nif __name__ == \"__main__\":\n    x, y, value = run_search()\n    print(f\"Found minimum at ({x}, {y}) with value {value}\")\n\n```\nUnique approach: Modification: Change 1: Replace 15 lines with 17 lines, Alternative runs_successfully approach, Alternative combined_score approach\n\n### Inspiration 3 (Score: 1.4740, Type: High-Performer)\n```python\n# EVOLVE-BLOCK-START\n\"\"\"Function minimization example for OpenEvolve\"\"\"\nimport numpy as np\n\n\ndef search_algorithm(iterations=1000, bounds=(-5, 5)):\n    \"\"\"\n    An improved random search that combines global exploration with local refinement.\n    Helps escape local minima by mixing global jumps and local perturbations.\n\n    Args:\n        iterations: Number of iterations to run\n        bounds: Bounds for the search space (min, max)\n\n    Returns:\n        Tuple of (best_x, best_y, best_value)\n    \"\"\"\n    low, high = bounds\n    \n    # Initialize with a random point\n    best_x = np.random.uniform(low, high)\n    best_y = np.random.uniform(low, high)\n    best_value = evaluate_function(best_x, best_y)\n\n    # Parameters for adaptive search\n    # Probability of performing a local perturbation around the current best\n    local_search_prob = 0.8 \n    # Standard deviation for the Gaussian perturbation in local search\n    # Scales with the search space width to be effective\n    perturbation_std = (high - low) / 10.0 \n\n    for _ in range(iterations):\n        if np.random.rand() < local_search_prob:\n            # Local refinement: perturb around the current best solution\n            x_candidate = np.clip(best_x + np.random.normal(0, perturbation_std), low, high)\n            y_candidate = np.clip(best_y + np.random.normal(0, perturbation_std), low, high)\n        else:\n            # Global exploration: jump to a completely random point in the search space\n            x_candidate = np.random.uniform(low, high)\n            y_candidate = np.random.uniform(low, high)\n        \n        value = evaluate_function(x_candidate, y_candidate)\n\n        if value < best_value:\n            best_value = value\n            best_x, best_y = x_candidate, y_candidate\n\n    return best_x, best_y, best_value\n\n\n# EVOLVE-BLOCK-END\n\n\n# This part remains fixed (not evolved)\ndef evaluate_function(x, y):\n    \"\"\"The complex function we're trying to minimize\"\"\"\n    return np.sin(x) * np.cos(y) + np.sin(x * y) + (x**2 + y**2) / 20\n\n\ndef run_search():\n    x, y, value = search_algorithm()\n    return x, y, value\n\n\nif __name__ == \"__main__\":\n    x, y, value = run_search()\n    print(f\"Found minimum at ({x}, {y}) with value {value}\")\n\n```\nUnique approach: Modification: Change 1: Replace 27 lines with 43 lines, Excellent runs_successfully (1.000), Excellent value_score (0.996)\n\n# Current Program\n```python\n# EVOLVE-BLOCK-START\n\"\"\"Function minimization example for OpenEvolve\"\"\"\nimport numpy as np\n\n\ndef search_algorithm(iterations=1000, bounds=(-5, 5)):\n    \"\"\"\n    A hybrid random search algorithm combining global exploration and local exploitation.\n    Aims to escape local minima by balancing large jumps with fine-tuned steps.\n\n    Args:\n        iterations: Number of iterations to run\n        bounds: Bounds for the search space (min, max)\n\n    Returns:\n        Tuple of (best_x, best_y, best_value)\n    \"\"\"\n    min_bound, max_bound = bounds\n\n    # Initialize with a random point\n    best_x = np.random.uniform(min_bound, max_bound)\n    best_y = np.random.uniform(min_bound, max_bound)\n    best_value = evaluate_function(best_x, best_y)\n\n    # Parameters for hybrid search\n    # Gradually decrease exploration probability over time, with a minimum to ensure escape\n    # This starts with higher exploration and reduces it, allowing for more local refinement later\n    explore_probability = max(0.05, 0.3 - 0.25 * (_ / iterations)) # Decay from 0.3 to 0.05\n\n    # Gradually decrease the local step size over time for finer exploitation\n    # This starts with a larger step and shrinks it for more precise searching\n    local_step_std = (max_bound - min_bound) / 10.0 * max(0.1, 1.0 - _ / iterations) # Decay from 1/10th to 1/100th of the range\n\n    for i in range(iterations): # Renamed loop variable to avoid conflict with explore_probability calculation\n        x_candidate, y_candidate = best_x, best_y # Start candidate at current best\n\n        if np.random.rand() < explore_probability:\n            # Global exploration: sample a new point anywhere in the bounds\n            x_candidate = np.random.uniform(min_bound, max_bound)\n            y_candidate = np.random.uniform(min_bound, max_bound)\n        else:\n            # Local exploitation: perturb the current best point\n            # Ensure local_step_std is not zero for sampling\n            current_local_step_std = max(1e-5, local_step_std) \n            x_candidate = best_x + np.random.normal(0, current_local_step_std)\n            y_candidate = best_y + np.random.normal(0, current_local_step_std)\n            \n            # Ensure candidate stays within bounds\n            x_candidate = np.clip(x_candidate, min_bound, max_bound)\n            y_candidate = np.clip(y_candidate, min_bound, max_bound)\n\n        value_candidate = evaluate_function(x_candidate, y_candidate)\n\n        if value_candidate < best_value:\n            best_value = value_candidate\n            best_x, best_y = x_candidate, y_candidate\n\n    return best_x, best_y, best_value\n\n\n# EVOLVE-BLOCK-END\n\n\n# This part remains fixed (not evolved)\ndef evaluate_function(x, y):\n    \"\"\"The complex function we're trying to minimize\"\"\"\n    return np.sin(x) * np.cos(y) + np.sin(x * y) + (x**2 + y**2) / 20\n\n\ndef run_search():\n    x, y, value = search_algorithm()\n    return x, y, value\n\n\nif __name__ == \"__main__\":\n    x, y, value = run_search()\n    print(f\"Found minimum at ({x}, {y}) with value {value}\")\n\n```\n\n# Task\nSuggest improvements to the program that will improve its FITNESS SCORE.\nThe system maintains diversity across these dimensions: complexity, diversity\nDifferent solutions with similar fitness but different features are valuable.\n\nYou MUST use the exact SEARCH/REPLACE diff format shown below to indicate changes:\n\n<<<<<<< SEARCH\n# Original code to find and replace (must match exactly)\n=======\n# New replacement code\n>>>>>>> REPLACE\n\nExample of valid diff format:\n<<<<<<< SEARCH\nfor i in range(m):\n    for j in range(p):\n        for k in range(n):\n            C[i, j] += A[i, k] * B[k, j]\n=======\n# Reorder loops for better memory access pattern\nfor i in range(m):\n    for k in range(n):\n        for j in range(p):\n            C[i, j] += A[i, k] * B[k, j]\n>>>>>>> REPLACE\n\nYou can suggest multiple changes. Each SEARCH section must exactly match code in the current program.\nBe thoughtful about your changes and explain your reasoning thoroughly.\n\nIMPORTANT: Do not rewrite the entire program - focus on targeted improvements.", "responses": ["The current program suffers from a `NameError` because the variables `_` used in calculating `explore_probability` and `local_step_std` are not defined outside the `for` loop. These calculations are meant to provide a decaying value over iterations, so they must be placed inside the loop and use the loop variable `i`.\n\nBeyond the error, the current algorithm is a hybrid random search that only accepts strictly better solutions. While it has some adaptive elements for exploration/exploitation, it lacks a mechanism to systematically escape local minima by occasionally accepting worse solutions, which is crucial for complex functions with many local minima.\n\nTo reliably find the global minimum, a more robust metaheuristic like Simulated Annealing (SA) is highly effective. SA allows the search to escape local minima by accepting worse solutions with a probability that decreases over time (temperature).\n\nThe proposed improvement integrates Simulated Annealing principles into the `search_algorithm` function.\n\n**Reasoning for Changes:**\n\n1.  **Fix `NameError` and Dynamic Parameters:** The `explore_probability` and `local_step_std` (now replaced by a temperature-scaled `step_size`) calculations are moved inside the `for` loop, using `i` as the iteration variable. This ensures that these parameters decay correctly over time, transitioning from global exploration to local exploitation.\n2.  **Simulated Annealing Core:**\n    *   **`best_x, best_y, best_value`**: Tracks the absolute best solution found throughout the entire search.\n    *   **`current_x, current_y, current_value`**: Represents the current position in the search space, which can move to worse solutions to escape local minima.\n    *   **Temperature Schedule**: An `initial_temperature` is estimated based on the standard deviation of initial function samples, and then gradually decreased using a `cooling_rate`.\n    *   **Adaptive Step Size**: The `step_size` for local perturbations is now directly scaled by the `temperature`. This allows for larger exploratory steps at higher temperatures and finer, exploitative steps as the temperature cools.\n    *   **Adaptive Global Jump Probability**: Similar to the original `explore_probability`, `current_global_jump_prob` decreases over time, ensuring continued global exploration early on and more focused local search later.\n    *   **Metropolis Acceptance Criterion**: If a `value_candidate` is better than `current_value`, it's always accepted. If it's worse, it's accepted with a probability `np.exp((current_value - value_candidate) / temperature)`. This allows the algorithm to \"climb out\" of local minima.\n    *   **Numerical Stability**: Safeguards against `temperature` becoming too small (division by zero) and `np.exp` `OverflowError` are included.\n\nThis revised `search_algorithm` implements a robust Simulated Annealing approach, which is well-suited for the challenging task of finding the global minimum of a complex function with many local minima, significantly improving its reliability compared to a purely greedy search.\n\n**Proposed Changes:**\n\n<<<<<<< SEARCH\n    # Initialize current position (for local search/SA)\n    current_x, current_y = best_x, best_y\n    current_value = best_value\n\n    for i in range(iterations):\n        # Gradually decrease exploration probability over time, with a minimum to ensure escape\n        # This starts with higher exploration and reduces it, allowing for more local refinement later\n        explore_probability = max(0.05, 0.3 - 0.25 * (i / iterations)) # Decay from 0.3 to 0.05\n\n        # Gradually decrease the local step size over time for finer exploitation\n        # This starts with a larger step and shrinks it for more precise searching\n        # Ensure local_step_std is not zero for sampling\n        local_step_std = (max_bound - min_bound) / 10.0 * max(0.01, 1.0 - i / iterations) # Decay from 1/10th to 1/100th of the range\n        current_local_step_std = max(1e-5, local_step_std)\n\n        x_candidate, y_candidate = current_x, current_y # Start candidate at current position\n\n        if np.random.rand() < explore_probability:\n            # Global exploration: sample a new point anywhere in the bounds\n            x_candidate = np.random.uniform(min_bound, max_bound)\n            y_candidate = np.random.uniform(min_bound, max_bound)\n        else:\n            # Local exploitation: perturb the current point\n            x_candidate = current_x + np.random.normal(0, current_local_step_std)\n            y_candidate = current_y + np.random.normal(0, current_local_step_std)\n            \n            # Ensure candidate stays within bounds\n            x_candidate = np.clip(x_candidate, min_bound, max_bound)\n            y_candidate = np.clip(y_candidate, min_bound, max_bound)\n\n        value_candidate = evaluate_function(x_candidate, y_candidate)\n\n        # Update current position based on greedy acceptance for now (will be SA later)\n        if value_candidate < current_value:\n            current_x, current_y, current_value = x_candidate, y_candidate, value_candidate\n            if value_candidate < best_value:\n                best_x, best_y, best_value = x_candidate, y_candidate, value_candidate\n=======\n    # Initialize current position (for local search/SA)\n    current_x = best_x\n    current_y = best_y\n    current_value = best_value\n\n    # Simulated Annealing parameters\n    # Estimate initial temperature: Aim for ~50% acceptance of significantly worse solutions\n    # Sample a few points to estimate the variance of function values\n    sample_values = [evaluate_function(np.random.uniform(min_bound, max_bound), np.random.uniform(min_bound, max_bound)) for _ in range(20)]\n    initial_temperature = np.std(sample_values) if sample_values and np.std(sample_values) > 1e-6 else 1.0\n    temperature = max(1e-3, initial_temperature * 1.5) # Start a bit higher\n\n    cooling_rate = 0.995 # Standard cooling rate for gradual cooling\n\n    for i in range(iterations):\n        # Annealing schedule for temperature\n        temperature *= cooling_rate\n        # Ensure temperature doesn't become too small for exp calculation\n        if temperature < 1e-9:\n            temperature = 1e-9\n\n        # Adaptive global jump probability: higher at start, lower at end\n        # This balances global exploration with local search\n        global_jump_prob_initial = 0.3\n        global_jump_prob_final = 0.05\n        progress = i / iterations\n        current_global_jump_prob = global_jump_prob_initial - (global_jump_prob_initial - global_jump_prob_final) * progress\n\n        x_candidate, y_candidate = current_x, current_y # Start candidate at current position\n\n        if np.random.rand() < current_global_jump_prob:\n            # Global exploration: sample a new point anywhere in the bounds\n            x_candidate = np.random.uniform(min_bound, max_bound)\n            y_candidate = np.random.uniform(min_bound, max_bound)\n        else:\n            # Local exploitation: perturb the current point\n            # Step size scales with temperature to allow larger steps initially\n            max_step_fraction = 0.2 # Max step is 20% of total range\n            # Adjust step size based on current temperature relative to initial temperature\n            step_size = (max_bound - min_bound) * max_step_fraction * (temperature / max(1e-3, initial_temperature))\n            current_local_step_std = max(1e-5, step_size / 2.0) # Using half step_size as std for Gaussian\n            \n            x_candidate = current_x + np.random.normal(0, current_local_step_std)\n            y_candidate = current_y + np.random.normal(0, current_local_step_std)\n            \n            # Ensure candidate stays within bounds\n            x_candidate = np.clip(x_candidate, min_bound, max_bound)\n            y_candidate = np.clip(y_candidate, min_bound, max_bound)\n\n        value_candidate = evaluate_function(x_candidate, y_candidate)\n\n        # Simulated Annealing acceptance criterion\n        if value_candidate < current_value:\n            current_x, current_y, current_value = x_candidate, y_candidate, value_candidate\n            if value_candidate < best_value: # Always update global best if a new best is found\n                best_x, best_y, best_value = x_candidate, y_candidate, value_candidate\n        else: # Accept worse solution with a probability (Metropolis criterion)\n            try:\n                # Calculate acceptance probability for worse solutions\n                acceptance_probability = np.exp((current_value - value_candidate) / temperature)\n                if np.random.rand() < acceptance_probability:\n                    current_x, current_y, current_value = x_candidate, y_candidate, value_candidate\n            except OverflowError:\n                # If exp() overflows, it means the probability is extremely low, effectively 0\n                pass\n>>>>>>> REPLACE"]}}, "artifacts_json": "{\"error_type\": \"NameError\", \"error_message\": \"Stage 1: name '_' is not defined\", \"full_traceback\": \"Traceback (most recent call last):\\n  File \\\"C:\\\\Windows\\\\System32\\\\openevolve\\\\examples\\\\function_minimization\\\\evaluator.py\\\", line 294, in evaluate_stage1\\n    result = run_with_timeout(program.run_search, timeout_seconds=5)\\n             ^^^^^^^^^^^^^^^^^^^^^^^^^^^^^^^^^^^^^^^^^^^^^^^^^^^^^^^\\n  File \\\"C:\\\\Windows\\\\System32\\\\openevolve\\\\examples\\\\function_minimization\\\\evaluator.py\\\", line 30, in run_with_timeout\\n    result = future.result(timeout=timeout_seconds)\\n             ^^^^^^^^^^^^^^^^^^^^^^^^^^^^^^^^^^^^^^\\n  File \\\"C:\\\\Users\\\\kfg4s\\\\AppData\\\\Local\\\\Programs\\\\Python\\\\Python311\\\\Lib\\\\concurrent\\\\futures\\\\_base.py\\\", line 449, in result\\n    return self.__get_result()\\n           ^^^^^^^^^^^^^^^^^^^\\n  File \\\"C:\\\\Users\\\\kfg4s\\\\AppData\\\\Local\\\\Programs\\\\Python\\\\Python311\\\\Lib\\\\concurrent\\\\futures\\\\_base.py\\\", line 401, in __get_result\\n    raise self._exception\\n  File \\\"C:\\\\Users\\\\kfg4s\\\\AppData\\\\Local\\\\Programs\\\\Python\\\\Python311\\\\Lib\\\\concurrent\\\\futures\\\\thread.py\\\", line 58, in run\\n    result = self.fn(*self.args, **self.kwargs)\\n             ^^^^^^^^^^^^^^^^^^^^^^^^^^^^^^^^^^\\n  File \\\"C:\\\\Users\\\\kfg4s\\\\AppData\\\\Local\\\\Temp\\\\tmp13pv8hsd.py\\\", line 71, in run_search\\n    x, y, value = search_algorithm()\\n                  ^^^^^^^^^^^^^^^^^^\\n  File \\\"C:\\\\Users\\\\kfg4s\\\\AppData\\\\Local\\\\Temp\\\\tmp13pv8hsd.py\\\", line 28, in search_algorithm\\n    explore_probability = max(0.05, 0.3 - 0.25 * (_ / iterations)) # Decay from 0.3 to 0.05\\n                                                  ^\\nNameError: name '_' is not defined\\n\", \"suggestion\": \"Unexpected error occurred. Check the traceback for specific issue\"}", "artifact_dir": null}