{"id": "da29417d-a629-411a-8d0e-418aa81a9605", "code": "# EVOLVE-BLOCK-START\n\"\"\"Function minimization example for OpenEvolve\"\"\"\nimport numpy as np\n\n\ndef search_algorithm(iterations=1000, bounds=(-5, 5)):\n    \"\"\"\n    An improved search algorithm combining global exploration with adaptive local exploitation,\n    and mechanisms to escape local minima.\n\n    Args:\n        iterations: Number of iterations to run\n        bounds: Bounds for the search space (min, max)\n\n    Returns:\n        Tuple of (best_x, best_y, best_value)\n    \"\"\"\n    low, high = bounds\n    best_x = np.random.uniform(low, high)\n    best_y = np.random.uniform(low, high)\n    best_value = evaluate_function(best_x, best_y)\n\n    total_range = high - low\n\n    # Parameters for adaptive search strategy\n    initial_explore_prob = 0.7  # Start with high global exploration\n    min_explore_prob = 0.05     # Minimum global exploration probability\n    initial_local_std = total_range / 5.0 # Initial standard deviation for local search\n    min_local_std = 1e-4        # Minimum standard deviation to prevent stagnation\n    decay_exponent = 2.0        # Controls how fast exploration/step size decays (higher means faster decay)\n\n    # Parameters for escaping local minima\n    no_improvement_streak_limit = iterations // 20 # Trigger reset if no improvement for 5% of iterations\n    large_jump_factor = 2.0     # Factor to increase local std for a large jump\n    force_global_jump_prob = 0.5 # Probability of a full global jump when stuck\n\n    no_improvement_streak = 0\n\n    for i in range(iterations):\n        # Calculate current exploration probability and local search standard deviation\n        # Decay factor ensures more exploration early and more exploitation later\n        progress = i / iterations\n        decay_factor = (1.0 - progress)**decay_exponent\n\n        current_explore_prob = max(min_explore_prob, initial_explore_prob * decay_factor)\n        current_local_std = max(min_local_std, initial_local_std * decay_factor)\n\n        x_candidate, y_candidate = best_x, best_y # Initialize candidate with current best\n\n        perform_escape_attempt = False\n        if no_improvement_streak >= no_improvement_streak_limit:\n            perform_escape_attempt = True\n            no_improvement_streak = 0 # Reset streak after triggering an escape attempt\n\n        if perform_escape_attempt:\n            if np.random.rand() < force_global_jump_prob:\n                # Perform a full global jump\n                x_candidate = np.random.uniform(low, high)\n                y_candidate = np.random.uniform(low, high)\n            else:\n                # Perform a wider local jump around the current best\n                temp_local_std = current_local_std * large_jump_factor\n                x_candidate = np.random.normal(loc=best_x, scale=temp_local_std)\n                y_candidate = np.random.normal(loc=best_y, scale=temp_local_std)\n        elif np.random.rand() < current_explore_prob:\n            # Regular global exploration\n            x_candidate = np.random.uniform(low, high)\n            y_candidate = np.random.uniform(low, high)\n        else:\n            # Local exploitation: perturb the current best point using a normal distribution\n            x_candidate = np.random.normal(loc=best_x, scale=current_local_std)\n            y_candidate = np.random.normal(loc=best_y, scale=current_local_std)\n\n        # Clip candidate coordinates to stay within the defined bounds\n        x_candidate = np.clip(x_candidate, low, high)\n        y_candidate = np.clip(y_candidate, low, high)\n\n        value = evaluate_function(x_candidate, y_candidate)\n\n        if value < best_value:\n            best_value = value\n            best_x, best_y = x_candidate, y_candidate\n            no_improvement_streak = 0 # Reset streak on improvement\n        else:\n            no_improvement_streak += 1 # Increment streak if no improvement\n\n    return best_x, best_y, best_value\n\n\n# EVOLVE-BLOCK-END\n\n\n# This part remains fixed (not evolved)\ndef evaluate_function(x, y):\n    \"\"\"The complex function we're trying to minimize\"\"\"\n    return np.sin(x) * np.cos(y) + np.sin(x * y) + (x**2 + y**2) / 20\n\n\ndef run_search():\n    x, y, value = search_algorithm()\n    return x, y, value\n\n\nif __name__ == \"__main__\":\n    x, y, value = run_search()\n    print(f\"Found minimum at ({x}, {y}) with value {value}\")\n", "language": "python", "parent_id": "65bf5beb-78fa-462a-8b32-7ec42152e720", "generation": 2, "timestamp": 1759151920.3951144, "iteration_found": 49, "metrics": {"runs_successfully": 1.0, "value_score": 0.999685935949265, "distance_score": 0.9994941749336218, "combined_score": 1.4995368306820787, "reliability_score": 1.0}, "complexity": 0.0, "diversity": 0.0, "metadata": {"changes": "Change 1: Replace 26 lines with 81 lines", "parent_metrics": {"runs_successfully": 1.0, "value_score": 0.9777837890795421, "distance_score": 0.8648741166180801, "combined_score": 1.4225311942877927, "reliability_score": 1.0}, "island": 0}, "prompts": {"diff_user": {"system": "You are an expert programmer specializing in optimization algorithms. Your task is to improve a function minimization algorithm to find the global minimum of a complex function with many local minima. The function is f(x, y) = sin(x) * cos(y) + sin(x*y) + (x^2 + y^2)/20. Focus on improving the search_algorithm function to reliably find the global minimum, escaping local minima that might trap simple algorithms.", "user": "# Current Program Information\n- Fitness: 1.4225\n- Feature coordinates: No feature coordinates\n- Focus areas: - Fitness declined: 1.4989 \u00e2\u2020\u2019 1.4225. Consider revising recent changes.\n- Consider simplifying - code length exceeds 500 characters\n\n## Last Execution Output\n\n### stage1_result\n```\nFound solution at x=-1.8156, y=0.6364 with value=-1.5102\n```\n\n### distance_to_global\n```\n0.1191\n```\n\n### solution_quality\n```\nDistance < 0.5: Very close\n```\n\n### convergence_info\n```\nConverged in 10 trials with 10 successes\n```\n\n### best_position\n```\nFinal position: x=-1.6668, y=0.5901\n```\n\n### average_distance_to_global\n```\n0.1562\n```\n\n### search_efficiency\n```\nSuccess rate: 100.00%\n```\n\n# Program Evolution History\n## Previous Attempts\n\n### Attempt 3\n- Changes: Change 1: Replace 16 lines with 35 lines\n- Metrics: runs_successfully: 1.0000, value_score: 0.9997, distance_score: 0.9980, combined_score: 1.4989, reliability_score: 1.0000\n- Outcome: Mixed results\n\n### Attempt 2\n- Changes: Change 1: Replace 23 lines with 39 lines\nChange 2: Replace 3 lines with 12 lines\n- Metrics: runs_successfully: 1.0000, value_score: 0.9997, distance_score: 0.9993, combined_score: 1.4995, reliability_score: 1.0000\n- Outcome: Mixed results\n\n### Attempt 1\n- Changes: Change 1: Replace 25 lines with 63 lines\n- Metrics: runs_successfully: 1.0000, value_score: 0.9997, distance_score: 0.9995, combined_score: 1.4995, reliability_score: 1.0000\n- Outcome: Mixed results\n\n## Top Performing Programs\n\n### Program 1 (Score: 1.4995)\n```python\n# EVOLVE-BLOCK-START\n\"\"\"Function minimization example for OpenEvolve\"\"\"\nimport numpy as np\n\n\ndef search_algorithm(iterations=1000, bounds=(-5, 5)):\n    \"\"\"\n    A simple random search algorithm that often gets stuck in local minima.\n\n    Args:\n        iterations: Number of iterations to run\n        bounds: Bounds for the search space (min, max)\n\n    Returns:\n        Tuple of (best_x, best_y, best_value)\n    \"\"\"\n    # Initialize with a random point\n    best_x = np.random.uniform(bounds[0], bounds[1])\n    best_y = np.random.uniform(bounds[0], bounds[1])\n    best_value = evaluate_function(best_x, best_y)\n\n    total_range = bounds[1] - bounds[0]\n\n    # Parameters for adaptive search strategy\n    initial_explore_prob = 0.7  # Start with high global exploration\n    min_explore_prob = 0.05     # Minimum global exploration probability\n    initial_local_std = total_range / 5.0 # Initial standard deviation for local search\n    min_local_std = 1e-4        # Minimum standard deviation to prevent stagnation\n    decay_exponent = 2.0        # Controls how fast exploration/step size decays (higher means faster decay)\n\n    # Parameters for escaping local minima\n    no_improvement_streak_limit = iterations // 20 # Trigger reset if no improvement for 5% of iterations\n    large_jump_factor = 2.0     # Factor to increase local std for a large jump\n    force_global_jump_prob = 0.5 # Probability of a full global jump when stuck\n\n    no_improvement_streak = 0\n\n    for i in range(iterations):\n        # Calculate current exploration probability and local search standard deviation\n        # Decay factor ensures more exploration early and more exploitation later\n        progress = i / iterations\n        decay_factor = (1.0 - progress)**decay_exponent\n\n        current_explore_prob = max(min_explore_prob, initial_explore_prob * decay_factor)\n        current_local_std = max(min_local_std, initial_local_std * decay_factor)\n\n        x_candidate, y_candidate = best_x, best_y # Initialize candidate with current best\n\n        perform_escape_attempt = False\n        if no_improvement_streak >= no_improvement_streak_limit:\n            perform_escape_attempt = True\n            no_improvement_streak = 0 # Reset streak after triggering an escape attempt\n\n        if perform_escape_attempt:\n            if np.random.rand() < force_global_jump_prob:\n                # Perform a full global jump\n                x_candidate = np.random.uniform(bounds[0], bounds[1])\n                y_candidate = np.random.uniform(bounds[0], bounds[1])\n            else:\n                # Perform a wider local jump around the current best\n                temp_local_std = current_local_std * large_jump_factor\n                x_candidate = np.random.normal(loc=best_x, scale=temp_local_std)\n                y_candidate = np.random.normal(loc=best_y, scale=temp_local_std)\n        elif np.random.rand() < current_explore_prob:\n            # Regular global exploration\n            x_candidate = np.random.uniform(bounds[0], bounds[1])\n            y_candidate = np.random.uniform(bounds[0], bounds[1])\n        else:\n            # Local exploitation: perturb the current best point using a normal distribution\n            x_candidate = np.random.normal(loc=best_x, scale=current_local_std)\n            y_candidate = np.random.normal(loc=best_y, scale=current_local_std)\n\n        # Clip candidate coordinates to stay within the defined bounds\n        x_candidate = np.clip(x_candidate, bounds[0], bounds[1])\n        y_candidate = np.clip(y_candidate, bounds[0], bounds[1])\n\n        value = evaluate_function(x_candidate, y_candidate)\n\n        if value < best_value:\n            best_value = value\n            best_x, best_y = x_candidate, y_candidate\n            no_improvement_streak = 0 # Reset streak on improvement\n        else:\n            no_improvement_streak += 1 # Increment streak if no improvement\n\n    return best_x, best_y, best_value\n\n\n# EVOLVE-BLOCK-END\n\n\n# This part remains fixed (not evolved)\ndef evaluate_function(x, y):\n    \"\"\"The complex function we're trying to minimize\"\"\"\n    return np.sin(x) * np.cos(y) + np.sin(x * y) + (x**2 + y**2) / 20\n\n\ndef run_search():\n    x, y, value = search_algorithm()\n    return x, y, value\n\n\nif __name__ == \"__main__\":\n    x, y, value = run_search()\n    print(f\"Found minimum at ({x}, {y}) with value {value}\")\n\n```\nKey features: Performs well on runs_successfully (1.0000), Performs well on value_score (0.9997), Performs well on distance_score (0.9995), Performs well on combined_score (1.4995), Performs well on reliability_score (1.0000)\n\n### Program 2 (Score: 1.4995)\n```python\n# EVOLVE-BLOCK-START\n\"\"\"Function minimization example for OpenEvolve\"\"\"\nimport numpy as np\n\n\ndef search_algorithm(iterations=1000, bounds=(-5, 5)):\n    \"\"\"\n    A simple random search algorithm that often gets stuck in local minima.\n\n    Args:\n        iterations: Number of iterations to run\n        bounds: Bounds for the search space (min, max)\n\n    Returns:\n        Tuple of (best_x, best_y, best_value)\n    \"\"\"\n    # Initialize with a random point\n    best_x = np.random.uniform(bounds[0], bounds[1])\n    best_y = np.random.uniform(bounds[0], bounds[1])\n    best_value = evaluate_function(best_x, best_y)\n\n    total_range = bounds[1] - bounds[0]\n\n    for i in range(iterations):\n        # Gradually shift from global exploration to local exploitation\n        # `explore_prob` decreases over time, `current_local_span` shrinks\n        # Parameters for adaptive search\n        # Start with a higher exploration probability and decay it more gradually\n        # Using a linear decay for exploration probability for simplicity and predictability\n        explore_prob_initial = 0.5  # Higher initial exploration\n        explore_prob_final = 0.05   # Minimum exploration probability\n        explore_prob = explore_prob_initial - (explore_prob_initial - explore_prob_final) * (i / iterations)\n\n        # Temperature-like parameter to control local search step size.\n        # It starts high and cools down, allowing larger steps initially and finer steps later.\n        # This helps escape local minima by allowing larger jumps when \"hot\" (early)\n        # and fine-tuning when \"cold\" (late).\n        initial_temperature = 1.0 # A heuristic starting temperature\n        cooling_rate = 0.995      # Slower cooling rate for better exploration\n        temperature = initial_temperature * (cooling_rate ** i)\n        # Ensure temperature doesn't become too small to cause issues with acceptance probability\n        if temperature < 1e-6:\n            temperature = 1e-6\n\n        # Local search step size scales with temperature and a fraction of the total range.\n        # The maximum step size is a fraction (e.g., 15%) of the total range.\n        max_step_fraction = 0.15\n        # Scale step size by the current temperature relative to the initial temperature.\n        # This makes steps larger when temperature is high and smaller when it's low.\n        current_local_step_size = total_range * max_step_fraction * (temperature / initial_temperature)\n        # Ensure a minimum step size to avoid getting stuck if temperature is very low\n        min_local_step_size = 1e-4\n        current_local_step_size = max(min_local_step_size, current_local_step_size)\n\n        if np.random.rand() < explore_prob: # Global exploration\n            x_candidate = np.random.uniform(bounds[0], bounds[1])\n            y_candidate = np.random.uniform(bounds[0], bounds[1])\n        else: # Local exploitation around the current best point\n            # Use Gaussian perturbation with the adaptive step size\n            x_candidate = best_x + np.random.normal(0, current_local_step_size)\n            y_candidate = best_y + np.random.normal(0, current_local_step_size)\n\n            # Ensure candidate points are within global bounds\n            x_candidate = np.clip(x_candidate, bounds[0], bounds[1])\n            y_candidate = np.clip(y_candidate, bounds[0], bounds[1])\n\n        value = evaluate_function(x_candidate, y_candidate)\n\n        if value < best_value:\n            best_value = value\n            best_x, best_y = x_candidate, y_candidate\n\n    return best_x, best_y, best_value\n\n\n# EVOLVE-BLOCK-END\n\n\n# This part remains fixed (not evolved)\ndef evaluate_function(x, y):\n    \"\"\"The complex function we're trying to minimize\"\"\"\n    return np.sin(x) * np.cos(y) + np.sin(x * y) + (x**2 + y**2) / 20\n\n\ndef run_search(num_runs=10): # Add a parameter for the number of runs\n    best_overall_x, best_overall_y, best_overall_value = None, None, float('inf')\n\n    for run in range(num_runs):\n        x, y, value = search_algorithm()\n        if value < best_overall_value:\n            best_overall_value = value\n            best_overall_x, best_overall_y = x, y\n        # Optional: print progress for each run\n        # print(f\"Run {run+1}/{num_runs}: Found {value} at ({x}, {y})\")\n\n    return best_overall_x, best_overall_y, best_overall_value\n\n\nif __name__ == \"__main__\":\n    x, y, value = run_search()\n    print(f\"Found minimum at ({x}, {y}) with value {value}\")\n\n```\nKey features: Performs well on runs_successfully (1.0000), Performs well on value_score (0.9997), Performs well on distance_score (0.9993), Performs well on combined_score (1.4995), Performs well on reliability_score (1.0000)\n\n### Program 3 (Score: 1.4989)\n```python\n# EVOLVE-BLOCK-START\n\"\"\"Function minimization example for OpenEvolve\"\"\"\nimport numpy as np\n\n\ndef search_algorithm(iterations=1000, bounds=(-5, 5)):\n    \"\"\"\n    A simple random search algorithm that often gets stuck in local minima.\n\n    Args:\n        iterations: Number of iterations to run\n        bounds: Bounds for the search space (min, max)\n\n    Returns:\n        Tuple of (best_x, best_y, best_value)\n    \"\"\"\n    # Initialize with a random point\n    best_x = np.random.uniform(bounds[0], bounds[1])\n    best_y = np.random.uniform(bounds[0], bounds[1])\n    best_value = evaluate_function(best_x, best_y)\n\n    total_range = bounds[1] - bounds[0]\n\n    for i in range(iterations):\n        # Gradually shift from global exploration to local exploitation\n        # `explore_prob` decreases over time, `current_local_span` shrinks\n        # Minimum `explore_prob` of 0.05 ensures occasional global jumps to escape local minima\n        explore_prob = max(0.05, 1.0 - i / iterations)\n        # Local search span shrinks from 20% of total_range down to a very small value\n        current_local_span = total_range * (1.0 - i / iterations) * 0.2\n\n        if np.random.rand() < explore_prob: # Global exploration\n            x_candidate = np.random.uniform(bounds[0], bounds[1])\n            y_candidate = np.random.uniform(bounds[0], bounds[1])\n        else: # Local exploitation around the current best point\n            # Ensure local_span is not zero for sampling\n            half_span = max(1e-5, current_local_span / 2.0)\n            x_candidate = best_x + np.random.uniform(-half_span, half_span)\n            y_candidate = best_y + np.random.uniform(-half_span, half_span)\n\n            # Ensure candidate points are within global bounds\n            x_candidate = np.clip(x_candidate, bounds[0], bounds[1])\n            y_candidate = np.clip(y_candidate, bounds[0], bounds[1])\n\n        value = evaluate_function(x_candidate, y_candidate)\n\n        if value < best_value:\n            best_value = value\n            best_x, best_y = x_candidate, y_candidate\n\n    return best_x, best_y, best_value\n\n\n# EVOLVE-BLOCK-END\n\n\n# This part remains fixed (not evolved)\ndef evaluate_function(x, y):\n    \"\"\"The complex function we're trying to minimize\"\"\"\n    return np.sin(x) * np.cos(y) + np.sin(x * y) + (x**2 + y**2) / 20\n\n\ndef run_search():\n    x, y, value = search_algorithm()\n    return x, y, value\n\n\nif __name__ == \"__main__\":\n    x, y, value = run_search()\n    print(f\"Found minimum at ({x}, {y}) with value {value}\")\n\n```\nKey features: Performs well on runs_successfully (1.0000), Performs well on value_score (0.9997), Performs well on distance_score (0.9980), Performs well on combined_score (1.4989), Performs well on reliability_score (1.0000)\n\n\n\n## Diverse Programs\n\n### Program D1 (Score: 1.4987)\n```python\n# EVOLVE-BLOCK-START\n\"\"\"Function minimization example for OpenEvolve\"\"\"\nimport numpy as np\n\n\ndef search_algorithm(iterations=1000, bounds=(-5, 5)):\n    \"\"\"\n    A simple random search algorithm that often gets stuck in local minima.\n\n    Args:\n        iterations: Number of iterations to run\n        bounds: Bounds for the search space (min, max)\n\n    Returns:\n        Tuple of (best_x, best_y, best_value)\n    \"\"\"\n    # Initialize with a random point\n    best_x = np.random.uniform(bounds[0], bounds[1])\n    best_y = np.random.uniform(bounds[0], bounds[1])\n    best_value = evaluate_function(best_x, best_y)\n\n    total_range = bounds[1] - bounds[0]\n\n    for i in range(iterations):\n        # Gradually shift from global exploration to local exploitation\n        # `explore_prob` decreases over time, `current_local_span` shrinks\n        # Minimum `explore_prob` of 0.05 ensures occasional global jumps to escape local minima\n        explore_prob = max(0.05, 1.0 - i / iterations)\n        # Local search span shrinks from 20% of total_range down to a very small value\n        current_local_span = total_range * (1.0 - i / iterations) * 0.2\n\n        if np.random.rand() < explore_prob: # Global exploration\n            x_candidate = np.random.uniform(bounds[0], bounds[1])\n            y_candidate = np.random.uniform(bounds[0], bounds[1])\n        else: # Local exploitation around the current best point\n            # Ensure local_span is not zero for sampling\n            half_span = max(1e-5, current_local_span / 2.0)\n            x_candidate = best_x + np.random.uniform(-half_span, half_span)\n            y_candidate = best_y + np.random.uniform(-half_span, half_span)\n\n            # Ensure candidate points are within global bounds\n            x_candidate = np.clip(x_candidate, bounds[0], bounds[1])\n            y_candidate = np.clip(y_candidate, bounds[0], bounds[1])\n\n        value = evaluate_function(x_candidate, y_candidate)\n\n        if value < best_value:\n            best_value = value\n            best_x, best_y = x_candidate, y_candidate\n\n    return best_x, best_y, best_value\n\n\n# EVOLVE-BLOCK-END\n\n\n# This part remains fixed (not evolved)\ndef evaluate_function(x, y):\n    \"\"\"The complex function we're trying to minimize\"\"\"\n    return np.sin(x) * np.cos(y) + np.sin(x * y) + (x**2 + y**2) / 20\n\n\ndef run_search():\n    x, y, value = search_algorithm()\n    return x, y, value\n\n\nif __name__ == \"__main__\":\n    x, y, value = run_search()\n    print(f\"Found minimum at ({x}, {y}) with value {value}\")\n\n```\nKey features: Alternative approach to runs_successfully, Alternative approach to value_score\n\n### Program D2 (Score: 1.4979)\n```python\n# EVOLVE-BLOCK-START\n\"\"\"Function minimization example for OpenEvolve\"\"\"\nimport numpy as np\n\n\ndef search_algorithm(iterations=1000, bounds=(-5, 5)):\n    \"\"\"\n    A simple random search algorithm that often gets stuck in local minima.\n\n    Args:\n        iterations: Number of iterations to run\n        bounds: Bounds for the search space (min, max)\n\n    Returns:\n        Tuple of (best_x, best_y, best_value)\n    \"\"\"\n    # Initialize with a random point\n    best_x = np.random.uniform(bounds[0], bounds[1])\n    best_y = np.random.uniform(bounds[0], bounds[1])\n    best_value = evaluate_function(best_x, best_y)\n\n    total_range = bounds[1] - bounds[0]\n\n    for i in range(iterations):\n        # Gradually shift from global exploration to local exploitation\n        # `explore_prob` decreases over time, `current_local_span` shrinks\n        # Minimum `explore_prob` of 0.05 ensures occasional global jumps to escape local minima\n        # Start with a higher exploration probability and decay it more rapidly initially\n        explore_prob = max(0.05, 1.0 - (i / iterations)**1.5) \n\n        # Local search span shrinks from 20% of total_range down to a very small value\n        # This span also decays, ensuring finer local searches as we progress.\n        # The decay rate is controlled by (1.0 - i / iterations)**1.5 to mirror explore_prob\n        current_local_span = total_range * (1.0 - (i / iterations)**1.5) * 0.2\n\n        if np.random.rand() < explore_prob: # Global exploration\n            x_candidate = np.random.uniform(bounds[0], bounds[1])\n            y_candidate = np.random.uniform(bounds[0], bounds[1])\n        else: # Local exploitation around the current best point\n            # Ensure local_span is not zero for sampling\n            half_span = max(1e-5, current_local_span / 2.0)\n            # Use Gaussian perturbation for local search, which is often more effective\n            # than uniform for fine-tuning around a point.\n            x_candidate = best_x + np.random.normal(0, half_span)\n            y_candidate = best_y + np.random.normal(0, half_span)\n\n            # Ensure candidate points are within global bounds\n            x_candidate = np.clip(x_candidate, bounds[0], bounds[1])\n            y_candidate = np.clip(y_candidate, bounds[0], bounds[1])\n\n        value = evaluate_function(x_candidate, y_candidate)\n\n        if value < best_value:\n            best_value = value\n            best_x, best_y = x_candidate, y_candidate\n\n    return best_x, best_y, best_value\n\n\n# EVOLVE-BLOCK-END\n\n\n# This part remains fixed (not evolved)\ndef evaluate_function(x, y):\n    \"\"\"The complex function we're trying to minimize\"\"\"\n    return np.sin(x) * np.cos(y) + np.sin(x * y) + (x**2 + y**2) / 20\n\n\ndef run_search():\n    x, y, value = search_algorithm()\n    return x, y, value\n\n\nif __name__ == \"__main__\":\n    x, y, value = run_search()\n    print(f\"Found minimum at ({x}, {y}) with value {value}\")\n\n```\nKey features: Alternative approach to runs_successfully, Alternative approach to value_score\n\n## Inspiration Programs\n\nThese programs represent diverse approaches and creative solutions that may inspire new ideas:\n\n### Inspiration 1 (Score: 1.0284, Type: High-Performer)\n```python\n# EVOLVE-BLOCK-START\n\"\"\"Function minimization example for OpenEvolve\"\"\"\nimport numpy as np\n\n\ndef search_algorithm(iterations=1000, bounds=(-5, 5)):\n    \"\"\"\n    An improved search algorithm that combines global exploration with adaptive local exploitation.\n    It aims to escape local minima by gradually reducing exploration probability and\n    controlling the local search step size based on an adaptive \"temperature\".\n\n    Args:\n        iterations: Number of iterations to run\n        bounds: Bounds for the search space (min, max)\n\n    Returns:\n        Tuple of (best_x, best_y, best_value)\n    \"\"\"\n    low, high = bounds\n    best_x = np.random.uniform(low, high)\n    best_y = np.random.uniform(low, high)\n    best_value = evaluate_function(best_x, best_y)\n\n    total_range = high - low\n\n    # Parameters for adaptive search\n    # `explore_prob` decreases over time, transitioning from global to local search.\n    # Initial exploration probability is higher, decaying to a minimum to ensure occasional global jumps.\n    explore_prob_initial = 0.6  # Start with a significant exploration probability\n    explore_prob_final = 0.05   # Minimum exploration probability to avoid getting completely stuck\n    # Using a non-linear decay (e.g., quadratic) can allow for more exploration early on\n    # and a faster transition to local search.\n    decay_exponent = 2.0\n\n    # Temperature-like parameter to control local search step size.\n    # It starts high and cools down, allowing larger steps initially and finer steps later.\n    # This helps escape local minima by allowing larger jumps when \"hot\" (early)\n    # and fine-tuning when \"cold\" (late).\n    initial_temperature = 1.0 # A heuristic starting temperature\n    cooling_rate = 0.99       # A slower cooling rate generally allows for better exploration\n    # Ensure temperature doesn't become excessively small, leading to no movement.\n    min_temperature = 1e-5\n\n    for i in range(iterations):\n        # Calculate current exploration probability using a power decay\n        explore_prob = max(explore_prob_final, explore_prob_initial - (explore_prob_initial - explore_prob_final) * (i / iterations)**decay_exponent)\n\n        # Calculate current temperature, ensuring it doesn't drop below a minimum\n        temperature = initial_temperature * (cooling_rate ** i)\n        temperature = max(min_temperature, temperature)\n\n        # Local search step size scales with temperature and a fraction of the total range.\n        # The maximum step size is a fraction (e.g., 15%) of the total range.\n        max_step_fraction = 0.15\n        # Scale step size by the current temperature relative to the initial temperature.\n        # This makes steps larger when temperature is high and smaller when it's low.\n        current_local_step_size = total_range * max_step_fraction * (temperature / initial_temperature)\n\n        # Ensure a minimum step size to avoid getting stuck if temperature is very low\n        min_local_step_size = 1e-4\n        current_local_step_size = max(min_local_step_size, current_local_step_size)\n\n        if np.random.rand() < explore_prob: # Global exploration\n            x_candidate = np.random.uniform(low, high)\n            y_candidate = np.random.uniform(low, high)\n        else: # Local exploitation around the current best point\n            # Use Gaussian perturbation with the adaptive step size.\n            # Gaussian is generally preferred for local refinement around a point.\n            x_candidate = best_x + np.random.normal(0, current_local_step_size)\n            y_candidate = best_y + np.random.normal(0, current_local_step_size)\n\n            # Ensure candidate points are within global bounds\n            x_candidate = np.clip(x_candidate, low, high)\n            y_candidate = np.clip(y_candidate, low, high)\n\n        value_candidate = evaluate_function(x_candidate, y_candidate)\n\n        if value_candidate < best_value:\n            best_value = value_candidate\n            best_x, best_y = x_candidate, y_candidate\n\n    return best_x, best_y, best_value\n\n\n# EVOLVE-BLOCK-END\n\n\n# This part remains fixed (not evolved)\ndef evaluate_function(x, y):\n    \"\"\"The complex function we're trying to minimize\"\"\"\n    return np.sin(x) * np.cos(y) + np.sin(x * y) + (x**2 + y**2) / 20\n\n\ndef run_search():\n    x, y, value = search_algorithm()\n    return x, y, value\n\n\nif __name__ == \"__main__\":\n    x, y, value = run_search()\n    print(f\"Found minimum at ({x}, {y}) with value {value}\")\n\n```\nUnique approach: Modification: Change 1: Replace 27 lines with 77 lines\nChange 2: Replace 5 lines with 35 lines, Excellent runs_successfully (1.000), Excellent value_score (0.980)\n\n### Inspiration 2 (Score: 0.9723, Type: High-Performer)\n```python\n# EVOLVE-BLOCK-START\n\"\"\"Function minimization example for OpenEvolve\"\"\"\nimport numpy as np\n\n\ndef search_algorithm(iterations=1000, bounds=(-5, 5)):\n    \"\"\"\n    A simple random search algorithm that often gets stuck in local minima.\n\n    Args:\n        iterations: Number of iterations to run\n        bounds: Bounds for the search space (min, max)\n\n    Returns:\n        Tuple of (best_x, best_y, best_value)\n    \"\"\"\n    # Initialize with a random point\n    best_x = np.random.uniform(bounds[0], bounds[1])\n    best_y = np.random.uniform(bounds[0], bounds[1])\n    best_value = evaluate_function(best_x, best_y)\n\n    # Parameters for adaptive search strategy\n    # Initial probability for global exploration\n    initial_explore_prob = 0.4\n    # Minimum probability for global exploration to ensure escape from local minima\n    min_explore_prob = 0.05\n    # Base standard deviation for local search, relative to the search bounds\n    base_local_std = (bounds[1] - bounds[0]) / 10.0\n\n    # Parameters for adaptive search strategy\n    # Initial probability for global exploration\n    initial_explore_prob = 0.4\n    # Minimum probability for global exploration to ensure escape from local minima\n    min_explore_prob = 0.05\n    # Base standard deviation for local search, relative to the search bounds\n    base_local_std = (bounds[1] - bounds[0]) / 10.0\n\n    # Parameters for detecting and escaping local minima\n    # If no improvement for this many iterations, trigger a \"jump\"\n    no_improvement_streak_limit = int(iterations * 0.05) # e.g., 5% of total iterations\n    # Factor to temporarily increase exploration probability and local step size\n    jump_boost_factor = 1.5\n\n    no_improvement_streak = 0\n    current_explore_prob_multiplier = 1.0 # Multiplier for exploration probability\n    current_local_std_multiplier = 1.0  # Multiplier for local standard deviation\n\n    for i in range(iterations):\n        # Calculate current exploration probability, decaying over time\n        # This ensures broad exploration early and focused exploitation later.\n        # The decay is controlled by (1 - i/iterations)^power to allow for different decay rates.\n        # Using power=1.5 for a slightly faster initial decay than linear.\n        decay_factor = (1.0 - i / iterations)**1.5\n        \n        # Apply decay and the jump boost multiplier\n        effective_explore_prob = max(min_explore_prob, initial_explore_prob * decay_factor * current_explore_prob_multiplier)\n\n        # Adjust local search standard deviation: wider at the start, narrower towards the end.\n        # This ensures more exploration in local neighborhoods early on and finer tuning later.\n        # The decay rate here is also controlled by decay_factor.\n        effective_local_std = base_local_std * decay_factor * current_local_std_multiplier\n        # Ensure a minimum standard deviation to prevent getting stuck\n        effective_local_std = max(1e-5, effective_local_std)\n\n        if np.random.rand() < effective_explore_prob:\n            # Global exploration: sample randomly across the entire search space\n            x_candidate = np.random.uniform(bounds[0], bounds[1])\n            y_candidate = np.random.uniform(bounds[0], bounds[1])\n        else:\n            # Local exploitation: perturb around the current best point using a Gaussian distribution\n            # The scale of perturbation shrinks as decay_factor decreases.\n            x_candidate = np.random.normal(loc=best_x, scale=effective_local_std)\n            y_candidate = np.random.normal(loc=best_y, scale=effective_local_std)\n\n            # Clip candidate coordinates to ensure they stay within the defined bounds\n            x_candidate = np.clip(x_candidate, bounds[0], bounds[1])\n            y_candidate = np.clip(y_candidate, bounds[0], bounds[1])\n\n        value_candidate = evaluate_function(x_candidate, y_candidate)\n\n        if value_candidate < best_value:\n            best_value = value_candidate\n            best_x, best_y = x_candidate, y_candidate\n            # Reset streak when an improvement is found\n            no_improvement_streak = 0\n            # Reset multipliers if we found a new best\n            current_explore_prob_multiplier = 1.0\n            current_local_std_multiplier = 1.0\n        else:\n            no_improvement_streak += 1\n\n        # If stuck, temporarily boost exploration and local search step size\n        if no_improvement_streak >= no_improvement_streak_limit:\n            current_explore_prob_multiplier = jump_boost_factor\n            current_local_std_multiplier = jump_boost_factor\n            # Reset streak after applying the boost to avoid continuous boosting\n            # (This is one strategy; another could be to apply boost for a fixed number of iterations)\n            no_improvement_streak = 0 # Reset streak to avoid immediate re-triggering\n\n    return best_x, best_y, best_value\n\n\n# EVOLVE-BLOCK-END\n\n\n# This part remains fixed (not evolved)\ndef evaluate_function(x, y):\n    \"\"\"The complex function we're trying to minimize\"\"\"\n    return np.sin(x) * np.cos(y) + np.sin(x * y) + (x**2 + y**2) / 20\n\n\ndef run_search():\n    x, y, value = search_algorithm()\n    return x, y, value\n\n\nif __name__ == \"__main__\":\n    x, y, value = run_search()\n    print(f\"Found minimum at ({x}, {y}) with value {value}\")\n\n```\nUnique approach: Modification: Change 1: Replace 32 lines with 69 lines, Excellent runs_successfully (1.000), Excellent value_score (0.947)\n\n### Inspiration 3 (Score: 1.2148, Type: High-Performer)\n```python\n# EVOLVE-BLOCK-START\n\"\"\"Function minimization example for OpenEvolve\"\"\"\nimport numpy as np\n\n\ndef search_algorithm(iterations=1000, bounds=(-5, 5)):\n    \"\"\"\n    A simple random search algorithm that often gets stuck in local minima.\n\n    Args:\n        iterations: Number of iterations to run\n        bounds: Bounds for the search space (min, max)\n\n    Returns:\n        Tuple of (best_x, best_y, best_value)\n    \"\"\"\n    # Initialize with a random point\n    best_x = np.random.uniform(bounds[0], bounds[1])\n    best_y = np.random.uniform(bounds[0], bounds[1])\n    best_value = evaluate_function(best_x, best_y)\n\n    for _ in range(iterations):\n        # Simple random search\n        x = np.random.uniform(bounds[0], bounds[1])\n        y = np.random.uniform(bounds[0], bounds[1])\n        value = evaluate_function(x, y)\n\n        if value < best_value:\n            best_value = value\n            best_x, best_y = x, y\n\n    return best_x, best_y, best_value\n\n\n# EVOLVE-BLOCK-END\n\n\n# This part remains fixed (not evolved)\ndef evaluate_function(x, y):\n    \"\"\"The complex function we're trying to minimize\"\"\"\n    return np.sin(x) * np.cos(y) + np.sin(x * y) + (x**2 + y**2) / 20\n\n\ndef run_search():\n    x, y, value = search_algorithm()\n    return x, y, value\n\n\nif __name__ == \"__main__\":\n    x, y, value = run_search()\n    print(f\"Found minimum at ({x}, {y}) with value {value}\")\n\n```\nUnique approach: Excellent runs_successfully (1.000), Excellent value_score (0.942), Excellent combined_score (1.215)\n\n# Current Program\n```python\n# EVOLVE-BLOCK-START\n\"\"\"Function minimization example for OpenEvolve\"\"\"\nimport numpy as np\n\n\ndef search_algorithm(iterations=1000, bounds=(-5, 5)):\n    \"\"\"\n    A simple random search algorithm that often gets stuck in local minima.\n\n    Args:\n        iterations: Number of iterations to run\n        bounds: Bounds for the search space (min, max)\n\n    Returns:\n        Tuple of (best_x, best_y, best_value)\n    \"\"\"\n    # Initialize with a random point\n    best_x = np.random.uniform(bounds[0], bounds[1])\n    best_y = np.random.uniform(bounds[0], bounds[1])\n    best_value = evaluate_function(best_x, best_y)\n\n    for _ in range(iterations):\n        # Simple random search\n        x = np.random.uniform(bounds[0], bounds[1])\n        y = np.random.uniform(bounds[0], bounds[1])\n        value = evaluate_function(x, y)\n\n        if value < best_value:\n            best_value = value\n            best_x, best_y = x, y\n\n    return best_x, best_y, best_value\n\n\n# EVOLVE-BLOCK-END\n\n\n# This part remains fixed (not evolved)\ndef evaluate_function(x, y):\n    \"\"\"The complex function we're trying to minimize\"\"\"\n    return np.sin(x) * np.cos(y) + np.sin(x * y) + (x**2 + y**2) / 20\n\n\ndef run_search():\n    x, y, value = search_algorithm()\n    return x, y, value\n\n\nif __name__ == \"__main__\":\n    x, y, value = run_search()\n    print(f\"Found minimum at ({x}, {y}) with value {value}\")\n\n```\n\n# Task\nSuggest improvements to the program that will improve its FITNESS SCORE.\nThe system maintains diversity across these dimensions: complexity, diversity\nDifferent solutions with similar fitness but different features are valuable.\n\nYou MUST use the exact SEARCH/REPLACE diff format shown below to indicate changes:\n\n<<<<<<< SEARCH\n# Original code to find and replace (must match exactly)\n=======\n# New replacement code\n>>>>>>> REPLACE\n\nExample of valid diff format:\n<<<<<<< SEARCH\nfor i in range(m):\n    for j in range(p):\n        for k in range(n):\n            C[i, j] += A[i, k] * B[k, j]\n=======\n# Reorder loops for better memory access pattern\nfor i in range(m):\n    for k in range(n):\n        for j in range(p):\n            C[i, j] += A[i, k] * B[k, j]\n>>>>>>> REPLACE\n\nYou can suggest multiple changes. Each SEARCH section must exactly match code in the current program.\nBe thoughtful about your changes and explain your reasoning thoroughly.\n\nIMPORTANT: Do not rewrite the entire program - focus on targeted improvements.", "responses": ["The current program uses a simple random search, which is inefficient for complex functions with many local minima. This approach often gets trapped in local minima or takes an excessive number of iterations to find a good solution by pure chance, leading to a lower fitness score.\n\nTo improve the `search_algorithm` function, I will implement an adaptive search strategy that combines global exploration with local exploitation, and includes specific mechanisms to escape local minima. This strategy is inspired by the top-performing programs in the evolution history.\n\nKey improvements:\n1.  **Adaptive Exploration/Exploitation**: The algorithm will gradually transition from broad global exploration (sampling widely across the search space) to focused local exploitation (perturbing around the current best solution). This is controlled by a decaying `explore_prob` and a shrinking `local_std` (standard deviation for local perturbations).\n2.  **Gaussian Local Search**: Instead of uniform sampling in a small box, local exploitation will use Gaussian perturbations. Gaussian distributions are often more effective for fine-tuning solutions around a promising point.\n3.  **Local Minima Escape Mechanism**: The algorithm will track a `no_improvement_streak`. If no better solution is found for a certain number of iterations, it will trigger an \"escape attempt.\" This attempt involves either a full global jump (restarting exploration from a new random point) or a significantly wider local jump, helping the search escape potential local minima.\n4.  **Parameter Decay**: Parameters like exploration probability and local search step size will decay over iterations using a power law, allowing for more aggressive exploration early on and precise refinement later.\n\nThese changes will make the algorithm more robust and reliable in finding the global minimum, leading to a higher fitness score. While this increases the code complexity, it is necessary to overcome the limitations of a simple random search for this type of problem, and aligns with the strategies of the top-performing programs.\n\n<<<<<<< SEARCH\n    \"\"\"\n    A simple random search algorithm that often gets stuck in local minima.\n\n    Args:\n        iterations: Number of iterations to run\n        bounds: Bounds for the search space (min, max)\n\n    Returns:\n        Tuple of (best_x, best_y, best_value)\n    \"\"\"\n    # Initialize with a random point\n    best_x = np.random.uniform(bounds[0], bounds[1])\n    best_y = np.random.uniform(bounds[0], bounds[1])\n    best_value = evaluate_function(best_x, best_y)\n\n    for _ in range(iterations):\n        # Simple random search\n        x = np.random.uniform(bounds[0], bounds[1])\n        y = np.random.uniform(bounds[0], bounds[1])\n        value = evaluate_function(x, y)\n\n        if value < best_value:\n            best_value = value\n            best_x, best_y = x, y\n\n    return best_x, best_y, best_value\n=======\n    \"\"\"\n    An improved search algorithm combining global exploration with adaptive local exploitation,\n    and mechanisms to escape local minima.\n\n    Args:\n        iterations: Number of iterations to run\n        bounds: Bounds for the search space (min, max)\n\n    Returns:\n        Tuple of (best_x, best_y, best_value)\n    \"\"\"\n    low, high = bounds\n    best_x = np.random.uniform(low, high)\n    best_y = np.random.uniform(low, high)\n    best_value = evaluate_function(best_x, best_y)\n\n    total_range = high - low\n\n    # Parameters for adaptive search strategy\n    initial_explore_prob = 0.7  # Start with high global exploration\n    min_explore_prob = 0.05     # Minimum global exploration probability\n    initial_local_std = total_range / 5.0 # Initial standard deviation for local search\n    min_local_std = 1e-4        # Minimum standard deviation to prevent stagnation\n    decay_exponent = 2.0        # Controls how fast exploration/step size decays (higher means faster decay)\n\n    # Parameters for escaping local minima\n    no_improvement_streak_limit = iterations // 20 # Trigger reset if no improvement for 5% of iterations\n    large_jump_factor = 2.0     # Factor to increase local std for a large jump\n    force_global_jump_prob = 0.5 # Probability of a full global jump when stuck\n\n    no_improvement_streak = 0\n\n    for i in range(iterations):\n        # Calculate current exploration probability and local search standard deviation\n        # Decay factor ensures more exploration early and more exploitation later\n        progress = i / iterations\n        decay_factor = (1.0 - progress)**decay_exponent\n\n        current_explore_prob = max(min_explore_prob, initial_explore_prob * decay_factor)\n        current_local_std = max(min_local_std, initial_local_std * decay_factor)\n\n        x_candidate, y_candidate = best_x, best_y # Initialize candidate with current best\n\n        perform_escape_attempt = False\n        if no_improvement_streak >= no_improvement_streak_limit:\n            perform_escape_attempt = True\n            no_improvement_streak = 0 # Reset streak after triggering an escape attempt\n\n        if perform_escape_attempt:\n            if np.random.rand() < force_global_jump_prob:\n                # Perform a full global jump\n                x_candidate = np.random.uniform(low, high)\n                y_candidate = np.random.uniform(low, high)\n            else:\n                # Perform a wider local jump around the current best\n                temp_local_std = current_local_std * large_jump_factor\n                x_candidate = np.random.normal(loc=best_x, scale=temp_local_std)\n                y_candidate = np.random.normal(loc=best_y, scale=temp_local_std)\n        elif np.random.rand() < current_explore_prob:\n            # Regular global exploration\n            x_candidate = np.random.uniform(low, high)\n            y_candidate = np.random.uniform(low, high)\n        else:\n            # Local exploitation: perturb the current best point using a normal distribution\n            x_candidate = np.random.normal(loc=best_x, scale=current_local_std)\n            y_candidate = np.random.normal(loc=best_y, scale=current_local_std)\n\n        # Clip candidate coordinates to stay within the defined bounds\n        x_candidate = np.clip(x_candidate, low, high)\n        y_candidate = np.clip(y_candidate, low, high)\n\n        value = evaluate_function(x_candidate, y_candidate)\n\n        if value < best_value:\n            best_value = value\n            best_x, best_y = x_candidate, y_candidate\n            no_improvement_streak = 0 # Reset streak on improvement\n        else:\n            no_improvement_streak += 1 # Increment streak if no improvement\n\n    return best_x, best_y, best_value\n>>>>>>> REPLACE"]}}, "artifacts_json": "{\"stage1_result\": \"Found solution at x=-1.7041, y=0.6775 with value=-1.5187\", \"distance_to_global\": \"0.0005\", \"solution_quality\": \"Distance < 0.5: Very close\", \"convergence_info\": \"Converged in 10 trials with 10 successes\", \"best_position\": \"Final position: x=-1.7040, y=0.6775\", \"average_distance_to_global\": \"0.0005\", \"search_efficiency\": \"Success rate: 100.00%\"}", "artifact_dir": null}