{"id": "95838db1-aacc-4eb4-a42d-bcb01ba2141a", "code": "# EVOLVE-BLOCK-START\n\"\"\"Constructor-based circle packing for n=26 circles\"\"\"\nimport numpy as np\n\n\ndef construct_packing():\n    \"\"\"\n    Construct a specific arrangement of 26 circles in a unit square\n    that attempts to maximize the sum of their radii.\n\n    Returns:\n        Tuple of (centers, radii, sum_of_radii)\n        centers: np.array of shape (26, 2) with (x, y) coordinates\n        radii: np.array of shape (26) with radius of each circle\n        sum_of_radii: Sum of all radii\n    \"\"\"\n    # Initialize arrays for 26 circles\n    n = 26\n    centers = np.zeros((n, 2))\n\n    # Place circles in a structured pattern\n    # This is a simple pattern - evolution will improve this\n\n    # First, place a large circle in the center\n    centers[0] = [0.5, 0.5]\n\n    # Place 8 circles around it in a ring\n    for i in range(8):\n        angle = 2 * np.pi * i / 8\n        centers[i + 1] = [0.5 + 0.3 * np.cos(angle), 0.5 + 0.3 * np.sin(angle)]\n\n    # Place 16 more circles in an outer ring\n    for i in range(16):\n        angle = 2 * np.pi * i / 16\n        centers[i + 9] = [0.5 + 0.7 * np.cos(angle), 0.5 + 0.7 * np.sin(angle)]\n\n    # Additional positioning adjustment to make sure all circles\n    # are inside the square and don't overlap\n    # Clip to ensure everything is inside the unit square\n    centers = np.clip(centers, 0.01, 0.99)\n\n    # Compute maximum valid radii for this configuration\n    radii = compute_max_radii(centers)\n\n    # Calculate the sum of radii\n    sum_radii = np.sum(radii)\n\n    return centers, radii, sum_radii\n\n\ndef compute_max_radii(centers):\n    \"\"\"\n    Compute the maximum possible radii for each circle position\n    such that they don't overlap and stay within the unit square.\n\n    Args:\n        centers: np.array of shape (n, 2) with (x, y) coordinates\n\n    Returns:\n        np.array of shape (n) with radius of each circle\n    \"\"\"\n    n = centers.shape[0]\n    radii = np.ones(n)\n\n    # First, limit by distance to square borders\n    for i in range(n):\n        x, y = centers[i]\n        # Distance to borders\n        radii[i] = min(x, y, 1 - x, 1 - y)\n\n    # Then, limit by distance to other circles\n    # Each pair of circles with centers at distance d can have\n    # sum of radii at most d to avoid overlap\n    for i in range(n):\n        for j in range(i + 1, n):\n            dist = np.sqrt(np.sum((centers[i] - centers[j]) ** 2))\n\n            # If current radii would cause overlap\n            if radii[i] + radii[j] > dist:\n                # Scale both radii proportionally\n                scale = dist / (radii[i] + radii[j])\n                radii[i] *= scale\n                radii[j] *= scale\n\n    return radii\n\n\n# EVOLVE-BLOCK-END\n\n\n# This part remains fixed (not evolved)\ndef run_packing():\n    \"\"\"Run the circle packing constructor for n=26\"\"\"\n    centers, radii, sum_radii = construct_packing()\n    return centers, radii, sum_radii\n\n\ndef visualize(centers, radii):\n    \"\"\"\n    Visualize the circle packing\n\n    Args:\n        centers: np.array of shape (n, 2) with (x, y) coordinates\n        radii: np.array of shape (n) with radius of each circle\n    \"\"\"\n    import matplotlib.pyplot as plt\n    from matplotlib.patches import Circle\n\n    fig, ax = plt.subplots(figsize=(8, 8))\n\n    # Draw unit square\n    ax.set_xlim(0, 1)\n    ax.set_ylim(0, 1)\n    ax.set_aspect(\"equal\")\n    ax.grid(True)\n\n    # Draw circles\n    for i, (center, radius) in enumerate(zip(centers, radii)):\n        circle = Circle(center, radius, alpha=0.5)\n        ax.add_patch(circle)\n        ax.text(center[0], center[1], str(i), ha=\"center\", va=\"center\")\n\n    plt.title(f\"Circle Packing (n={len(centers)}, sum={sum(radii):.6f})\")\n    plt.show()\n\n\nif __name__ == \"__main__\":\n    centers, radii, sum_radii = run_packing()\n    print(f\"Sum of radii: {sum_radii}\")\n    # AlphaEvolve improved this to 2.635\n\n    # Uncomment to visualize:\n    visualize(centers, radii)\n", "language": "python", "parent_id": null, "generation": 0, "timestamp": 1759159407.6952424, "iteration_found": 0, "metrics": {"validity": 0.0, "combined_score": 0.0, "error": "Process exited with code 1"}, "complexity": 0.0, "diversity": 0.0, "metadata": {"island": 0}, "prompts": null, "artifacts_json": null, "artifact_dir": null}